
************************ CDE simulation ************************

- Start date:    07/03/2025
- Start time:    08:44:55

- The input filename is: input                                             

================================================================
                INPUT FILE INTERPRETATION FOLLOWS               
================================================================

- The input filename is: input                                             

# COMMENT: This input file demonstrates a CINEB refinement.                                                    
# COMMENT: We use the quickmin method here, and orca                                                           
# COMMENT: for PES calculations.                                                                               

- Number of images per path:    10
- Calculation type:  PATH REFINEMENT
- Start-point structure file:  start.xyz                                         
- End-point structure file:  end.xyz                                           
- Starting path file:  path.xyz                                          
- Random number seed:     5
- Initial path initialization type:  LINEAR
- Start from path?:  T
- IDPP interpolation :  T

# COMMENT: path optimization                                                                                   

- Path refinement method:  CLIMBING-IMAGE NUDGED ELASTIC BAND
- (CI)NEB optimization method:  QUICKMIN
- Maximum number of NEB iteractions:      50
- Make variable spring strengths with threshold?:  0.010000
- Climbing-image start criterion (au):      0.00100000
- NEB spring constant:        0.050000
- NEB NORM force-convergence criterion (au):      0.00200000
- NEB optimization step-size:       10.000000
- NEB output frequency:       1
- Strip inactive molecules before path optimization?:  F
- Optimize end-points before NEB run:  F
- Optimize end-points during NEB run:  F
- Use graph-restrain potential during NEB:  F
- Reconnect end-points after optimization:  F

# COMMENT: constraints                                                                                         
- Number of fixed DOFs:     0
- Number of fixed atoms:     0

# COMMENT: PES input                                                                                           
- PES evaluations for FULL system being used...
- PES type:  orca
- PES calculation template file:  orca.head
- PES type for geometry optimization:  orca
- Geometry optimisation template file:  orca.min
- PES calculation executable:  /Users/scott/programs/orca/orca
- PES geometry optimization executable:  /Users/scott/programs/orca/orca




================================================================
                 END OF INPUT FILE INTERPRETATION                   
================================================================

*************** Finished reading input parameters **************

* Starting path optimization...

- Initial path written to initial_path.xyz
* Starting IDPP force optimisation...
Max. force tolerance:    0.00020000

Iteration    |Force|       Max. Force
     1           0.26383730    1.83081733
     2           0.00815656    0.05189676
     3           0.01128108    0.06463763
     4           0.00323187    0.01610271
     5           0.00368451    0.01982235
     6           0.00394371    0.01958825
     7           0.00476372    0.02383474
     8           0.00388639    0.02077934
     9           0.01755743    0.11954858
    10           0.00272800    0.01583864
    11           0.00309774    0.01894323
    12           0.00534782    0.03568633
    13           0.00284914    0.01712951
    14           0.00304752    0.01877128
    15           0.00555410    0.03728377
    16           0.00274723    0.01659898
    17           0.00310540    0.01948352
    18           0.00430843    0.02847122
    19           0.00304320    0.01914128
    20           0.00183901    0.00925676
    21           0.00422190    0.02792033
    22           0.00304900    0.01925630
    23           0.00170129    0.00799433
    24           0.00362002    0.02354186
    25           0.00312648    0.01986609
    26           0.00144705    0.00771624
    27           0.00187312    0.00972461
    28           0.00444194    0.02955160
    29           0.00299441    0.01889648
    30           0.00206545    0.01148488
    31           0.00527381    0.03552411
    32           0.00276723    0.01718290
    33           0.00296094    0.01867727
    34           0.00563272    0.03808811
    35           0.00265316    0.01632560
    36           0.00309358    0.01970571
    37           0.00361514    0.02359055
    38           0.00311258    0.01986337
    39           0.00140451    0.00774173
    40           0.00182195    0.00946327
    41           0.00430792    0.02865210
    42           0.00300803    0.01910284
    43           0.00183802    0.00965086
    44           0.00439686    0.02930574
    45           0.00298601    0.01895495
    46           0.00198658    0.01100516
    47           0.00504369    0.03394680
    48           0.00281620    0.01768224
    49           0.00279357    0.01751564
    50           0.00645066    0.04391678
    51           0.00237558    0.01426378
    52           0.00303237    0.01934068
    53           0.00155078    0.00776006
    54           0.00312312    0.02003102
    55           0.00309730    0.01984033
    56           0.00297773    0.01894699
    57           0.00307905    0.01971100
    58           0.00358724    0.02347809
    59           0.00309962    0.01987154
    60           0.00140494    0.00776639
    61           0.00186684    0.01007097
    62           0.00459402    0.03077012
    63           0.00292784    0.01859219
    64           0.00228724    0.01362200
    65           0.00615297    0.04184118
    66           0.00246076    0.01500790
    67           0.00308597    0.01979151
    68           0.00119908    0.00777329
    69           0.00131454    0.00777483
    70           0.00200282    0.01129585
    71           0.00265157    0.01650814
    72           0.00667436    0.04551962
    73           0.00229211    0.01368864
    74           0.00295586    0.01882994
    75           0.00208560    0.01200875
    76           0.00549943    0.03723306
    77           0.00266423    0.01661744
    78           0.00303988    0.01946854
    79           0.00431955    0.02882412
    80           0.00298580    0.01906546
    81           0.00185136    0.01001756
    82           0.00456585    0.03059356
    83           0.00292847    0.01863833
    84           0.00224486    0.01333588
    85           0.00604776    0.04111500
    86           0.00248791    0.01526678
    87           0.00309307    0.01987811
    88           0.00141723    0.00778630
    89           0.00191268    0.01057513
    90           0.00483357    0.03251185
    91           0.00285739    0.01811166
    92           0.00258568    0.01603683
    93           0.00668290    0.04559087
    94           0.00228374    0.01366327
    95           0.00294873    0.01880499
    96           0.00210279    0.01219575
    97           0.00558128    0.03782494
    98           0.00263419    0.01641649
    99           0.00306013    0.01964404
   100           0.00382151    0.02524392
   101           0.00306774    0.01970217
   102           0.00115137    0.00779287
   103           0.00116639    0.00779399
   104           0.00123455    0.00779368
   105           0.00164295    0.00814840
   106           0.00227762    0.01363014
   107           0.00615522    0.04188114
   108           0.00244977    0.01499399
   109           0.00307829    0.01978644
   110           0.00117440    0.00779596
   111           0.00127366    0.00779701
   112           0.00186266    0.01017495
   113           0.00252812    0.01561046
   114           0.00665098    0.04537209
   115           0.00229084    0.01374195
   116           0.00295705    0.01888273
   117           0.00202874    0.01160307
   118           0.00531575    0.03595062
   119           0.00271409    0.01704479
   120           0.00296144    0.01891840
   121           0.00532787    0.03603716
   122           0.00271015    0.01701638
   123           0.00296727    0.01896347
   124           0.00526465    0.03558944
   125           0.00272913    0.01716267
   126           0.00293433    0.01871737
   127           0.00558149    0.03783439
   128           0.00263108    0.01641338
   129           0.00305827    0.01964681
   130           0.00381299    0.02519429
   131           0.00306650    0.01970868
   132           0.00114387    0.00780259
   133           0.00115214    0.00780352
   134           0.00119161    0.00780308
   135           0.00142817    0.00780400
   136           0.00194447    0.01090350
   137           0.00498956    0.03363778
   138           0.00280931    0.01777752
   139           0.00273758    0.01723379
   140           0.00654774    0.04464966
   141           0.00232151    0.01400138
   142           0.00298781    0.01912372
   143           0.00177845    0.00945124
   144           0.00429035    0.02864287
   145           0.00298533    0.01910597
   146           0.00179797    0.00962861
   147           0.00437634    0.02926048
   148           0.00296662    0.01896648
   149           0.00194485    0.01091356
   150           0.00499442    0.03367413
   151           0.00280734    0.01776646
   152           0.00274156    0.01726809
   153           0.00653789    0.04458142
   154           0.00232399    0.01402591
   155           0.00299026    0.01914532
   156           0.00175339    0.00923117
   157           0.00418374    0.02787826
   158           0.00300638    0.01926670
   159           0.00161087    0.00788943
   160           0.00354103    0.02321947
   161           0.00308953    0.01988824
   162           0.00145798    0.00780862
   163           0.00200095    0.01139505
   164           0.00522037    0.03528048
   165           0.00274059    0.01726269
   166           0.00290770    0.01852843
   167           0.00578425    0.03927191
   168           0.00256499    0.01591678
   169           0.00308943    0.01988901
   170           0.00262020    0.01634450
   171           0.00298608    0.01911765
   172           0.00502831    0.03391711
   173           0.00279691    0.01769211
   174           0.00277016    0.01749026
   175           0.00646164    0.04404629
   176           0.00234749    0.01421814
   177           0.00301121    0.01930614
   178           0.00156181    0.00781090
   179           0.00331741    0.02158046
   180           0.00309368    0.01992234
   181           0.00214665    0.01260781
   182           0.00275854    0.01740333
   183           0.00649416    0.04427533
   184           0.00233691    0.01413590
   185           0.00300211    0.01923919
   186           0.00164281    0.00821074
   187           0.00369311    0.02433214
   188           0.00307772    0.01980432
   189           0.00118766    0.00781284
   190           0.00134870    0.00781229
   191           0.00228679    0.01374064
   192           0.00284302    0.01804485
   193           0.00617650    0.04203979
   194           0.00243846    0.01493753
   195           0.00307200    0.01976248
   196           0.00114623    0.00781291
   197           0.00118280    0.00781365
   198           0.00140117    0.00781310
   199           0.00189780    0.01052502
   200           0.00480959    0.03236218
   201           0.00285760    0.01815516
   202           0.00255640    0.01585739
   203           0.00667620    0.04555574
   204           0.00227873    0.01367654
   205           0.00294570    0.01881872
   206           0.00208384    0.01209657
   207           0.00553890    0.03753950
   208           0.00264174    0.01651399
   209           0.00304547    0.01956625
   210           0.00406239    0.02700873
   211           0.00302752    0.01943208
   212           0.00140351    0.00781431
   213           0.00256400    0.01591794
   214           0.00296668    0.01897754
   215           0.00524654    0.03546883
   216           0.00273164    0.01720192
   217           0.00292245    0.01864591
   218           0.00566373    0.03842254
   219           0.00260223    0.01621160
   220           0.00307347    0.01977597
   221           0.00331626    0.02157585
   222           0.00309313    0.01992248
   223           0.00214809    0.01262683
   224           0.00275950    0.01741553
   225           0.00649061    0.04425146
   226           0.00233722    0.01414507
   227           0.00300253    0.01924650
   228           0.00163299    0.00812713
   229           0.00365339    0.02404598
   230           0.00308070    0.01983043
   231           0.00123448    0.00781627
   232           0.00150423    0.00781570
   233           0.00305349    0.01962896
   234           0.00307687    0.01980231
   235           0.00318947    0.02063994
   236           0.00308838    0.01988816
   237           0.00263059    0.01643292
   238           0.00298889    0.01914574
   239           0.00498236    0.03359349
   240           0.00280897    0.01779110
   241           0.00272994    0.01719204
   242           0.00656180    0.04475234
   243           0.00231434    0.01396561
   244           0.00298166    0.01909154
   245           0.00181092    0.00977161
   246           0.00444612    0.02976763
   247           0.00294889    0.01884605
   248           0.00205827    0.01189042
   249           0.00544746    0.03689346
   250           0.00266972    0.01673228
   251           0.00301577    0.01934759
   252           0.00459910    0.03086216
   253           0.00291192    0.01856870
   254           0.00228927    0.01376778
   255           0.00620558    0.04224600
   256           0.00242818    0.01486465
   257           0.00306672    0.01972786
   258           0.00113478    0.00781702
   259           0.00113481    0.00781770
   260           0.00113506    0.00781711
   261           0.00113646    0.00781778
   262           0.00114434    0.00781719
   263           0.00118190    0.00781786
   264           0.00140604    0.00781727
   265           0.00190935    0.01063447
   266           0.00486242    0.03274073
   267           0.00284238    0.01804548
   268           0.00261339    0.01630251
   269           0.00668819    0.04564101
   270           0.00227404    0.01364729
   271           0.00294104    0.01878845
   272           0.00211000    0.01231974
   273           0.00563703    0.03823505
   274           0.00261008    0.01627690
   275           0.00306817    0.01973979
   276           0.00347433    0.02274011
   277           0.00309106    0.01991022
   278           0.00162851    0.00809219
   279           0.00226448    0.01357168
   280           0.00613693    0.04176279
   281           0.00245004    0.01503765
   282           0.00307686    0.01980469
   283           0.00118504    0.00781856
   284           0.00134696    0.00781796
   285           0.00228914    0.01376949
   286           0.00284413    0.01806044
   287           0.00616756    0.04197865
   288           0.00244012    0.01496072
   289           0.00307251    0.01977255
   290           0.00114989    0.00781814
   291           0.00120884    0.00781879
   292           0.00156048    0.00781820
   293           0.00216930    0.01280558
   294           0.00584182    0.03968192
   295           0.00254473    0.01577453
   296           0.00309170    0.01991588
   297           0.00230283    0.01387931
   298           0.00285148    0.01811643
   299           0.00612956    0.04171113
   300           0.00245226    0.01505633
   301           0.00307773    0.01981192
   302           0.00119609    0.00781845
   303           0.00138634    0.00781910
   304           0.00248737    0.01533074
   305           0.00293735    0.01876294
   306           0.00553108    0.03748633
   307           0.00264319    0.01653312
   308           0.00304262    0.01955068
   309           0.00410764    0.02733846
   310           0.00301871    0.01937188
   311           0.00147740    0.00781928
   312           0.00293118    0.01871767
   313           0.00305970    0.01967822
   314           0.00370902    0.02445405
   315           0.00307509    0.01979272
   316           0.00116855    0.00781876
   317           0.00128706    0.00781941
   318           0.00198364    0.01127221
   319           0.00263814    0.01649509
   320           0.00667965    0.04558155
   321           0.00227632    0.01366926
   322           0.00294361    0.01881030
   323           0.00209049    0.01216270
   324           0.00556883    0.03775359
   325           0.00263123    0.01644239
   326           0.00305271    0.01962654
   327           0.00388210    0.02571014
   328           0.00305462    0.01964057
   329           0.00117119    0.00781963
   330           0.00135014    0.00781902
   331           0.00179693    0.00965540
   332           0.00438998    0.02936759
   333           0.00296114    0.01894217
   334           0.00196618    0.01112519
   335           0.00509549    0.03439942
   336           0.00277555    0.01754356
   337           0.00282227    0.01789726
   338           0.00626897    0.04269337
   339           0.00240718    0.01470563
   340           0.00305482    0.01964248
   341           0.00116965    0.00781982
   342           0.00134201    0.00781921
   343           0.00177945    0.00949977
   344           0.00431449    0.02882638
   345           0.00297764    0.01906618
   346           0.00183806    0.01002071
   347           0.00456708    0.03063535
   348           0.00291929    0.01862877
   349           0.00224306    0.01340395
   350           0.00607604    0.04133447
   351           0.00246918    0.01519099
   352           0.00308371    0.01985809
   353           0.00131121    0.00781998
   354           0.00170965    0.00886465
   355           0.00400691    0.02661302
   356           0.00303579    0.01950121
   357           0.00131653    0.00782003
   358           0.00213834    0.01255739
   359           0.00275304    0.01737335
   360           0.00650669    0.04436616
   361           0.00233095    0.01410568
   362           0.00299718    0.01921299
   363           0.00167205    0.00851446
   364           0.00383838    0.02539423
   365           0.00306026    0.01968396
   366           0.00114366    0.00781951
   367           0.00119314    0.00782014
   368           0.00137834    0.00781953
   369           0.00245079    0.01504834
   370           0.00292209    0.01865046
   371           0.00566026    0.03840050
   372           0.00260214    0.01622098
   373           0.00307209    0.01977227
   374           0.00333506    0.02172018
   375           0.00309255    0.01992456
   376           0.00207675    0.01205242
   377           0.00271014    0.01704744
   378           0.00659936    0.04501779
   379           0.00230140    0.01387190
   380           0.00296940    0.01900564
   381           0.00190203    0.01057943
   382           0.00483637    0.03255715
   383           0.00284890    0.01810006
   384           0.00258523    0.01609070
   385           0.00668885    0.04564663
   386           0.00227306    0.01364634
   387           0.00294026    0.01878745
   388           0.00211085    0.01233321
   389           0.00564329    0.03828067
   390           0.00260744    0.01626223
   391           0.00306894    0.01974919
   392           0.00343592    0.02246160
   393           0.00309171    0.01991876
   394           0.00174080    0.00915330
   395           0.00240310    0.01467521
   396           0.00647887    0.04417066
   397           0.00233965    0.01417599
   398           0.00300486    0.01927137
   399           0.00160197    0.00784413
   400           0.00351958    0.02307446
   401           0.00308869    0.01989651
   402           0.00150298    0.00781982
   403           0.00208153    0.01209250
   404           0.00553810    0.03753699
   405           0.00264052    0.01651658
   406           0.00304430    0.01956588
   407           0.00406512    0.02703374
   408           0.00302584    0.01942843
   409           0.00140634    0.00782048
   410           0.00259053    0.01613275
   411           0.00297533    0.01905063
   412           0.00513830    0.03470415
   413           0.00276264    0.01744812
   414           0.00285303    0.01813163
   415           0.00611944    0.04164075
   416           0.00245492    0.01508219
   417           0.00307860    0.01982186
   418           0.00121220    0.00781993
   419           0.00144223    0.00782054
   420           0.00276587    0.01747298
   421           0.00302603    0.01942988
   422           0.00441673    0.02956047
   423           0.00295475    0.01889699
   424           0.00201013    0.01149946
   425           0.00526999    0.03563849
   426           0.00272318    0.01714848
   427           0.00293475    0.01874672
   428           0.00555091    0.03762777
   429           0.00263641    0.01648579
   430           0.00304776    0.01959210
   431           0.00398852    0.02648135
   432           0.00303850    0.01952337
   433           0.00128993    0.00782061
   434           0.00200356    0.01144517
   435           0.00265439    0.01662299
   436           0.00666899    0.04550728
   437           0.00227912    0.01369644
   438           0.00294675    0.01883739
   439           0.00206588    0.01196429
   440           0.00548117    0.03713442
   441           0.00265819    0.01665285
   442           0.00302684    0.01943622
   443           0.00440169    0.02945289
   444           0.00295810    0.01892255
   445           0.00198536    0.01129204
   446           0.00517378    0.03495625
   447           0.00275200    0.01736814
   448           0.00287697    0.01831268
   449           0.00598130    0.04066724
   450           0.00249925    0.01542812
   451           0.00309056    0.01991147
   452           0.00163600    0.00817689
   453           0.00227530    0.01366536
   454           0.00617080    0.04200278
   455           0.00243826    0.01495305
   456           0.00307145    0.01976938
   457           0.00114546    0.00782070
   458           0.00119543    0.00782018
   459           0.00149369    0.00782070
   460           0.00206674    0.01197201
   461           0.00548463    0.03715906
   462           0.00265705    0.01664459
   463           0.00302794    0.01944481
   464           0.00438126    0.02930666
   465           0.00296264    0.01895696
   466           0.00195138    0.01100498
   467           0.00503900    0.03399931
   468           0.00279152    0.01766833
   469           0.00277772    0.01756315
   470           0.00643467    0.04386011
   471           0.00235350    0.01428762
   472           0.00301651    0.01935998
   473           0.00149217    0.00782074
   474           0.00300695    0.01928905
   475           0.00307042    0.01976183
   476           0.00338184    0.02206584
   477           0.00309233    0.01992509
   478           0.00191416    0.01068773
   479           0.00257858    0.01604156
   480           0.00668762    0.04563836
   481           0.00227310    0.01364949
   482           0.00294042    0.01879064
   483           0.00210788    0.01231171
   484           0.00563410    0.03821623
   485           0.00261004    0.01628456
   486           0.00306696    0.01973616
   487           0.00349017    0.02286046
   488           0.00308977    0.01990623
   489           0.00158067    0.00782078
   490           0.00219969    0.01305917
   491           0.00594417    0.04040558
   492           0.00251106    0.01552071
   493           0.00309185    0.01992173
   494           0.00179569    0.00965211
   495           0.00246326    0.01514820
   496           0.00658382    0.04490895
   497           0.00230590    0.01391110
   498           0.00297391    0.01904185
   499           0.00186384    0.01025270
   500           0.00467928    0.03143819
   501           0.00289042    0.01841541
   502           0.00239754    0.01463401
   503           0.00646852    0.04409833
   504           0.00234259    0.01420208
   505           0.00300742    0.01929259
   506           0.00157576    0.00782034
   507           0.00340057    0.02220381
   508           0.00309209    0.01992373
   509           0.00185190    0.01014904
   510           0.00252026    0.01559144
   511           0.00665265    0.04539271
   512           0.00228405    0.01373752
   513           0.00295197    0.01887770
   514           0.00202820    0.01165305
   515           0.00534053    0.03613898
   516           0.00270145    0.01698466
   517           0.00297046    0.01901581
   518           0.00519143    0.03508184
   519           0.00274655    0.01732802
   520           0.00288824    0.01839867
   521           0.00590793    0.04015000
   522           0.00252262    0.01561080
   523           0.00309231    0.01992553
   524           0.00196490    0.01112160
   525           0.00262272    0.01638181
   526           0.00668646    0.04563024
   527           0.00227333    0.01365229
   528           0.00294070    0.01879343
   529           0.00210523    0.01229095
   530           0.00562510    0.03815277
   531           0.00261277    0.01630626
   532           0.00306508    0.01972273
   533           0.00354364    0.02325192
   534           0.00308716    0.01988738
   535           0.00144196    0.00782085
   536           0.00197854    0.01123676
   537           0.00514798    0.03477361
   538           0.00275944    0.01742613
   539           0.00285955    0.01818274
   540           0.00608254    0.04138120
   541           0.00246643    0.01517461
   542           0.00308258    0.01985341
   543           0.00129259    0.00782086
   544           0.00166681    0.00847281
   545           0.00381833    0.02525099
   546           0.00306233    0.01970275
   547           0.00113546    0.00782086
   548           0.00115211    0.00782042
   549           0.00122612    0.00782087
   550           0.00166605    0.00846607
   551           0.00231415    0.01397646
   552           0.00627623    0.04274554
   553           0.00240409    0.01468741
   554           0.00305285    0.01963222
   555           0.00117679    0.00782087
   556           0.00139036    0.00782043
   557           0.00188171    0.01040936
   558           0.00475476    0.03197692
   559           0.00287048    0.01826608
   560           0.00249184    0.01537164
   561           0.00662244    0.04518054
   562           0.00229349    0.01381366
   563           0.00296166    0.01895098
   564           0.00195710    0.01105593
   565           0.00506305    0.03417073
   566           0.00278433    0.01761530
   567           0.00279695    0.01771016
   568           0.00636830    0.04339350
   569           0.00237451    0.01445507
   570           0.00303280    0.01948291
   571           0.00133805    0.00782088
   572           0.00225364    0.01349492
   573           0.00282422    0.01791650
   574           0.00625812    0.04261809
   575           0.00240987    0.01473302
   576           0.00305633    0.01965842
   577           0.00115704    0.00782088
   578           0.00127715    0.00782045
   579           0.00162828    0.00810653
   580           0.00364354    0.02398115
   581           0.00308027    0.01983674
   582           0.00124414    0.00782045
   583           0.00153950    0.00782089
   584           0.00323237    0.02096543
   585           0.00308952    0.01990555
   586           0.00245651    0.01509748
   587           0.00292431    0.01867059
   588           0.00563820    0.03824573
   589           0.00260852    0.01627452
   590           0.00306762    0.01974239
   591           0.00346512    0.02267801
   592           0.00309051    0.01991302
   593           0.00165126    0.00832708
   594           0.00229542    0.01382829
   595           0.00622709    0.04239974
   596           0.00241981    0.01481129
   597           0.00306200    0.01970095
   598           0.00113583    0.00782046
   599           0.00115515    0.00782089
   600           0.00123958    0.00782047
   601           0.00174010    0.00915366
   602           0.00240266    0.01467578
   603           0.00647920    0.04417384
   604           0.00233897    0.01417514
   605           0.00300433    0.01927080
   606           0.00160231    0.00785522
   607           0.00352466    0.02311385
   608           0.00308805    0.01989495
   609           0.00148835    0.00782090
   610           0.00205848    0.01190665
   611           0.00545541    0.03695300
   612           0.00266583    0.01671407
   613           0.00301775    0.01937058
   614           0.00455095    0.03052232
   615           0.00292257    0.01865852
   616           0.00221913    0.01321804
   617           0.00600606    0.04084249
   618           0.00249091    0.01536622
   619           0.00308892    0.01990149
   620           0.00153738    0.00782047
   621           0.00213623    0.01254623
   622           0.00573445    0.03892595
   623           0.00257791    0.01603942
   624           0.00308251    0.01985369
   625           0.00289792    0.01847338
   626           0.00305346    0.01963723
   627           0.00384863    0.02547123
   628           0.00305838    0.01967426
   629           0.00114730    0.00782090
   630           0.00122165    0.00782048
   631           0.00147387    0.00782090
   632           0.00292188    0.01865350
   633           0.00305759    0.01966815
   634           0.00374542    0.02472264
   635           0.00307060    0.01976542
   636           0.00114196    0.00782048
   637           0.00118248    0.00782090
   638           0.00142424    0.00782048
   639           0.00194666    0.01096849
   640           0.00502174    0.03387771
   641           0.00279618    0.01770602
   642           0.00276324    0.01745546
   643           0.00647755    0.04416238
   644           0.00233943    0.01417936
   645           0.00300474    0.01927428
   646           0.00159810    0.00782048
   647           0.00350564    0.02297512
   648           0.00308890    0.01990164
   649           0.00153762    0.00782090
   650           0.00213665    0.01255008
   651           0.00573609    0.03893768
   652           0.00257735    0.01603548
   653           0.00308267    0.01985523
   654           0.00288841    0.01840207
   655           0.00305172    0.01962458
   656           0.00388948    0.02576727
   657           0.00305285    0.01963341
   658           0.00117566    0.00782048
   659           0.00138565    0.00782090
   660           0.00187274    0.01033343
   661           0.00471818    0.03171668
   662           0.00288001    0.01833907
   663           0.00244703    0.01502380
   664           0.00655923    0.04473680
   665           0.00231337    0.01397317
   666           0.00298115    0.01909807
   667           0.00180296    0.00972032
   668           0.00442149    0.02959633
   669           0.00295319    0.01888874
   670           0.00201770    0.01156804
   671           0.00530158    0.03586379
   672           0.00271308    0.01707529
   673           0.00295117    0.01887296
   674           0.00539311    0.03651218
   675           0.00268503    0.01686141
   676           0.00299363    0.01919091
   677           0.00490493    0.03304708
   678           0.00282930    0.01795673
   679           0.00265618    0.01663997
   680           0.00666731    0.04549631
   681           0.00227909    0.01370057
   682           0.00294688    0.01884150
   683           0.00206177    0.01193490
   684           0.00546805    0.03704274
   685           0.00266179    0.01668390
   686           0.00302211    0.01940375
   687           0.00447721    0.02999523
   688           0.00294021    0.01879152
   689           0.00210685    0.01230661
   690           0.00563189    0.03820153
   691           0.00261036    0.01628975
   692           0.00306628    0.01973332
   693           0.00350239    0.02295154
   694           0.00308899    0.01990260
   695           0.00154612    0.00782090
   696           0.00214959    0.01265607
   697           0.00578054    0.03925165
   698           0.00256311    0.01592605
   699           0.00308707    0.01988827
   700           0.00263500    0.01647848
   701           0.00298953    0.01916035
   702           0.00495849    0.03342813
   703           0.00281418    0.01784268
   704           0.00270745    0.01703170
   705           0.00660312    0.04504522
   706           0.00229937    0.01386229
   707           0.00296759    0.01899677
   708           0.00191062    0.01066126
   709           0.00487554    0.03283800
   710           0.00283743    0.01801833
   711           0.00262641    0.01641208
   712           0.00668511    0.04562133
   713           0.00227342    0.01365562
   714           0.00294090    0.01879679
   715           0.00210205    0.01226752
   716           0.00561492    0.03808151
   717           0.00261569    0.01633084
   718           0.00306276    0.01970722
   719           0.00360384    0.02369265
   720           0.00308314    0.01985923
   721           0.00131150    0.00782089
   722           0.00171305    0.00890741
   723           0.00402743    0.02676425
   724           0.00303169    0.01947601
   725           0.00134628    0.00782089
   726           0.00229701    0.01384288
   727           0.00284813    0.01809836
   728           0.00614265    0.04180538
   729           0.00244679    0.01502363
   730           0.00307509    0.01979944
   731           0.00117368    0.00782089
   732           0.00131355    0.00782047
   733           0.00213065    0.01250242
   734           0.00274784    0.01733922
   735           0.00651844    0.04445004
   736           0.00232625    0.01407592
   737           0.00299310    0.01918786
   738           0.00170089    0.00879520
   739           0.00397326    0.02637327
   740           0.00304041    0.01954112
   741           0.00126847    0.00782089
   742           0.00189612    0.01053720
   743           0.00256228    0.01591897
   744           0.00668201    0.04559959
   745           0.00227437    0.01366346
   746           0.00294192    0.01880464
   747           0.00209505    0.01221030
   748           0.00558996    0.03790516
   749           0.00262353    0.01639127
   750           0.00305717    0.01966572
   751           0.00375330    0.02478043
   752           0.00306963    0.01975892
   753           0.00113827    0.00782088
   754           0.00116641    0.00782047
   755           0.00133370    0.00782088
   756           0.00176382    0.00937088
   757           0.00425188    0.02838005
   758           0.00298991    0.01916413
   759           0.00172839    0.00904890
   760           0.00409583    0.02725757
   761           0.00301986    0.01938795
   762           0.00145652    0.00782046
   763           0.00283970    0.01803573
   764           0.00304220    0.01955425
   765           0.00409860    0.02727755
   766           0.00301936    0.01938428
   767           0.00146117    0.00782088
   768           0.00286212    0.01820486
   769           0.00304668    0.01958774
   770           0.00400216    0.02658215
   771           0.00303580    0.01950700
   772           0.00130861    0.00782046
   773           0.00210564    0.01229796
   774           0.00273069    0.01720913
   775           0.00655833    0.04473062
   776           0.00231352    0.01397532
   777           0.00298131    0.01909997
   778           0.00180066    0.00970125
   779           0.00441220    0.02953013
   780           0.00295520    0.01890449
   781           0.00200245    0.01144149
   782           0.00524321    0.03545024
   783           0.00273064    0.01720975
   784           0.00291937    0.01863499
   785           0.00567713    0.03852144
   786           0.00259593    0.01617958
   787           0.00307437    0.01979417
   788           0.00323296    0.02097116
   789           0.00308936    0.01990591
   790           0.00245326    0.01507402
   791           0.00292284    0.01866110
   792           0.00564870    0.03832056
   793           0.00260494    0.01624884
   794           0.00306943    0.01975744
   795           0.00340180    0.02221484
   796           0.00309176    0.01992382
   797           0.00184645    0.01010605
   798           0.00251508    0.01555427
   799           0.00664815    0.04536189
   800           0.00228501    0.01374874
   801           0.00295308    0.01888866
   802           0.00201752    0.01156789
   803           0.00530149    0.03586340
   804           0.00271296    0.01707529
   805           0.00295105    0.01887275
   806           0.00539321    0.03651318
   807           0.00268485    0.01686095
   808           0.00299359    0.01919134
   809           0.00490395    0.03304047
   810           0.00282943    0.01795856
   811           0.00265515    0.01663300
   812           0.00666801    0.04550134
   813           0.00227871    0.01369863
   814           0.00294653    0.01883956
   815           0.00206331    0.01194895
   816           0.00547431    0.03708729
   817           0.00265970    0.01666878
   818           0.00302415    0.01941976
   819           0.00444027    0.02973118
   820           0.00294872    0.01885603
   821           0.00204809    0.01182276
   822           0.00541759    0.03668579
   823           0.00267730    0.01680335
   824           0.00300344    0.01926506
   825           0.00476696    0.03206483
   826           0.00286690    0.01824124
   827           0.00250622    0.01548570
   828           0.00663911    0.04529826
   829           0.00228783    0.01377137
   830           0.00295599    0.01891052
   831           0.00199639    0.01139101
   832           0.00521980    0.03528414
   833           0.00273764    0.01726310
   834           0.00290556    0.01853135
   835           0.00578380    0.03927482
   836           0.00256192    0.01591773
   837           0.00308724    0.01989015
   838           0.00261626    0.01633557
   839           0.00298350    0.01911594
   840           0.00503328    0.03396008
   841           0.00279263    0.01768033
   842           0.00277275    0.01752888
   843           0.00644873    0.04395982
   844           0.00234839    0.01425171
   845           0.00301234    0.01933205
   846           0.00152621    0.00782043
   847           0.00317200    0.02052016
   848           0.00308605    0.01988130
   849           0.00269365    0.01692797
   850           0.00300681    0.01929032
   851           0.00471737    0.03171131
   852           0.00288003    0.01834018
   853           0.00244596    0.01501679
   854           0.00655771    0.04472612
   855           0.00231363    0.01397659
   856           0.00298143    0.01910103
   857           0.00179912    0.00968834
   858           0.00440590    0.02948510
   859           0.00295656    0.01891489
   860           0.00199209    0.01135504
   861           0.00520308    0.03516560
   862           0.00274262    0.01730111
   863           0.00289532    0.01845451
   864           0.00585725    0.03979322
   865           0.00253840    0.01573620
   866           0.00309130    0.01992044
   867           0.00221850    0.01321574
   868           0.00280364    0.01776297
   869           0.00634195    0.04320863
   870           0.00238256    0.01452123
   871           0.00303858    0.01952799
   872           0.00128321    0.00782042
   873           0.00197458    0.01120801
   874           0.00263087    0.01644726
   875           0.00668315    0.04560762
   876           0.00227387    0.01366030
   877           0.00294142    0.01880144
   878           0.00209761    0.01223231
   879           0.00559955    0.03797304
   880           0.00262039    0.01636778
   881           0.00305929    0.01968205
   882           0.00369542    0.02436017
   883           0.00307541    0.01980244
   884           0.00117777    0.00782041
   885           0.00132939    0.00782084
   886           0.00221269    0.01316902
   887           0.00280015    0.01773662
   888           0.00635521    0.04330194
   889           0.00237830    0.01448777
   890           0.00303554    0.01950543
   891           0.00130996    0.00782084
   892           0.00211337    0.01236220
   893           0.00273604    0.01725031
   894           0.00654623    0.04464543
   895           0.00231725    0.01400551
   896           0.00298483    0.01912666
   897           0.00177051    0.00943259
   898           0.00428178    0.02859501
   899           0.00298361    0.01911753
   900           0.00178075    0.00952455
   901           0.00432640    0.02891523
   902           0.00297413    0.01904660
   903           0.00185809    0.01020834
   904           0.00465776    0.03128607
   905           0.00289548    0.01845663
   906           0.00236901    0.01441353
   907           0.00640912    0.04368124
   908           0.00236100    0.01435165
   909           0.00302253    0.01940840
   910           0.00143025    0.00782040
   911           0.00271350    0.01707951
   912           0.00301224    0.01933107
   913           0.00463449    0.03111993
   914           0.00290142    0.01850133
   915           0.00233764    0.01416593
   916           0.00633614    0.04316780
   917           0.00238439    0.01453586
   918           0.00303986    0.01953769
   919           0.00127189    0.00782083
   920           0.00191545    0.01070501
   921           0.00257987    0.01605548
   922           0.00668806    0.04564210
   923           0.00227229    0.01364793
   924           0.00293974    0.01878904
   925           0.00210858    0.01232271
   926           0.00563882    0.03825074
   927           0.00260795    0.01627248
   928           0.00306749    0.01974331
   929           0.00346029    0.02264416
   930           0.00309038    0.01991390
   931           0.00166420    0.00845451
   932           0.00231218    0.01396423
   933           0.00627222    0.04271790
   934           0.00240491    0.01469708
   935           0.00305328    0.01963780
   936           0.00117129    0.00782039
   937           0.00136319    0.00782082
   938           0.00182760    0.00994123
   939           0.00452853    0.03036289
   940           0.00292773    0.01869901
   941           0.00218563    0.01295040
   942           0.00590090    0.04010133
   943           0.00252435    0.01562782
   944           0.00309194    0.01992557
   945           0.00199764    0.01140270
   946           0.00264971    0.01659194
   947           0.00667207    0.04552980
   948           0.00227731    0.01368817
   949           0.00294508    0.01882916
   950           0.00207254    0.01202613
   951           0.00550871    0.03733068
   952           0.00264886    0.01658638
   953           0.00303516    0.01950231
   954           0.00423760    0.02827782
   955           0.00299267    0.01918544
   956           0.00170321    0.00881894
   957           0.00398464    0.02645596
   958           0.00303847    0.01952746
   959           0.00128371    0.00782081
   960           0.00197768    0.01123475
   961           0.00263345    0.01646736
   962           0.00668192    0.04559901
   963           0.00227419    0.01366335
   964           0.00294178    0.01880448
   965           0.00209481    0.01220983
   966           0.00558972    0.03790363
   967           0.00262343    0.01639149
   968           0.00305699    0.01966522
   969           0.00375418    0.02478740
   970           0.00306939    0.01975791
   971           0.00113755    0.00782081
   972           0.00116429    0.00782037
   973           0.00132317    0.00782080
   974           0.00174057    0.00916213
   975           0.00415060    0.02765236
   976           0.00300966    0.01931255
   977           0.00155030    0.00782080
   978           0.00328563    0.02136059
   979           0.00309103    0.01991890
   980           0.00225278    0.01349151
   981           0.00282364    0.01791463
   982           0.00625910    0.04262563
   983           0.00240910    0.01473020
   984           0.00305580    0.01965681
   985           0.00115723    0.00782080
   986           0.00128252    0.00782036
   987           0.00164330    0.00825625
   988           0.00371460    0.02449992
   989           0.00307351    0.01978869
   990           0.00116051    0.00782036
   991           0.00126392    0.00782080
   992           0.00187373    0.01034542
   993           0.00254143    0.01575918
   994           0.00667015    0.04551651
   995           0.00227789    0.01369309
   996           0.00294570    0.01883406
   997           0.00206815    0.01199012
   998           0.00549268    0.03721746
   999           0.00265385    0.01662479
  1000           0.00303012    0.01946497
  1001           0.00433217    0.02895688
  1002           0.00297283    0.01903727
  1003           0.00186798    0.01029515
  1004           0.00469964    0.03158511
  1005           0.00288459    0.01837507
  1006           0.00242355    0.01484230
  1007           0.00651938    0.04445683
  1008           0.00232572    0.01407327
  1009           0.00299265    0.01918555
  1010           0.00170314    0.00881873
  1011           0.00398453    0.02645533
  1012           0.00303846    0.01952765
  1013           0.00128352    0.00782079
  1014           0.00197697    0.01122903
  1015           0.00263286    0.01646309
  1016           0.00668221    0.04560118
  1017           0.00227407    0.01366267
  1018           0.00294166    0.01880382
  1019           0.00209544    0.01221527
  1020           0.00559210    0.03792060
  1021           0.00262265    0.01638578
  1022           0.00305753    0.01966945
  1023           0.00373986    0.02468354
  1024           0.00307090    0.01976939
  1025           0.00114388    0.00782078
  1026           0.00119377    0.00782034
  1027           0.00149141    0.00782078
  1028           0.00206408    0.01195664
  1029           0.00547773    0.03711171
  1030           0.00265849    0.01666045
  1031           0.00302521    0.01942842
  1032           0.00441989    0.02958565
  1033           0.00295328    0.01889097
  1034           0.00201499    0.01154823
  1035           0.00529242    0.03579932
  1036           0.00271556    0.01709600
  1037           0.00294627    0.01883771
  1038           0.00543854    0.03683429
  1039           0.00267067    0.01675358
  1040           0.00301136    0.01932498
  1041           0.00464714    0.03121050
  1042           0.00289813    0.01847704
  1043           0.00235476    0.01430176
  1044           0.00637696    0.04345515
  1045           0.00237122    0.01443280
  1046           0.00303036    0.01946725
  1047           0.00135648    0.00782077
  1048           0.00235018    0.01426615
  1049           0.00287545    0.01830563
  1050           0.00598689    0.04070791
  1051           0.00249666    0.01541360
  1052           0.00308972    0.01990938
  1053           0.00161118    0.00794779
  1054           0.00224285    0.01341177
  1055           0.00607917    0.04135836
  1056           0.00246696    0.01518266
  1057           0.00308252    0.01985591
  1058           0.00129991    0.00782032
  1059           0.00168626    0.00866211
  1060           0.00390904    0.02590989
  1061           0.00304981    0.01961238
  1062           0.00119315    0.00782032
  1063           0.00148806    0.00782077
  1064           0.00205861    0.01191148
  1065           0.00545750    0.03696859
  1066           0.00266477    0.01670856
  1067           0.00301824    0.01937643
  1068           0.00453768    0.03042856
  1069           0.00292545    0.01868232
  1070           0.00219931    0.01306159
  1071           0.00594511    0.04041332
  1072           0.00251008    0.01551782
  1073           0.00309134    0.01992151
  1074           0.00178963    0.00960554
  1075           0.00245718    0.01510528
  1076           0.00657556    0.04485177
  1077           0.00230781    0.01393145
  1078           0.00297589    0.01906039
  1079           0.00184322    0.01007937
  1080           0.00459539    0.03084101
  1081           0.00291120    0.01857534
  1082           0.00228327    0.01373493
  1083           0.00619510    0.04217507
  1084           0.00242963    0.01489133
  1085           0.00306706    0.01974091
  1086           0.00113196    0.00782031
  1087           0.00113727    0.00782076
  1088           0.00116772    0.00782031
  1089           0.00129249    0.00782075
  1090           0.00202405    0.01162462
  1091           0.00267060    0.01675224
  1092           0.00665337    0.04539857
  1093           0.00228314    0.01373529
  1094           0.00295120    0.01887551
  1095           0.00202956    0.01167017
  1096           0.00534828    0.03619523
  1097           0.00269848    0.01696599
  1098           0.00297373    0.01904365
  1099           0.00514873    0.03478024
  1100           0.00275868    0.01742393
  1101           0.00285978    0.01818766
  1102           0.00607874    0.04135537
  1103           0.00246708    0.01518369
  1104           0.00308255    0.01985621
  1105           0.00130097    0.00782075
  1106           0.00168886    0.00868666
  1107           0.00392085    0.02599533
  1108           0.00304809    0.01959965
  1109           0.00120518    0.00782075
  1110           0.00155559    0.00782030
  1111           0.00216406    0.01277630
  1112           0.00583025    0.03960299
  1113           0.00254690    0.01580292
  1114           0.00309013    0.01991257
  1115           0.00236090    0.01435100
  1116           0.00288071    0.01834541
  1117           0.00595379    0.04047454
  1118           0.00250727    0.01549616
  1119           0.00309107    0.01991962
  1120           0.00175093    0.00925753
  1121           0.00241510    0.01477654
  1122           0.00650390    0.04434801
  1123           0.00233059    0.01411227
  1124           0.00299704    0.01921862
  1125           0.00166414    0.00845496
  1126           0.00380955    0.02518949
  1127           0.00306295    0.01971044
  1128           0.00113241    0.00782029
  1129           0.00114034    0.00782074
  1130           0.00117798    0.00782028
  1131           0.00140248    0.00782074
  1132           0.00190641    0.01062818
  1133           0.00485965    0.03272559
  1134           0.00284154    0.01805110
  1135           0.00260971    0.01628578
  1136           0.00668942    0.04565190
  1137           0.00227173    0.01364447
  1138           0.00293919    0.01878558
  1139           0.00211157    0.01234822
  1140           0.00564984    0.03832884
  1141           0.00260435    0.01624565
  1142           0.00306949    0.01975889
  1143           0.00339432    0.02216082
  1144           0.00309168    0.01992423
  1145           0.00187018    0.01031535
  1146           0.00253808    0.01573375
  1147           0.00666780    0.04549997
  1148           0.00227855    0.01369889
  1149           0.00294642    0.01883977
  1150           0.00206276    0.01194613
  1151           0.00547302    0.03707842
  1152           0.00265990    0.01667154
  1153           0.00302359    0.01941654
  1154           0.00444725    0.02978165
  1155           0.00294692    0.01884358
  1156           0.00205924    0.01191706
  1157           0.00545999    0.03698624
  1158           0.00266395    0.01670252
  1159           0.00301909    0.01938296
  1160           0.00452308    0.03032426
  1161           0.00292895    0.01870876
  1162           0.00217738    0.01288456
  1163           0.00587437    0.03991434
  1164           0.00253274    0.01569356
  1165           0.00309159    0.01992353
  1166           0.00212982    0.01249806
  1167           0.00274725    0.01733637
  1168           0.00651922    0.04445567
  1169           0.00232569    0.01407353
  1170           0.00299263    0.01918573
  1171           0.00170270    0.00881553
  1172           0.00398295    0.02644417
  1173           0.00303864    0.01952935
  1174           0.00128128    0.00782026
  1175           0.00196587    0.01113592
  1176           0.00262362    0.01639269
  1177           0.00668594    0.04562736
  1178           0.00227281    0.01365314
  1179           0.00294034    0.01879425
  1180           0.00210379    0.01228451
  1181           0.00562225    0.03813380
  1182           0.00261306    0.01631258
  1183           0.00306409    0.01971868
  1184           0.00355901    0.02336671
  1185           0.00308582    0.01988066
  1186           0.00140417    0.00782025
  1187           0.00190971    0.01065678
  1188           0.00487332    0.03282286
  1189           0.00283774    0.01802245
  1190           0.00262398    0.01639546
  1191           0.00668580    0.04562638
  1192           0.00227284    0.01365345
  1193           0.00294038    0.01879456
  1194           0.00210349    0.01228208
  1195           0.00562119    0.03812631
  1196           0.00261338    0.01631512
  1197           0.00306387    0.01971702
  1198           0.00356531    0.02341275
  1199           0.00308543    0.01987782
  1200           0.00138998    0.00782025
  1201           0.00188214    0.01041898
  1202           0.00475925    0.03201036
  1203           0.00286876    0.01825635
  1204           0.00249701    0.01541558
  1205           0.00662905    0.04522763
  1206           0.00229078    0.01379640
  1207           0.00295905    0.01893448
  1208           0.00197259    0.01119244
  1209           0.00512712    0.03462692
  1210           0.00276502    0.01747224
  1211           0.00284469    0.01807410
  1212           0.00615883    0.04191957
  1213           0.00244124    0.01498241
  1214           0.00307257    0.01978210
  1215           0.00115396    0.00782070
  1216           0.00123786    0.00782024
  1217           0.00173520    0.00911484
  1218           0.00239737    0.01463769
  1219           0.00646945    0.04410570
  1220           0.00234154    0.01419911
  1221           0.00300659    0.01929011
  1222           0.00157760    0.00782023
  1223           0.00341344    0.02230121
  1224           0.00309139    0.01992213
  1225           0.00180798    0.00976957
  1226           0.00247640    0.01525542
  1227           0.00660325    0.04504634
  1228           0.00229895    0.01386144
  1229           0.00296724    0.01899587
  1230           0.00191082    0.01066639
  1231           0.00487792    0.03285555
  1232           0.00283645    0.01801275
  1233           0.00262872    0.01643187
  1234           0.00668395    0.04561333
  1235           0.00227340    0.01365803
  1236           0.00294098    0.01879913
  1237           0.00209934    0.01224815
  1238           0.00560642    0.03802190
  1239           0.00261803    0.01635082
  1240           0.00306070    0.01969345
  1241           0.00365366    0.02405689
  1242           0.00307900    0.01983000
  1243           0.00122773    0.00782069
  1244           0.00149408    0.00782022
  1245           0.00302137    0.01940079
  1246           0.00307176    0.01977592
  1247           0.00331751    0.02159606
  1248           0.00309155    0.01992330
  1249           0.00213556    0.01254519
  1250           0.00275110    0.01736580
  1251           0.00650934    0.04438615
  1252           0.00232880    0.01409840
  1253           0.00299544    0.01920687
  1254           0.00167782    0.00858415
  1255           0.00387153    0.02563861
  1256           0.00305496    0.01965104
  1257           0.00116091    0.00782068
  1258           0.00130496    0.00782021
  1259           0.00169858    0.00877772
  1260           0.00396470    0.02631246
  1261           0.00304146    0.01955054
  1262           0.00125690    0.00782021
  1263           0.00183747    0.01003010
  1264           0.00250629    0.01548783
  1265           0.00663937    0.04530016
  1266           0.00228749    0.01377043
  1267           0.00295570    0.01890956
  1268           0.00199689    0.01139741
  1269           0.00522273    0.03530532
  1270           0.00273653    0.01725603
  1271           0.00290719    0.01854486
  1272           0.00577014    0.03917864
  1273           0.00256604    0.01595102
  1274           0.00308590    0.01988127
  1275           0.00269241    0.01691976
  1276           0.00300635    0.01928796
  1277           0.00472166    0.03174236
  1278           0.00287870    0.01833134
  1279           0.00245123    0.01505940
  1280           0.00656641    0.04478741
  1281           0.00231062    0.01395434
  1282           0.00297861    0.01908104
  1283           0.00182061    0.00988126
  1284           0.00449942    0.03015505
  1285           0.00293459    0.01875128
  1286           0.00214126    0.01259133
  1287           0.00575338    0.03906027
  1288           0.00257138    0.01599220
  1289           0.00308426    0.01986909
  1290           0.00278765    0.01764378
  1291           0.00303067    0.01946956
  1292           0.00432027    0.02887174
  1293           0.00297528    0.01905618
  1294           0.00184748    0.01011754
  1295           0.00461383    0.03097286
  1296           0.00290649    0.01854033
  1297           0.00230914    0.01394131
  1298           0.00626470    0.04266512
  1299           0.00240714    0.01471580
  1300           0.00305461    0.01964852
  1301           0.00116267    0.00782066
  1302           0.00131527    0.00782019
  1303           0.00172283    0.00900165
  1304           0.00407286    0.02709289
  1305           0.00302365    0.01941768
  1306           0.00141816    0.00782018
  1307           0.00265590    0.01664091
  1308           0.00299574    0.01920874
  1309           0.00487198    0.03281339
  1310           0.00283807    0.01802517
  1311           0.00262257    0.01638492
  1312           0.00668627    0.04562962
  1313           0.00227265    0.01365223
  1314           0.00294019    0.01879332
  1315           0.00210451    0.01229079
  1316           0.00562497    0.03815309
  1317           0.00261215    0.01630586
  1318           0.00306462    0.01972282
  1319           0.00354254    0.02324660
  1320           0.00308672    0.01988754
  1321           0.00144253    0.00782065
  1322           0.00198070    0.01126130
  1323           0.00515935    0.03485572
  1324           0.00275545    0.01739981
  1325           0.00286694    0.01824205
  1326           0.00603738    0.04106390
  1327           0.00248030    0.01528711
  1328           0.00308629    0.01988435
  1329           0.00142430    0.00782064
  1330           0.00194765    0.01098145
  1331           0.00502777    0.03392132
  1332           0.00279399    0.01769198
  1333           0.00276807    0.01749470
  1334           0.00646220    0.04405470
  1335           0.00234381    0.01421735
  1336           0.00300852    0.01930475
  1337           0.00155947    0.00782064
  1338           0.00332942    0.02168388
  1339           0.00309167    0.01992433
  1340           0.00209273    0.01219454
  1341           0.00272159    0.01714161
  1342           0.00657641    0.04485766
  1343           0.00230742    0.01392908
  1344           0.00297554    0.01905817
  1345           0.00184528    0.01009849
  1346           0.00460462    0.03090705
  1347           0.00290879    0.01855770
  1348           0.00229625    0.01383901
  1349           0.00623065    0.04242534
  1350           0.00241808    0.01480157
  1351           0.00306093    0.01969564
  1352           0.00113635    0.00782016
  1353           0.00116342    0.00782063
  1354           0.00127637    0.00782015
  1355           0.00194070    0.01092280
  1356           0.00260217    0.01622828
  1357           0.00669013    0.04565674
  1358           0.00227141    0.01364246
  1359           0.00293887    0.01878351
  1360           0.00211314    0.01236171
  1361           0.00565564    0.03836983
  1362           0.00260243    0.01623127
  1363           0.00307049    0.01976659
  1364           0.00335946    0.02190488
  1365           0.00309181    0.01992542
  1366           0.00198741    0.01131833
  1367           0.00264144    0.01652965
  1368           0.00667743    0.04556752
  1369           0.00227542    0.01367440
  1370           0.00294313    0.01881545
  1371           0.00208463    0.01212748
  1372           0.00555354    0.03764803
  1373           0.00263463    0.01647846
  1374           0.00304785    0.01959783
  1375           0.00397024    0.02635253
  1376           0.00304057    0.01954399
  1377           0.00126410    0.00782062
  1378           0.00187603    0.01036699
  1379           0.00254365    0.01577725
  1380           0.00667166    0.04552696
  1381           0.00227723    0.01368893
  1382           0.00294505    0.01882987
  1383           0.00207154    0.01201950
  1384           0.00550574    0.03730988
  1385           0.00264961    0.01659317
  1386           0.00303413    0.01949550
  1387           0.00425462    0.02840056
  1388           0.00298904    0.01915920
  1389           0.00173309    0.00909589
  1390           0.00411846    0.02742141
  1391           0.00301547    0.01935672
  1392           0.00149469    0.00782013
  1393           0.00302461    0.01942521
  1394           0.00307213    0.01977889
  1395           0.00330355    0.02149342
  1396           0.00309129    0.01992158
  1397           0.00218608    0.01295603
  1398           0.00278378    0.01761391
  1399           0.00641260    0.04370582
  1400           0.00235966    0.01434257
  1401           0.00302147    0.01940155
  1402           0.00143831    0.00782013
  1403           0.00275414    0.01738977
  1404           0.00302263    0.01940971
  1405           0.00446259    0.02989159
  1406           0.00294327    0.01881654
  1407           0.00208367    0.01211964
  1408           0.00555009    0.03762366
  1409           0.00263571    0.01648678
  1410           0.00304692    0.01959100
  1411           0.00399086    0.02650142
  1412           0.00303732    0.01951983
  1413           0.00129218    0.00782060
  1414           0.00202337    0.01161991
  1415           0.00267007    0.01674880
  1416           0.00665377    0.04540126
  1417           0.00228288    0.01373403
  1418           0.00295096    0.01887422
  1419           0.00203046    0.01167865
  1420           0.00535214    0.03622260
  1421           0.00269718    0.01695666
  1422           0.00297544    0.01905693
  1423           0.00512771    0.03463110
  1424           0.00276478    0.01747079
  1425           0.00284507    0.01807730
  1426           0.00615661    0.04190391
  1427           0.00244188    0.01498788
  1428           0.00307283    0.01978437
  1429           0.00115606    0.00782060
  1430           0.00124700    0.00782011
  1431           0.00178503    0.00956588
  1432           0.00245235    0.01506844
  1433           0.00656823    0.04480014
  1434           0.00230999    0.01394966
  1435           0.00297801    0.01907679
  1436           0.00182509    0.00992129
  1437           0.00451882    0.03029387
  1438           0.00292989    0.01871623
  1439           0.00217090    0.01283273
  1440           0.00585332    0.03976573
  1441           0.00253939    0.01574550
  1442           0.00309098    0.01991931
  1443           0.00223821    0.01337608
  1444           0.00281521    0.01785183
  1445           0.00629460    0.04287550
  1446           0.00239749    0.01464031
  1447           0.00304860    0.01960388
  1448           0.00120061    0.00782010
  1449           0.00153123    0.00782059
  1450           0.00212748    0.01247930
  1451           0.00570601    0.03872567
  1452           0.00258642    0.01610826
  1453           0.00307848    0.01982625
  1454           0.00306180    0.01970259
  1455           0.00307640    0.01981072
  1456           0.00314641    0.02033165
  1457           0.00308407    0.01986789
  1458           0.00279608    0.01770785
  1459           0.00303257    0.01948397
  1460           0.00428410    0.02861228
  1461           0.00298291    0.01911352
  1462           0.00178471    0.00956273
  1463           0.00434487    0.02904830
  1464           0.00296991    0.01901621
  1465           0.00188963    0.01048465
  1466           0.00479082    0.03223538
  1467           0.00286021    0.01819238
  1468           0.00253389    0.01570198
  1469           0.00666469    0.04547799
  1470           0.00227941    0.01370646
  1471           0.00294734    0.01884719
  1472           0.00205562    0.01188795
  1473           0.00544692    0.03689371
  1474           0.00266791    0.01673329
  1475           0.00301435    0.01934796
  1476           0.00459839    0.03086259
  1477           0.00291032    0.01856934
  1478           0.00228747    0.01376937
  1479           0.00620696    0.04225849
  1480           0.00242566    0.01486116
  1481           0.00306499    0.01972606
  1482           0.00113041    0.00782008
  1483           0.00113044    0.00782057
  1484           0.00113057    0.00782008
  1485           0.00113131    0.00782057
  1486           0.00113516    0.00782007
  1487           0.00115698    0.00782057
  1488           0.00125088    0.00782007
  1489           0.00180592    0.00975219
  1490           0.00247430    0.01523965
  1491           0.00660051    0.04502705
  1492           0.00229973    0.01386829
  1493           0.00296803    0.01900225
  1494           0.00190412    0.01060968
  1495           0.00485078    0.03266252
  1496           0.00284387    0.01806920
  1497           0.00260026    0.01621384
  1498           0.00669020    0.04565719
  1499           0.00227135    0.01364224
  1500           0.00293881    0.01878328
  1501           0.00211327    0.01236311
  1502           0.00565625    0.03837414
  1503           0.00260219    0.01622972
  1504           0.00307057    0.01976739
  1505           0.00335573    0.02187759
  1506           0.00309178    0.01992537
  1507           0.00200016    0.01142585
  1508           0.00265175    0.01660881
  1509           0.00667036    0.04551779
  1510           0.00227761    0.01369217
  1511           0.00294546    0.01883307
  1512           0.00206856    0.01199515
  1513           0.00549490    0.03723325
  1514           0.00265296    0.01661902
  1515           0.00303071    0.01947016
  1516           0.00431848    0.02885902
  1517           0.00297561    0.01905889
  1518           0.00184437    0.01009104
  1519           0.00460101    0.03088134
  1520           0.00290965    0.01856439
  1521           0.00229116    0.01379885
  1522           0.00621704    0.04232947
  1523           0.00242241    0.01483576
  1524           0.00306327    0.01971331
  1525           0.00113156    0.00782055
  1526           0.00113682    0.00782005
  1527           0.00116247    0.00782055
  1528           0.00131474    0.00782005
  1529           0.00172178    0.00899282
  1530           0.00406858    0.02706215
  1531           0.00302434    0.01942314
  1532           0.00141110    0.00782005
  1533           0.00262186    0.01638044
  1534           0.00298516    0.01912986
  1535           0.00500963    0.03379247
  1536           0.00279916    0.01773145
  1537           0.00275272    0.01737856
  1538           0.00650492    0.04435511
  1539           0.00233012    0.01410943
  1540           0.00299663    0.01921616
  1541           0.00166665    0.00848033
  1542           0.00382167    0.02527770
  1543           0.00306135    0.01969909
  1544           0.00113508    0.00782004
  1545           0.00115667    0.00782054
  1546           0.00124970    0.00782004
  1547           0.00179974    0.00969744
  1548           0.00246788    0.01518975
  1549           0.00659155    0.04496409
  1550           0.00230256    0.01389088
  1551           0.00297082    0.01902318
  1552           0.00188233    0.01042174
  1553           0.00476058    0.03201995
  1554           0.00286831    0.01825352
  1555           0.00249854    0.01542817
  1556           0.00663091    0.04524065
  1557           0.00229007    0.01379159
  1558           0.00295836    0.01892985
  1559           0.00197693    0.01123010
  1560           0.00514476    0.03475224
  1561           0.00275971    0.01743251
  1562           0.00285698    0.01816731
  1563           0.00609350    0.04145933
  1564           0.00246217    0.01514637
  1565           0.00308085    0.01984418
  1566           0.00126381    0.00782002
  1567           0.00159563    0.00782053
  1568           0.00349748    0.02291740
  1569           0.00308884    0.01990363
  1570           0.00155788    0.00782002
  1571           0.00216760    0.01280623
  1572           0.00584251    0.03968953
  1573           0.00254282    0.01577227
  1574           0.00309057    0.01991641
  1575           0.00229504    0.01383029
  1576           0.00284696    0.01809175
  1577           0.00614680    0.04183490
  1578           0.00244500    0.01501252
  1579           0.00307419    0.01979466
  1580           0.00116725    0.00782002
  1581           0.00129161    0.00782052
  1582           0.00202078    0.01159870
  1583           0.00266806    0.01673368
  1584           0.00665581    0.04541565
  1585           0.00228219    0.01372882
  1586           0.00295025    0.01886912
  1587           0.00203518    0.01171833
  1588           0.00537022    0.03635068
  1589           0.00269159    0.01691427
  1590           0.00298354    0.01911773
  1591           0.00502973    0.03393531
  1592           0.00279335    0.01768754
  1593           0.00276967    0.01750719
  1594           0.00645723    0.04401972
  1595           0.00234532    0.01422977
  1596           0.00300980    0.01931460
  1597           0.00154707    0.00782051
  1598           0.00327193    0.02126046
  1599           0.00309050    0.01991591
  1600           0.00230315    0.01389486
  1601           0.00285128    0.01812440
  1602           0.00612417    0.04167541
  1603           0.00245228    0.01506935
  1604           0.00307719    0.01981697
  1605           0.00120107    0.00782051
  1606           0.00141134    0.00782000
  1607           0.00262318    0.01639059
  1608           0.00298557    0.01913297
  1609           0.00500428    0.03375447
  1610           0.00280068    0.01774299
  1611           0.00274812    0.01734370
  1612           0.00651670    0.04443787
  1613           0.00232634    0.01407964
  1614           0.00299324    0.01919088
  1615           0.00169630    0.00875782
  1616           0.00395508    0.02624316
  1617           0.00304285    0.01956130
  1618           0.00124457    0.00781999
  1619           0.00177235    0.00945261
  1620           0.00243873    0.01496244
  1621           0.00654618    0.04464512
  1622           0.00231695    0.01400525
  1623           0.00298460    0.01912634
  1624           0.00177024    0.00943336
  1625           0.00428208    0.02859784
  1626           0.00298330    0.01911660
  1627           0.00178117    0.00953143
  1628           0.00432967    0.02893935
  1629           0.00297317    0.01904085
  1630           0.00186361    0.01025937
  1631           0.00468234    0.03146203
  1632           0.00288888    0.01840843
  1633           0.00240124    0.01466886
  1634           0.00647739    0.04416143
  1635           0.00233888    0.01417889
  1636           0.00300431    0.01927367
  1637           0.00159739    0.00782049
  1638           0.00350568    0.02297736
  1639           0.00308847    0.01990096
  1640           0.00153576    0.00781998
  1641           0.00213448    0.01253685
  1642           0.00573043    0.03889817
  1643           0.00257860    0.01604840
  1644           0.00308163    0.01984987
  1645           0.00291947    0.01863830
  1646           0.00305684    0.01966520
  1647           0.00375352    0.02478337
  1648           0.00306927    0.01975814
  1649           0.00113725    0.00782049
  1650           0.00116473    0.00781997
  1651           0.00132806    0.00782048
  1652           0.00175227    0.00927115
  1653           0.00420339    0.02803261
  1654           0.00299929    0.01923621
  1655           0.00164279    0.00825437
  1656           0.00371361    0.02449348
  1657           0.00307342    0.01978908
  1658           0.00116072    0.00781997
  1659           0.00126618    0.00782048
  1660           0.00188763    0.01046816
  1661           0.00255453    0.01586181
  1662           0.00667827    0.04557345
  1663           0.00227508    0.01367232
  1664           0.00294280    0.01881338
  1665           0.00208647    0.01214321
  1666           0.00556049    0.03769727
  1667           0.00263239    0.01646172
  1668           0.00304963    0.01961152
  1669           0.00392857    0.02605161
  1670           0.00304682    0.01959096
  1671           0.00121331    0.00782047
  1672           0.00160222    0.00786319
  1673           0.00223078    0.01331643
  1674           0.00604349    0.04110701
  1675           0.00247825    0.01527178
  1676           0.00308572    0.01988060
  1677           0.00140404    0.00782047
  1678           0.00190974    0.01065835
  1679           0.00487407    0.03282838
  1680           0.00283741    0.01802069
  1681           0.00262470    0.01640176
  1682           0.00668550    0.04562425
  1683           0.00227279    0.01365406
  1684           0.00294036    0.01879514
  1685           0.00210275    0.01227717
  1686           0.00561907    0.03811142
  1687           0.00261392    0.01632007
  1688           0.00306334    0.01971372
  1689           0.00357764    0.02350317
  1690           0.00308456    0.01987196
  1691           0.00136278    0.00782046
  1692           0.00182737    0.00994206
  1693           0.00452888    0.03036599
  1694           0.00292741    0.01869797
  1695           0.00218607    0.01295611
  1696           0.00590319    0.04011768
  1697           0.00252334    0.01562178
  1698           0.00309175    0.01992541
  1699           0.00198572    0.01130485
  1700           0.00264007    0.01651963
  1701           0.00667822    0.04557303
  1702           0.00227508    0.01367237
  1703           0.00294280    0.01881342
  1704           0.00208636    0.01214240
  1705           0.00556012    0.03769465
  1706           0.00263249    0.01646252
  1707           0.00304953    0.01961076
  1708           0.00393069    0.02606694
  1709           0.00304650    0.01958856
  1710           0.00121566    0.00781993
  1711           0.00161526    0.00799013
  1712           0.00224857    0.01345910
  1713           0.00609664    0.04148152
  1714           0.00246112    0.01513847
  1715           0.00308047    0.01984157
  1716           0.00125645    0.00781993
  1717           0.00157599    0.00782045
  1718           0.00340681    0.02225308
  1719           0.00309140    0.01992282
  1720           0.00182885    0.00995549
  1721           0.00249772    0.01542201
  1722           0.00663001    0.04523437
  1723           0.00229032    0.01379383
  1724           0.00295862    0.01893197
  1725           0.00197480    0.01121240
  1726           0.00513648    0.03469349
  1727           0.00276213    0.01745107
  1728           0.00285121    0.01812400
  1729           0.00612444    0.04167735
  1730           0.00245217    0.01506866
  1731           0.00307713    0.01981672
  1732           0.00120054    0.00781992
  1733           0.00140972    0.00782044
  1734           0.00261545    0.01633148
  1735           0.00298308    0.01911448
  1736           0.00503515    0.03397389
  1737           0.00279176    0.01767567
  1738           0.00277414    0.01754124
  1739           0.00644350    0.04392315
  1740           0.00234968    0.01426443
  1741           0.00301343    0.01934188
  1742           0.00151308    0.00781991
  1743           0.00311229    0.02007858
  1744           0.00308127    0.01984734
  1745           0.00293574    0.01876050
  1746           0.00305950    0.01968518
  1747           0.00368344    0.02427411
  1748           0.00307628    0.01981043
  1749           0.00118958    0.00782043
  1750           0.00137289    0.00781991
  1751           0.00243371    0.01492393
  1752           0.00291428    0.01859871
  1753           0.00571502    0.03878940
  1754           0.00258349    0.01608620
  1755           0.00307967    0.01983541
  1756           0.00300900    0.01930900
  1757           0.00307012    0.01976430
  1758           0.00336963    0.02198002
  1759           0.00309173    0.01992531
  1760           0.00195226    0.01102206
  1761           0.00261213    0.01630541
  1762           0.00668894    0.04564838
  1763           0.00227169    0.01364538
  1764           0.00293919    0.01878641
  1765           0.00211044    0.01234038
  1766           0.00564646    0.03830498
  1767           0.00260524    0.01625351
  1768           0.00306875    0.01975408
  1769           0.00341393    0.02230533
  1770           0.00309128    0.01992195
  1771           0.00180593    0.00975289
  1772           0.00247433    0.01524026
  1773           0.00660062    0.04502774
  1774           0.00229963    0.01386792
  1775           0.00296795    0.01900187
  1776           0.00190436    0.01061227
  1777           0.00485202    0.03267138
  1778           0.00284348    0.01806650
  1779           0.00260156    0.01622413
  1780           0.00669014    0.04565669
  1781           0.00227130    0.01364229
  1782           0.00293878    0.01878330
  1783           0.00211312    0.01236230
  1784           0.00565591    0.03837170
  1785           0.00260224    0.01623043
  1786           0.00307047    0.01976688
  1787           0.00335760    0.02189151
  1788           0.00309174    0.01992530
  1789           0.00199349    0.01137040
  1790           0.00264639    0.01656808
  1791           0.00667418    0.04554456
  1792           0.00227634    0.01368244
  1793           0.00294413    0.01882340
  1794           0.00207723    0.01206719
  1795           0.00552692    0.03745973
  1796           0.00264289    0.01654225
  1797           0.00304040    0.01954271
  1798           0.00412875    0.02749562
  1799           0.00301350    0.01934242
  1800           0.00151229    0.00781987
  1801           0.00310866    0.02005160
  1802           0.00308094    0.01984489
  1803           0.00295070    0.01887273
  1804           0.00306185    0.01970269
  1805           0.00361907    0.02380536
  1806           0.00308165    0.01985036
  1807           0.00128230    0.00782040
  1808           0.00164355    0.00826199
  1809           0.00371724    0.02451988
  1810           0.00307304    0.01978628
  1811           0.00115782    0.00782040
  1812           0.00125470    0.00781987
  1813           0.00182690    0.00993843
  1814           0.00249576    0.01540687
  1815           0.00662777    0.04521853
  1816           0.00229102    0.01379946
  1817           0.00295933    0.01893734
  1818           0.00196947    0.01116750
  1819           0.00511544    0.03454412
  1820           0.00276832    0.01749810
  1821           0.00283624    0.01801105
  1822           0.00619997    0.04220931
  1823           0.00242784    0.01487868
  1824           0.00306610    0.01973464
  1825           0.00113065    0.00782039
  1826           0.00113232    0.00781986
  1827           0.00114163    0.00782039
  1828           0.00118533    0.00781985
  1829           0.00144603    0.00782039
  1830           0.00198713    0.01131655
  1831           0.00518514    0.03503882
  1832           0.00274766    0.01734133
  1833           0.00288382    0.01836971
  1834           0.00593277    0.04032627
  1835           0.00251382    0.01554815
  1836           0.00309146    0.01992329
  1837           0.00184522    0.01009945
  1838           0.00251400    0.01554837
  1839           0.00664733    0.04535594
  1840           0.00228482    0.01375014
  1841           0.00295299    0.01888987
  1842           0.00201545    0.01155418
  1843           0.00529514    0.03581877
  1844           0.00271450    0.01708917
  1845           0.00294755    0.01884842
  1846           0.00542424    0.03673316
  1847           0.00267487    0.01678692
  1848           0.00300580    0.01928444
  1849           0.00472817    0.03178892
  1850           0.00287686    0.01831811
  1851           0.00245925    0.01512279
  1852           0.00657894    0.04487526
  1853           0.00230649    0.01392251
  1854           0.00297466    0.01905213
  1855           0.00185144    0.01015352
  1856           0.00463122    0.03109715
  1857           0.00290197    0.01850696
  1858           0.00233309    0.01413205
  1859           0.00632566    0.04309405
  1860           0.00238742    0.01456178
  1861           0.00304192    0.01955445
  1862           0.00125193    0.00781983
  1863           0.00181218    0.00980853
  1864           0.00248079    0.01529058
  1865           0.00660925    0.04508826
  1866           0.00229687    0.01384603
  1867           0.00296521    0.01898138
  1868           0.00192522    0.01079130
  1869           0.00493751    0.03327969
  1870           0.00281963    0.01788648
  1871           0.00268761    0.01688322
  1872           0.00663254    0.04525188
  1873           0.00228949    0.01378727
  1874           0.00295778    0.01892565
  1875           0.00198077    0.01126302
  1876           0.00516016    0.03486139
  1877           0.00275508    0.01739760
  1878           0.00286742    0.01824618
  1879           0.00603393    0.04103932
  1880           0.00248128    0.01529542
  1881           0.00308646    0.01988607
  1882           0.00143554    0.00781982
  1883           0.00196837    0.01115833
  1884           0.00511112    0.03451335
  1885           0.00276957    0.01750755
  1886           0.00283309    0.01798732
  1887           0.00621482    0.04231368
  1888           0.00242304    0.01484113
  1889           0.00306359    0.01971591
  1890           0.00113099    0.00781981
  1891           0.00113433    0.00782036
  1892           0.00115098    0.00781981
  1893           0.00124901    0.00782036
  1894           0.00155571    0.00781981
  1895           0.00331263    0.02156060
  1896           0.00309136    0.01992253
  1897           0.00215267    0.01268579
  1898           0.00276240    0.01745234
  1899           0.00647831    0.04416778
  1900           0.00233853    0.01417643
  1901           0.00300402    0.01927161
  1902           0.00159968    0.00783856
  1903           0.00351652    0.02305675
  1904           0.00308794    0.01989714
  1905           0.00150712    0.00782035
  1906           0.00208985    0.01217135
  1907           0.00557286    0.03778458
  1908           0.00262845    0.01643168
  1909           0.00305274    0.01963478
  1910           0.00385436    0.02551461
  1911           0.00305712    0.01966775
  1912           0.00114946    0.00781980
  1913           0.00124019    0.00782034
  1914           0.00153096    0.00781980
  1915           0.00319675    0.02070501
  1916           0.00308728    0.01989218
  1917           0.00259354    0.01616322
  1918           0.00297584    0.01906040
  1919           0.00512213    0.03459155
  1920           0.00276634    0.01748310
  1921           0.00284104    0.01804739
  1922           0.00617643    0.04204345
  1923           0.00243540    0.01493787
  1924           0.00306982    0.01976238
  1925           0.00113935    0.00782034
  1926           0.00117495    0.00781979
  1927           0.00138714    0.00782034
  1928           0.00187690    0.01037537
  1929           0.00473827    0.03186092
  1930           0.00287418    0.01829802
  1931           0.00247163    0.01521936
  1932           0.00659691    0.04500156
  1933           0.00230078    0.01387719
  1934           0.00296909    0.01901046
  1935           0.00189535    0.01053490
  1936           0.00481494    0.03240732
  1937           0.00285359    0.01814289
  1938           0.00256116    0.01591313
  1939           0.00668155    0.04559622
  1940           0.00227398    0.01366385
  1941           0.00294165    0.01880488
  1942           0.00209386    0.01220440
  1943           0.00558734    0.03788696
  1944           0.00262388    0.01639669
  1945           0.00305625    0.01966093
  1946           0.00376757    0.02488541
  1947           0.00306768    0.01974643
  1948           0.00113286    0.00781977
  1949           0.00114375    0.00782032
  1950           0.00120724    0.00781977
  1951           0.00143162    0.00782032
  1952           0.00272246    0.01714953
  1953           0.00301446    0.01934918
  1954           0.00459566    0.03084322
  1955           0.00291092    0.01857432
  1956           0.00228358    0.01373901
  1957           0.00619652    0.04218497
  1958           0.00242892    0.01488731
  1959           0.00306665    0.01973877
  1960           0.00113116    0.00781977
  1961           0.00113516    0.00782032
  1962           0.00115788    0.00781976
  1963           0.00125510    0.00782032
  1964           0.00182927    0.00995955
  1965           0.00249815    0.01542558
  1966           0.00663054    0.04523797
  1967           0.00229011    0.01379241
  1968           0.00295842    0.01893059
  1969           0.00197603    0.01122317
  1970           0.00514153    0.03472932
  1971           0.00276060    0.01743961
  1972           0.00285471    0.01815053
  1973           0.00610554    0.04154411
  1974           0.00245821    0.01511602
  1975           0.00307942    0.01983383
  1976           0.00123675    0.00781975
  1977           0.00152113    0.00782031
  1978           0.00315053    0.02036263
  1979           0.00308431    0.01987010
  1980           0.00277895    0.01757859
  1981           0.00302856    0.01945450
  1982           0.00435678    0.02913382
  1983           0.00296721    0.01899649
  1984           0.00190984    0.01065962
  1985           0.00487469    0.03283272
  1986           0.00283719    0.01801921
  1987           0.00262532    0.01640673
  1988           0.00668524    0.04562221
  1989           0.00227281    0.01365458
  1990           0.00294041    0.01879561
  1991           0.00210215    0.01227260
  1992           0.00561710    0.03809736
  1993           0.00261449    0.01632468
  1994           0.00306289    0.01971052
  1995           0.00358928    0.02358821
  1996           0.00308375    0.01986609
  1997           0.00133850    0.00782030
  1998           0.00177559    0.00948212
  1999           0.00430574    0.02876776
  2000           0.00297826    0.01907913
  2001           0.00182232    0.00989796
  2002           0.00450751    0.03021313
  2003           0.00293251    0.01873645
  2004           0.00215364    0.01269334
  2005           0.00579602    0.03936123
  2006           0.00255762    0.01588697
  2007           0.00308790    0.01989684
  2008           0.00254709    0.01580512
  2009           0.00295958    0.01893866
  2010           0.00530266    0.03587198
  2011           0.00271219    0.01707168
  2012           0.00295141    0.01887740
  2013           0.00538619    0.03646372
  2014           0.00268660    0.01687658
  2015           0.00299039    0.01916930
  2016           0.00494174    0.03330975
  2017           0.00281842    0.01787746
  2018           0.00269160    0.01691377
  2019           0.00662700    0.04521295
  2020           0.00229122    0.01380124
  2021           0.00295954    0.01893900
  2022           0.00196765    0.01115235
  2023           0.00510833    0.03449355
  2024           0.00277038    0.01751378
  2025           0.00283104    0.01797193
  2026           0.00622436    0.04238089
  2027           0.00241995    0.01481710
  2028           0.00306193    0.01970361
  2029           0.00113348    0.00782028
  2030           0.00114844    0.00781972
  2031           0.00121569    0.00782028
  2032           0.00161586    0.00799661
  2033           0.00224943    0.01346629
  2034           0.00609930    0.04150003
  2035           0.00246022    0.01513163
  2036           0.00308013    0.01983913
  2037           0.00125030    0.00782027
  2038           0.00155937    0.00781971
  2039           0.00332983    0.02168735
  2040           0.00309157    0.01992415
  2041           0.00209077    0.01217955
  2042           0.00272020    0.01713167
  2043           0.00657890    0.04487493
  2044           0.00230648    0.01392255
  2045           0.00297465    0.01905214
  2046           0.00185134    0.01015292
  2047           0.00463094    0.03109513
  2048           0.00290202    0.01850743
  2049           0.00233269    0.01412909
  2050           0.00632476    0.04308759
  2051           0.00238768    0.01456401
  2052           0.00304210    0.01955587
  2053           0.00125025    0.00782027
  2054           0.00180342    0.00973108
  2055           0.00247175    0.01522036
  2056           0.00659708    0.04500266
  2057           0.00230070    0.01387666
  2058           0.00296902    0.01900994
  2059           0.00189577    0.01053869
  2060           0.00481677    0.03242024
  2061           0.00285308    0.01813904
  2062           0.00256318    0.01592880
  2063           0.00668244    0.04560238
  2064           0.00227368    0.01366150
  2065           0.00294133    0.01880251
  2066           0.00209587    0.01222106
  2067           0.00559463    0.03793842
  2068           0.00262157    0.01637896
  2069           0.00305793    0.01967351
  2070           0.00372381    0.02456757
  2071           0.00307234    0.01978111
  2072           0.00115296    0.00781969
  2073           0.00123493    0.00782025
  2074           0.00172101    0.00898716
  2075           0.00238115    0.01451139
  2076           0.00643616    0.04387130
  2077           0.00235198    0.01428276
  2078           0.00301531    0.01935601
  2079           0.00149506    0.00782025
  2080           0.00302722    0.01944514
  2081           0.00307237    0.01978110
  2082           0.00329200    0.02140864
  2083           0.00309096    0.01991958
  2084           0.00222809    0.01329561
  2085           0.00280926    0.01780735
  2086           0.00631858    0.04304404
  2087           0.00238967    0.01457959
  2088           0.00304344    0.01956586
  2089           0.00123922    0.00782025
  2090           0.00174422    0.00919912
  2091           0.00240769    0.01471988
  2092           0.00649014    0.04425084
  2093           0.00233473    0.01414651
  2094           0.00300072    0.01924701
  2095           0.00162938    0.00812682
  2096           0.00365289    0.02405174
  2097           0.00307893    0.01983016
  2098           0.00122833    0.00781967
  2099           0.00149659    0.00782024
  2100           0.00303449    0.01949943
  2101           0.00307324    0.01978765
  2102           0.00326118    0.02118133
  2103           0.00309011    0.01991330
  2104           0.00234347    0.01421483
  2105           0.00287203    0.01828105
  2106           0.00600642    0.04084541
  2107           0.00249011    0.01536427
  2108           0.00308840    0.01990061
  2109           0.00153412    0.00782023
  2110           0.00213206    0.01251761
  2111           0.00572231    0.03884070
  2112           0.00258111    0.01606811
  2113           0.00308057    0.01984227
  2114           0.00296636    0.01899018
  2115           0.00306419    0.01972023
  2116           0.00355170    0.02331388
  2117           0.00308609    0.01988346
  2118           0.00142037    0.00781965
  2119           0.00194066    0.01092339
  2120           0.00500030    0.03372615
  2121           0.00280175    0.01775143
  2122           0.00274465    0.01731763
  2123           0.00652518    0.04449728
  2124           0.00232355    0.01405808
  2125           0.00299072    0.01917234
  2126           0.00171758    0.00895532
  2127           0.00405044    0.02693147
  2128           0.00302738    0.01944618
  2129           0.00138177    0.00782022
  2130           0.00247822    0.01527131
  2131           0.00293304    0.01873966
  2132           0.00555838    0.03768216
  2133           0.00263298    0.01646654
  2134           0.00304903    0.01960726
  2135           0.00394096    0.02614117
  2136           0.00304492    0.01957701
  2137           0.00122735    0.00782022
  2138           0.00167988    0.00860604
  2139           0.00233195    0.01412329
  2140           0.00632298    0.04307505
  2141           0.00238825    0.01456854
  2142           0.00304248    0.01955880
  2143           0.00124701    0.00782021
  2144           0.00178618    0.00957744
  2145           0.00245362    0.01507913
  2146           0.00657040    0.04481514
  2147           0.00230917    0.01394399
  2148           0.00297725    0.01907160
  2149           0.00183038    0.00996918
  2150           0.00454203    0.03045994
  2151           0.00292415    0.01867370
  2152           0.00220572    0.01311521
  2153           0.00596618    0.04056167
  2154           0.00250304    0.01546471
  2155           0.00309045    0.01991591
  2156           0.00169644    0.00876040
  2157           0.00235210    0.01428255
  2158           0.00637132    0.04341515
  2159           0.00237273    0.01444650
  2160           0.00303147    0.01947667
  2161           0.00134383    0.00782020
  2162           0.00228869    0.01378035
  2163           0.00284351    0.01806612
  2164           0.00616396    0.04195548
  2165           0.00243938    0.01496915
  2166           0.00307167    0.01977618
  2167           0.00114867    0.00782020
  2168           0.00121678    0.00781962
  2169           0.00162199    0.00805603
  2170           0.00225767    0.01353235
  2171           0.00612339    0.04166972
  2172           0.00245244    0.01507113
  2173           0.00307722    0.01981753
  2174           0.00120221    0.00781961
  2175           0.00141549    0.00782019
  2176           0.00264411    0.01655150
  2177           0.00299208    0.01918201
  2178           0.00491936    0.03315058
  2179           0.00282471    0.01792502
  2180           0.00267014    0.01675000
  2181           0.00665355    0.04539942
  2182           0.00228280    0.01373431
  2183           0.00295091    0.01887442
  2184           0.00202990    0.01167512
  2185           0.00535056    0.03621130
  2186           0.00269753    0.01696002
  2187           0.00297464    0.01905145
  2188           0.00513585    0.03468885
  2189           0.00276225    0.01745220
  2190           0.00285074    0.01812065
  2191           0.00612663    0.04169248
  2192           0.00245140    0.01506292
  2193           0.00307680    0.01981438
  2194           0.00119664    0.00781960
  2195           0.00139712    0.00782018
  2196           0.00255403    0.01585882
  2197           0.00296208    0.01895741
  2198           0.00527596    0.03568264
  2199           0.00272028    0.01713331
  2200           0.00293738    0.01877221
  2201           0.00551939    0.03740630
  2202           0.00264519    0.01656014
  2203           0.00303817    0.01952618
  2204           0.00417335    0.02781658
  2205           0.00300506    0.01927950
  2206           0.00158991    0.00781959
  2207           0.00347166    0.02272856
  2208           0.00308975    0.01991067
  2209           0.00162991    0.00813236
  2210           0.00226821    0.01361656
  2211           0.00615360    0.04188251
  2212           0.00244271    0.01499516
  2213           0.00307316    0.01978728
  2214           0.00115898    0.00781959
  2215           0.00125970    0.00782017
  2216           0.00185398    0.01017657
  2217           0.00252258    0.01561507
  2218           0.00665538    0.04541220
  2219           0.00228222    0.01372968
  2220           0.00295031    0.01886989
  2221           0.00203413    0.01171035
  2222           0.00536662    0.03632501
  2223           0.00269260    0.01692240
  2224           0.00298189    0.01910573
  2225           0.00504909    0.03407274
  2226           0.00278766    0.01764479
  2227           0.00278546    0.01762730
  2228           0.00640648    0.04366239
  2229           0.00236146    0.01435766
  2230           0.00302289    0.01941262
  2231           0.00142373    0.00782016
  2232           0.00268433    0.01685901
  2233           0.00300397    0.01927085
  2234           0.00475439    0.03197569
  2235           0.00286986    0.01826554
  2236           0.00249112    0.01537102
  2237           0.00662228    0.04517952
  2238           0.00229269    0.01381303
  2239           0.00296103    0.01895018
  2240           0.00195640    0.01105727
  2241           0.00506360    0.03417576
  2242           0.00278344    0.01761280
  2243           0.00279702    0.01771481
  2244           0.00636557    0.04337454
  2245           0.00237456    0.01446087
  2246           0.00303281    0.01948663
  2247           0.00133142    0.00782015
  2248           0.00222594    0.01327844
  2249           0.00280799    0.01779774
  2250           0.00632357    0.04307903
  2251           0.00238804    0.01456685
  2252           0.00304233    0.01955762
  2253           0.00124809    0.00782015
  2254           0.00179204    0.00962989
  2255           0.00245983    0.01512758
  2256           0.00657986    0.04488141
  2257           0.00230614    0.01391995
  2258           0.00297433    0.01904971
  2259           0.00185370    0.01017376
  2260           0.00464102    0.03116697
  2261           0.00289943    0.01848793
  2262           0.00234641    0.01423767
  2263           0.00635794    0.04332079
  2264           0.00237701    0.01448010
  2265           0.00303459    0.01949989
  2266           0.00131525    0.00781955
  2267           0.00214354    0.01261179
  2268           0.00275639    0.01740685
  2269           0.00649483    0.04428358
  2270           0.00233321    0.01413452
  2271           0.00299938    0.01923700
  2272           0.00164118    0.00824011
  2273           0.00370681    0.02444398
  2274           0.00307401    0.01979356
  2275           0.00116618    0.00782014
  2276           0.00128811    0.00781954
  2277           0.00200340    0.01145403
  2278           0.00265435    0.01662922
  2279           0.00666820    0.04550211
  2280           0.00227816    0.01369727
  2281           0.00294607    0.01883801
  2282           0.00206360    0.01195498
  2283           0.00547701    0.03710637
  2284           0.00265842    0.01666129
  2285           0.00302479    0.01942626
  2286           0.00442318    0.02960942
  2287           0.00295226    0.01888441
  2288           0.00202028    0.01159488
  2289           0.00531386    0.03595111
  2290           0.00270874    0.01704539
  2291           0.00295704    0.01891957
  2292           0.00532874    0.03605649
  2293           0.00270420    0.01701077
  2294           0.00296434    0.01897424
  2295           0.00525146    0.03550876
  2296           0.00272768    0.01718954
  2297           0.00292382    0.01867046
  2298           0.00563723    0.03823929
  2299           0.00260809    0.01627551
  2300           0.00306694    0.01974060
  2301           0.00346874    0.02270711
  2302           0.00308983    0.01991120
  2303           0.00163830    0.00821291
  2304           0.00227924    0.01370460
  2305           0.00618459    0.04210054
  2306           0.00243272    0.01491703
  2307           0.00306852    0.01975261
  2308           0.00113491    0.00781952
  2309           0.00115416    0.00782011
  2310           0.00126788    0.00781952
  2311           0.00160672    0.00790784
  2312           0.00354918    0.02329544
  2313           0.00308621    0.01988431
  2314           0.00142619    0.00781951
  2315           0.00195143    0.01101515
  2316           0.00504374    0.03403460
  2317           0.00278920    0.01765646
  2318           0.00278113    0.01759441
  2319           0.00642092    0.04376380
  2320           0.00235682    0.01432113
  2321           0.00301923    0.01938526
  2322           0.00145807    0.00781951
  2323           0.00285056    0.01811997
  2324           0.00304410    0.01957043
  2325           0.00404992    0.02692763
  2326           0.00302745    0.01944664
  2327           0.00138094    0.00782010
  2328           0.00247422    0.01524021
  2329           0.00293139    0.01872728
  2330           0.00557266    0.03778294
  2331           0.00262846    0.01643194
  2332           0.00305266    0.01963425
  2333           0.00385539    0.02552204
  2334           0.00305694    0.01966651
  2335           0.00114998    0.00782010
  2336           0.00124372    0.00781950
  2337           0.00154113    0.00782010
  2338           0.00324477    0.02106014
  2339           0.00308951    0.01990881
  2340           0.00240599    0.01470715
  2341           0.00290188    0.01850571
  2342           0.00580820    0.03944695
  2343           0.00255369    0.01585674
  2344           0.00308871    0.01990283
  2345           0.00247982    0.01528378
  2346           0.00293368    0.01874446
  2347           0.00555255    0.03764077
  2348           0.00263478    0.01648043
  2349           0.00304748    0.01959568
  2350           0.00397573    0.02639230
  2351           0.00303958    0.01953720
  2352           0.00127122    0.00781948
  2353           0.00191501    0.01070478
  2354           0.00257956    0.01605511
  2355           0.00668799    0.04564117
  2356           0.00227190    0.01364747
  2357           0.00293945    0.01878844
  2358           0.00210830    0.01232327
  2359           0.00563911    0.03825267
  2360           0.00260750    0.01627104
  2361           0.00306731    0.01974341
  2362           0.00345754    0.02262511
  2363           0.00309019    0.01991396
  2364           0.00167115    0.00852434
  2365           0.00232115    0.01403779
  2366           0.00629602    0.04288505
  2367           0.00239688    0.01463639
  2368           0.00304819    0.01960131
  2369           0.00120251    0.00782008
  2370           0.00154312    0.00781947
  2371           0.00214575    0.01262938
  2372           0.00576940    0.03917305
  2373           0.00256608    0.01595232
  2374           0.00308569    0.01988038
  2375           0.00269601    0.01694814
  2376           0.00300726    0.01929541
  2377           0.00470592    0.03163003
  2378           0.00288265    0.01836184
  2379           0.00243142    0.01490576
  2380           0.00653380    0.04455755
  2381           0.00232078    0.01403619
  2382           0.00298818    0.01915332
  2383           0.00173920    0.00915339
  2384           0.00414633    0.02762206
  2385           0.00301017    0.01931772
  2386           0.00154268    0.00781946
  2387           0.00325207    0.02111407
  2388           0.00308978    0.01991080
  2389           0.00237801    0.01448739
  2390           0.00288886    0.01840779
  2391           0.00589909    0.04008828
  2392           0.00252457    0.01563159
  2393           0.00309168    0.01992499
  2394           0.00200550    0.01147172
  2395           0.00265603    0.01664209
  2396           0.00666684    0.04549251
  2397           0.00227858    0.01370070
  2398           0.00294651    0.01884140
  2399           0.00206048    0.01192925
  2400           0.00546551    0.03702496
  2401           0.00266199    0.01668867
  2402           0.00302087    0.01939703
  2403           0.00449029    0.03008975
  2404           0.00293658    0.01876696
  2405           0.00212709    0.01247709
  2406           0.00570513    0.03871907
  2407           0.00258655    0.01610996
  2408           0.00307826    0.01982500
  2409           0.00306652    0.01973818
  2410           0.00307680    0.01981415
  2411           0.00312602    0.02018067
  2412           0.00308238    0.01985568
  2413           0.00287889    0.01833346
  2414           0.00304958    0.01961129
  2415           0.00392794    0.02604694
  2416           0.00304683    0.01959118
  2417           0.00121250    0.00782005
  2418           0.00159858    0.00782872
  2419           0.00222584    0.01327723
  2420           0.00602869    0.04100213
  2421           0.00248291    0.01530841
  2422           0.00308683    0.01988895
  2423           0.00145333    0.00782004
  2424           0.00200009    0.01142597
  2425           0.00523603    0.03539937
  2426           0.00273233    0.01722501
  2427           0.00291495    0.01860386
  2428           0.00570921    0.03874787
  2429           0.00258525    0.01610002
  2430           0.00307883    0.01982923
  2431           0.00304268    0.01956051
  2432           0.00307417    0.01979460
  2433           0.00322642    0.02092456
  2434           0.00308874    0.01990305
  2435           0.00247684    0.01526063
  2436           0.00293246    0.01873534
  2437           0.00556325    0.03771634
  2438           0.00263142    0.01645463
  2439           0.00305028    0.01961650
  2440           0.00391175    0.02592987
  2441           0.00304918    0.01960871
  2442           0.00119544    0.00781942
  2443           0.00150365    0.00782003
  2444           0.00208438    0.01212669
  2445           0.00555327    0.03764582
  2446           0.00263455    0.01647867
  2447           0.00304767    0.01959709
  2448           0.00397141    0.02636108
  2449           0.00304025    0.01954219
  2450           0.00126545    0.00781941
  2451           0.00188462    0.01044299
  2452           0.00255175    0.01584073
  2453           0.00667674    0.04556207
  2454           0.00227545    0.01367579
  2455           0.00294321    0.01881671
  2456           0.00208299    0.01211526
  2457           0.00554823    0.03761014
  2458           0.00263613    0.01649078
  2459           0.00304632    0.01958699
  2460           0.00400152    0.02657846
  2461           0.00303548    0.01950657
  2462           0.00130722    0.00781940
  2463           0.00210243    0.01227563
  2464           0.00272841    0.01719429
  2465           0.00656213    0.04475664
  2466           0.00231176    0.01396470
  2467           0.00297973    0.01909018
  2468           0.00180989    0.00978841
  2469           0.00445442    0.02983308
  2470           0.00294503    0.01883031
  2471           0.00207064    0.01201334
  2472           0.00550307    0.03729069
  2473           0.00265028    0.01659908
  2474           0.00303320    0.01948913
  2475           0.00426993    0.02851051
  2476           0.00298574    0.01913509
  2477           0.00175988    0.00934104
  2478           0.00423732    0.02827628
  2479           0.00299242    0.01918507
  2480           0.00170256    0.00881710
  2481           0.00398370    0.02644982
  2482           0.00303832    0.01952780
  2483           0.00128205    0.00782001
  2484           0.00197194    0.01118940
  2485           0.00262873    0.01643301
  2486           0.00668386    0.04561206
  2487           0.00227319    0.01365783
  2488           0.00294083    0.01879880
  2489           0.00209904    0.01224735
  2490           0.00560616    0.03801969
  2491           0.00261790    0.01635093
  2492           0.00306050    0.01969273
  2493           0.00365465    0.02406447
  2494           0.00307875    0.01982888
  2495           0.00122574    0.00782000
  2496           0.00148902    0.00781938
  2497           0.00299876    0.01923259
  2498           0.00306872    0.01975397
  2499           0.00341297    0.02229827
  2500           0.00309124    0.01992173
  2501           0.00180874    0.00977862
  2502           0.00247728    0.01526349
  2503           0.00660469    0.04505579
  2504           0.00229825    0.01385735
  2505           0.00296660    0.01899191
  2506           0.00191418    0.01069734
  2507           0.00489276    0.03296108
  2508           0.00283212    0.01798099
  2509           0.00264376    0.01654819
  2510           0.00667587    0.04555586
  2511           0.00227571    0.01367793
  2512           0.00294350    0.01881884
  2513           0.00208102    0.01209903
  2514           0.00554107    0.03755942
  2515           0.00263838    0.01650794
  2516           0.00304436    0.01957234
  2517           0.00404424    0.02688666
  2518           0.00302840    0.01945377
  2519           0.00137193    0.00781998
  2520           0.00242964    0.01489244
  2521           0.00291246    0.01858519
  2522           0.00572862    0.03888489
  2523           0.00257907    0.01605243
  2524           0.00308133    0.01984789
  2525           0.00292965    0.01871499
  2526           0.00305846    0.01967751
  2527           0.00370928    0.02446192
  2528           0.00307376    0.01979175
  2529           0.00116402    0.00781998
  2530           0.00127982    0.00781935
  2531           0.00196029    0.01109083
  2532           0.00261896    0.01635810
  2533           0.00668730    0.04563613
  2534           0.00227211    0.01364917
  2535           0.00293967    0.01879012
  2536           0.00210673    0.01231051
  2537           0.00563361    0.03821365
  2538           0.00260922    0.01628434
  2539           0.00306622    0.01973536
  2540           0.00349038    0.02286552
  2541           0.00308903    0.01990534
  2542           0.00157695    0.00781935
  2543           0.00219542    0.01303226
  2544           0.00593359    0.04033152
  2545           0.00251348    0.01554573
  2546           0.00309138    0.01992278
  2547           0.00184119    0.01006484
  2548           0.00251005    0.01551806
  2549           0.00664343    0.04532788
  2550           0.00228597    0.01375964
  2551           0.00295419    0.01889896
  2552           0.00200632    0.01147828
  2553           0.00526023    0.03557086
  2554           0.00272502    0.01716936
  2555           0.00292874    0.01870739
  2556           0.00559552    0.03794442
  2557           0.00262124    0.01637660
  2558           0.00305811    0.01967487
  2559           0.00371835    0.02452778
  2560           0.00307286    0.01978499
  2561           0.00115679    0.00781996
  2562           0.00125101    0.00781933
  2563           0.00180788    0.00977106
  2564           0.00247639    0.01525660
  2565           0.00660349    0.04504724
  2566           0.00229862    0.01386030
  2567           0.00296697    0.01899463
  2568           0.00191129    0.01067251
  2569           0.00488090    0.03287658
  2570           0.00283541    0.01800580
  2571           0.00263169    0.01645572
  2572           0.00668252    0.04560245
  2573           0.00227361    0.01366111
  2574           0.00294127    0.01880205
  2575           0.00209603    0.01222260
  2576           0.00559536    0.03794322
  2577           0.00262129    0.01637695
  2578           0.00305807    0.01967454
  2579           0.00371931    0.02453476
  2580           0.00307276    0.01978423
  2581           0.00115607    0.00781994
  2582           0.00124807    0.00781932
  2583           0.00179219    0.00963144
  2584           0.00246000    0.01512897
  2585           0.00658016    0.04488323
  2586           0.00230602    0.01391910
  2587           0.00297422    0.01904890
  2588           0.00185442    0.01018021
  2589           0.00464417    0.03118929
  2590           0.00289860    0.01848176
  2591           0.00235066    0.01427131
  2592           0.00636802    0.04339143
  2593           0.00237375    0.01445457
  2594           0.00303222    0.01948217
  2595           0.00133664    0.00781994
  2596           0.00225264    0.01349272
  2597           0.00282348    0.01791488
  2598           0.00625844    0.04262031
  2599           0.00240894    0.01473097
  2600           0.00305565    0.01965680
  2601           0.00115604    0.00781993
  2602           0.00127896    0.00781931
  2603           0.00163539    0.00818496
  2604           0.00368056    0.02425306
  2605           0.00307647    0.01981187
  2606           0.00119259    0.00781930
  2607           0.00138363    0.00781993
  2608           0.00248770    0.01534510
  2609           0.00293685    0.01876825
  2610           0.00552397    0.03743844
  2611           0.00264373    0.01654897
  2612           0.00303949    0.01953606
  2613           0.00414605    0.02762001
  2614           0.00301021    0.01931799
  2615           0.00154219    0.00781992
  2616           0.00324990    0.02109802
  2617           0.00308969    0.01991012
  2618           0.00238625    0.01455221
  2619           0.00289275    0.01843701
  2620           0.00587265    0.03990155
  2621           0.00253303    0.01569715
  2622           0.00309138    0.01992268
  2623           0.00213788    0.01256573
  2624           0.00275263    0.01737832
  2625           0.00650484    0.04435376
  2626           0.00232999    0.01410920
  2627           0.00299653    0.01921578
  2628           0.00166636    0.00847917
  2629           0.00382113    0.02527378
  2630           0.00306131    0.01969903
  2631           0.00113466    0.00781991
  2632           0.00115563    0.00781929
  2633           0.00124630    0.00781991
  2634           0.00178270    0.00954673
  2635           0.00244994    0.01505050
  2636           0.00656467    0.04477439
  2637           0.00231094    0.01395825
  2638           0.00297895    0.01908437
  2639           0.00181618    0.00984421
  2640           0.00448150    0.03002681
  2641           0.00293866    0.01878256
  2642           0.00211339    0.01236511
  2643           0.00565720    0.03838034
  2644           0.00260175    0.01622693
  2645           0.00307064    0.01976829
  2646           0.00334967    0.02183328
  2647           0.00309166    0.01992483
  2648           0.00202067    0.01159878
  2649           0.00266798    0.01673354
  2650           0.00665576    0.04541448
  2651           0.00228206    0.01372855
  2652           0.00295016    0.01886871
  2653           0.00203500    0.01171782
  2654           0.00537007    0.03634914
  2655           0.00269151    0.01691410
  2656           0.00298340    0.01911697
  2657           0.00503021    0.03393829
  2658           0.00279310    0.01768596
  2659           0.00277000    0.01751013
  2660           0.00645588    0.04400943
  2661           0.00234562    0.01423276
  2662           0.00301006    0.01931677
  2663           0.00154362    0.00781989
  2664           0.00325658    0.02114727
  2665           0.00308992    0.01991182
  2666           0.00236077    0.01435163
  2667           0.00288056    0.01834529
  2668           0.00595325    0.04047001
  2669           0.00250716    0.01549668
  2670           0.00309088    0.01991898
  2671           0.00175249    0.00927461
  2672           0.00241697    0.01479278
  2673           0.00650781    0.04437455
  2674           0.00232904    0.01410165
  2675           0.00299568    0.01920938
  2676           0.00167385    0.00854959
  2677           0.00385492    0.02551857
  2678           0.00305698    0.01966679
  2679           0.00114967    0.00781988
  2680           0.00124213    0.00781925
  2681           0.00153673    0.00781988
  2682           0.00322432    0.02090897
  2683           0.00308863    0.01990223
  2684           0.00248497    0.01532389
  2685           0.00293575    0.01876002
  2686           0.00553386    0.03750832
  2687           0.00264063    0.01652523
  2688           0.00304233    0.01955725
  2689           0.00408722    0.02719637
  2690           0.00302094    0.01939811
  2691           0.00144176    0.00781987
  2692           0.00277206    0.01752642
  2693           0.00302689    0.01944204
  2694           0.00438585    0.02934187
  2695           0.00296070    0.01894773
  2696           0.00195870    0.01107695
  2697           0.00507293    0.03424181
  2698           0.00278069    0.01759207
  2699           0.00280431    0.01776994
  2700           0.00633797    0.04318003
  2701           0.00238339    0.01453043
  2702           0.00303913    0.01953375
  2703           0.00127495    0.00781986
  2704           0.00193485    0.01087464
  2705           0.00259712    0.01619027
  2706           0.00669020    0.04565633
  2707           0.00227118    0.01364178
  2708           0.00293868    0.01878267
  2709           0.00211321    0.01236368
  2710           0.00565659    0.03837594
  2711           0.00260194    0.01622834
  2712           0.00307053    0.01976740
  2713           0.00335326    0.02185965
  2714           0.00309166    0.01992481
  2715           0.00200817    0.01149418
  2716           0.00265815    0.01665831
  2717           0.00666502    0.04547942
  2718           0.00227913    0.01370515
  2719           0.00294710    0.01884574
  2720           0.00205631    0.01189483
  2721           0.00545011    0.03691571
  2722           0.00266676    0.01672513
  2723           0.00301541    0.01935624
  2724           0.00457956    0.03072779
  2725           0.00291487    0.01860395
  2726           0.00226059    0.01355579
  2727           0.00613190    0.04172913
  2728           0.00244965    0.01504940
  2729           0.00307609    0.01980896
  2730           0.00118796    0.00781922
  2731           0.00136780    0.00781985
  2732           0.00240917    0.01473215
  2733           0.00290332    0.01851645
  2734           0.00579753    0.03937127
  2735           0.00255707    0.01588282
  2736           0.00308797    0.01989721
  2737           0.00253851    0.01573893
  2738           0.00295640    0.01891482
  2739           0.00533510    0.03610129
  2740           0.00270223    0.01699580
  2741           0.00296737    0.01899698
  2742           0.00521798    0.03527114
  2743           0.00273774    0.01726603
  2744           0.00290422    0.01852323
  2745           0.00579086    0.03932414
  2746           0.00255920    0.01589923
  2747           0.00308747    0.01989351
  2748           0.00257551    0.01602455
  2749           0.00296965    0.01901398
  2750           0.00519259    0.03509103
  2751           0.00274534    0.01732380
  2752           0.00288852    0.01840514
  2753           0.00590122    0.04010289
  2754           0.00252386    0.01562605
  2755           0.00309166    0.01992474
  2756           0.00199498    0.01138359
  2757           0.00264760    0.01657757
  2758           0.00667325    0.04553705
  2759           0.00227652    0.01368433
  2760           0.00294436    0.01882513
  2761           0.00207508    0.01205006
  2762           0.00551941    0.03740595
  2763           0.00264514    0.01655969
  2764           0.00303815    0.01952587
  2765           0.00417305    0.02781408
  2766           0.00300508    0.01927950
  2767           0.00158936    0.00781982
  2768           0.00346937    0.02271163
  2769           0.00308979    0.01991084
  2770           0.00163637    0.00819480
  2771           0.00227675    0.01368481
  2772           0.00617774    0.04205187
  2773           0.00243489    0.01493411
  2774           0.00306956    0.01976032
  2775           0.00113839    0.00781982
  2776           0.00117102    0.00781919
  2777           0.00136534    0.00781982
  2778           0.00183294    0.00999204
  2779           0.00455316    0.03053908
  2780           0.00292138    0.01865283
  2781           0.00222217    0.01324783
  2782           0.00601751    0.04092299
  2783           0.00248648    0.01533613
  2784           0.00308762    0.01989471
  2785           0.00149285    0.00781981
  2786           0.00206693    0.01198271
  2787           0.00548946    0.03719409
  2788           0.00265451    0.01663139
  2789           0.00302887    0.01945669
  2790           0.00435009    0.02908543
  2791           0.00296862    0.01900690
  2792           0.00189846    0.01056226
  2793           0.00482814    0.03250080
  2794           0.00284993    0.01811524
  2795           0.00257572    0.01602557
  2796           0.00668697    0.04563342
  2797           0.00227219    0.01364979
  2798           0.00293976    0.01879068
  2799           0.00210601    0.01230458
  2800           0.00563106    0.03819536
  2801           0.00261001    0.01629028
  2802           0.00306571    0.01973137
  2803           0.00350549    0.02297593
  2804           0.00308838    0.01990037
  2805           0.00153585    0.00781980
  2806           0.00213476    0.01253987
  2807           0.00573181    0.03890713
  2808           0.00257803    0.01604438
  2809           0.00308170    0.01985053
  2810           0.00291107    0.01857540
  2811           0.00305533    0.01965406
  2812           0.00378920    0.02504208
  2813           0.00306515    0.01972750
  2814           0.00113008    0.00781916
  2815           0.00113011    0.00781979
  2816           0.00113029    0.00781916
  2817           0.00113123    0.00781979
  2818           0.00113643    0.00781916
  2819           0.00116180    0.00781979
  2820           0.00131238    0.00781916
  2821           0.00171670    0.00894772
  2822           0.00404682    0.02690513
  2823           0.00302795    0.01945042
  2824           0.00137599    0.00781916
  2825           0.00244991    0.01505083
  2826           0.00292123    0.01865100
  2827           0.00565860    0.03839006
  2828           0.00260130    0.01622348
  2829           0.00307089    0.01977008
  2830           0.00334136    0.02177207
  2831           0.00309162    0.01992448
  2832           0.00204976    0.01184095
  2833           0.00269024    0.01690346
  2834           0.00662887    0.04522537
  2835           0.00229056    0.01379627
  2836           0.00295889    0.01893415
  2837           0.00197204    0.01118992
  2838           0.00512605    0.03461886
  2839           0.00276511    0.01747387
  2840           0.00284380    0.01806830
  2841           0.00616228    0.04194307
  2842           0.00243987    0.01497306
  2843           0.00307187    0.01977765
  2844           0.00115007    0.00781914
  2845           0.00122311    0.00781977
  2846           0.00165715    0.00839266
  2847           0.00230356    0.01389831
  2848           0.00625062    0.04256508
  2849           0.00241145    0.01475070
  2850           0.00305712    0.01966780
  2851           0.00114903    0.00781977
  2852           0.00123849    0.00781914
  2853           0.00152642    0.00781976
  2854           0.00317590    0.02055064
  2855           0.00308599    0.01988257
  2856           0.00267633    0.01679792
  2857           0.00300166    0.01925357
  2858           0.00478732    0.03221011
  2859           0.00286101    0.01819885
  2860           0.00252981    0.01567112
  2861           0.00666157    0.04545511
  2862           0.00228021    0.01371385
  2863           0.00294823    0.01885430
  2864           0.00204838    0.01182912
  2865           0.00542054    0.03670636
  2866           0.00267593    0.01679518
  2867           0.00300432    0.01927338
  2868           0.00474894    0.03193655
  2869           0.00287127    0.01827616
  2870           0.00248456    0.01532013
  2871           0.00661421    0.04512222
  2872           0.00229520    0.01383318
  2873           0.00296357    0.01896915
  2874           0.00193708    0.01089325
  2875           0.00498608    0.03362451
  2876           0.00280576    0.01778177
  2877           0.00273215    0.01722262
  2878           0.00655403    0.04469923
  2879           0.00231431    0.01398492
  2880           0.00298215    0.01910814
  2881           0.00178975    0.00960942
  2882           0.00436760    0.02921093
  2883           0.00296475    0.01897799
  2884           0.00192810    0.01081660
  2885           0.00494965    0.03336548
  2886           0.00281612    0.01786005
  2887           0.00269900    0.01697027
  2888           0.00661588    0.04513387
  2889           0.00229467    0.01382889
  2890           0.00296304    0.01896509
  2891           0.00194110    0.01092746
  2892           0.00500230    0.03373975
  2893           0.00280112    0.01774656
  2894           0.00274635    0.01733055
  2895           0.00652081    0.04446561
  2896           0.00232488    0.01406869
  2897           0.00299193    0.01918127
  2898           0.00170656    0.00885427
  2899           0.00400167    0.02657928
  2900           0.00303543    0.01950604
  2901           0.00130741    0.00781973
  2902           0.00210364    0.01228560
  2903           0.00272925    0.01720060
  2904           0.00656026    0.04474294
  2905           0.00231233    0.01396914
  2906           0.00298027    0.01909405
  2907           0.00180525    0.00974742
  2908           0.00443457    0.02969067
  2909           0.00294961    0.01886446
  2910           0.00203876    0.01174912
  2911           0.00538432    0.03644973
  2912           0.00268710    0.01688041
  2913           0.00298955    0.01916289
  2914           0.00495186    0.03338113
  2915           0.00281549    0.01785523
  2916           0.00270106    0.01698596
  2917           0.00661261    0.04511078
  2918           0.00229570    0.01383706
  2919           0.00296407    0.01897277
  2920           0.00193326    0.01086065
  2921           0.00497060    0.03351432
  2922           0.00281017    0.01781498
  2923           0.00271827    0.01711702
  2924           0.00658244    0.04489873
  2925           0.00230527    0.01391310
  2926           0.00297350    0.01904333
  2927           0.00186001    0.01022911
  2928           0.00466782    0.03135779
  2929           0.00289251    0.01843581
  2930           0.00238221    0.01451989
  2931           0.00643851    0.04388684
  2932           0.00235115    0.01427634
  2933           0.00301464    0.01935080
  2934           0.00150078    0.00781908
  2935           0.00305478    0.01965054
  2936           0.00307551    0.01980433
  2937           0.00317525    0.02054566
  2938           0.00308594    0.01988196
  2939           0.00267890    0.01681748
  2940           0.00300239    0.01925883
  2941           0.00477663    0.03213371
  2942           0.00286387    0.01822021
  2943           0.00251742    0.01557505
  2944           0.00665063    0.04537783
  2945           0.00228366    0.01374118
  2946           0.00295182    0.01888096
  2947           0.00202311    0.01161874
  2948           0.00532487    0.03602852
  2949           0.00270534    0.01701938
  2950           0.00296244    0.01895989
  2951           0.00527156    0.03565069
  2952           0.00272156    0.01714288
  2953           0.00293496    0.01875393
  2954           0.00554071    0.03755631
  2955           0.00263846    0.01650840
  2956           0.00304424    0.01957119
  2957           0.00404626    0.02690084
  2958           0.00302803    0.01945077
  2959           0.00137510    0.00781969
  2960           0.00244556    0.01501682
  2961           0.00291936    0.01863683
  2962           0.00567365    0.03849608
  2963           0.00259651    0.01618646
  2964           0.00307344    0.01978889
  2965           0.00325187    0.02111232
  2966           0.00308974    0.01991025
  2967           0.00237865    0.01449239
  2968           0.00288915    0.01840980
  2969           0.00589690    0.04007213
  2970           0.00252523    0.01563659
  2971           0.00309164    0.01992444
  2972           0.00201611    0.01156064
  2973           0.00266441    0.01670608
  2974           0.00665924    0.04543825
  2975           0.00228094    0.01371946
  2976           0.00294899    0.01885972
  2977           0.00204303    0.01178463
  2978           0.00540043    0.03656366
  2979           0.00268213    0.01684234
  2980           0.00299628    0.01921305
  2981           0.00486218    0.03274291
  2982           0.00284056    0.01804447
  2983           0.00261226    0.01630655
  2984           0.00668879    0.04564583
  2985           0.00227160    0.01364497
  2986           0.00293913    0.01878578
  2987           0.00211010    0.01233813
  2988           0.00564560    0.03829776
  2989           0.00260539    0.01625471
  2990           0.00306851    0.01975204
  2991           0.00341862    0.02233942
  2992           0.00309111    0.01992040
  2993           0.00179059    0.00961733
  2994           0.00245833    0.01511581
  2995           0.00657762    0.04486465
  2996           0.00230680    0.01392515
  2997           0.00297498    0.01905428
  2998           0.00184818    0.01012578
  2999           0.00461791    0.03100133
  3000           0.00290525    0.01853145
  3001           0.00231473    0.01398685
  3002           0.00627966    0.04276902
  3003           0.00240209    0.01467711
  3004           0.00305148    0.01962547
  3005           0.00117978    0.00781966
  3006           0.00141551    0.00781903
  3007           0.00193170    0.01084733
  3008           0.00496428    0.03346923
  3009           0.00281196    0.01782842
  3010           0.00271252    0.01707316
  3011           0.00659311    0.04497350
  3012           0.00230188    0.01388606
  3013           0.00297019    0.01901842
  3014           0.00188611    0.01045569
  3015           0.00477700    0.03213617
  3016           0.00286376    0.01821930
  3017           0.00251785    0.01557834
  3018           0.00665101    0.04538030
  3019           0.00228353    0.01374008
  3020           0.00295168    0.01887984
  3021           0.00202402    0.01162629
  3022           0.00532834    0.03605292
  3023           0.00270427    0.01701115
  3024           0.00296412    0.01897240
  3025           0.00525337    0.03552163
  3026           0.00272706    0.01718458
  3027           0.00292488    0.01867823
  3028           0.00562800    0.03817326
  3029           0.00261096    0.01629740
  3030           0.00306508    0.01972645
  3031           0.00352371    0.02310896
  3032           0.00308752    0.01989368
  3033           0.00148835    0.00781964
  3034           0.00205955    0.01192161
  3035           0.00546217    0.03700049
  3036           0.00266299    0.01669607
  3037           0.00301968    0.01938780
  3038           0.00450957    0.03022710
  3039           0.00293194    0.01873180
  3040           0.00215678    0.01271915
  3041           0.00580682    0.03943627
  3042           0.00255408    0.01585950
  3043           0.00308858    0.01990148
  3044           0.00248716    0.01534076
  3045           0.00293662    0.01876625
  3046           0.00552579    0.03745060
  3047           0.00264313    0.01654409
  3048           0.00304000    0.01953950
  3049           0.00413507    0.02754055
  3050           0.00301223    0.01933273
  3051           0.00152316    0.00781963
  3052           0.00316063    0.02043723
  3053           0.00308496    0.01987457
  3054           0.00273770    0.01726537
  3055           0.00301837    0.01937809
  3056           0.00453121    0.03038178
  3057           0.00292672    0.01869267
  3058           0.00218954    0.01298467
  3059           0.00591474    0.04019773
  3060           0.00251950    0.01559214
  3061           0.00309161    0.01992408
  3062           0.00192956    0.01082942
  3063           0.00259247    0.01615438
  3064           0.00668993    0.04565367
  3065           0.00227124    0.01364205
  3066           0.00293874    0.01878283
  3067           0.00211264    0.01235895
  3068           0.00565460    0.03836125
  3069           0.00260254    0.01623273
  3070           0.00307016    0.01976428
  3071           0.00336496    0.02194535
  3072           0.00309165    0.01992435
  3073           0.00196777    0.01115419
  3074           0.00262524    0.01640612
  3075           0.00668515    0.04562005
  3076           0.00227274    0.01365407
  3077           0.00294035    0.01879488
  3078           0.00210195    0.01227125
  3079           0.00561663    0.03809289
  3080           0.00261455    0.01632497
  3081           0.00306274    0.01970896
  3082           0.00359172    0.02360550
  3083           0.00308352    0.01986394
  3084           0.00133335    0.00781897
  3085           0.00176441    0.00938216
  3086           0.00425733    0.02841946
  3087           0.00298830    0.01915394
  3088           0.00173776    0.00914060
  3089           0.00414020    0.02757742
  3090           0.00301128    0.01932564
  3091           0.00153203    0.00781960
  3092           0.00320235    0.02074621
  3093           0.00308752    0.01989363
  3094           0.00257102    0.01598983
  3095           0.00296808    0.01900200
  3096           0.00521002    0.03521417
  3097           0.00274011    0.01728386
  3098           0.00289937    0.01848655
  3099           0.00582601    0.03957173
  3100           0.00254794    0.01581214
  3101           0.00308970    0.01990983
  3102           0.00238274    0.01452454
  3103           0.00289109    0.01842427
  3104           0.00588380    0.03997945
  3105           0.00252943    0.01566902
  3106           0.00309153    0.01992350
  3107           0.00208129    0.01210169
  3108           0.00271340    0.01707985
  3109           0.00659153    0.04496223
  3110           0.00230238    0.01389004
  3111           0.00297068    0.01902209
  3112           0.00188224    0.01042217
  3113           0.00476091    0.03202138
  3114           0.00286807    0.01825174
  3115           0.00249888    0.01543126
  3116           0.00663138    0.04524223
  3117           0.00228974    0.01378954
  3118           0.00295806    0.01892758
  3119           0.00197800    0.01124022
  3120           0.00514964    0.03478575
  3121           0.00275811    0.01742047
  3122           0.00286025    0.01819207
  3123           0.00607455    0.04132430
  3124           0.00246810    0.01519295
  3125           0.00308273    0.01985806
  3126           0.00131127    0.00781894
  3127           0.00171414    0.00892423
  3128           0.00403549    0.02682306
  3129           0.00302985    0.01946418
  3130           0.00135822    0.00781894
  3131           0.00236144    0.01435683
  3132           0.00288088    0.01834744
  3133           0.00595105    0.04045375
  3134           0.00250783    0.01550173
  3135           0.00309092    0.01991899
  3136           0.00176211    0.00936175
  3137           0.00242763    0.01487606
  3138           0.00652717    0.04450981
  3139           0.00232284    0.01405240
  3140           0.00299007    0.01916715
  3141           0.00172255    0.00900154
  3142           0.00407288    0.02709259
  3143           0.00302344    0.01941640
  3144           0.00141803    0.00781893
  3145           0.00265692    0.01664937
  3146           0.00299593    0.01921039
  3147           0.00486690    0.03277631
  3148           0.00283926    0.01803455
  3149           0.00261720    0.01634438
  3150           0.00668770    0.04563788
  3151           0.00227194    0.01364767
  3152           0.00293950    0.01878847
  3153           0.00210764    0.01231796
  3154           0.00563691    0.03823617
  3155           0.00260814    0.01627575
  3156           0.00306685    0.01973960
  3157           0.00347046    0.02271929
  3158           0.00308974    0.01991018
  3159           0.00163318    0.00816428
  3160           0.00227256    0.01365136
  3161           0.00616604    0.04196882
  3162           0.00243864    0.01496324
  3163           0.00307130    0.01977307
  3164           0.00114672    0.00781891
  3165           0.00120877    0.00781954
  3166           0.00157830    0.00781891
  3167           0.00219738    0.01304800
  3168           0.00593990    0.04037512
  3169           0.00251142    0.01552952
  3170           0.00309122    0.01992121
  3171           0.00181219    0.00980939
  3172           0.00248084    0.01529108
  3173           0.00660939    0.04508770
  3174           0.00229671    0.01384499
  3175           0.00296508    0.01898015
  3176           0.00192552    0.01079455
  3177           0.00493920    0.03329075
  3178           0.00281906    0.01788201
  3179           0.00268918    0.01689516
  3180           0.00663024    0.04523418
  3181           0.00229010    0.01379239
  3182           0.00295843    0.01893031
  3183           0.00197531    0.01121749
  3184           0.00513902    0.03471030
  3185           0.00276125    0.01744432
  3186           0.00285292    0.01813682
  3187           0.00611471    0.04160720
  3188           0.00245516    0.01509217
  3189           0.00307824    0.01982467
  3190           0.00121799    0.00781889
  3191           0.00146568    0.00781952
  3192           0.00288744    0.01839758
  3193           0.00305113    0.01962247
  3194           0.00389090    0.02577857
  3195           0.00305209    0.01962999
  3196           0.00117590    0.00781889
  3197           0.00139345    0.00781952
  3198           0.00188950    0.01048494
  3199           0.00479110    0.03223647
  3200           0.00285997    0.01819070
  3201           0.00253415    0.01570452
  3202           0.00666495    0.04547806
  3203           0.00227912    0.01370496
  3204           0.00294709    0.01884543
  3205           0.00205616    0.01189352
  3206           0.00544959    0.03691139
  3207           0.00266690    0.01672592
  3208           0.00301521    0.01935441
  3209           0.00458244    0.03074785
  3210           0.00291413    0.01859811
  3211           0.00226472    0.01358874
  3212           0.00614379    0.04181212
  3213           0.00244580    0.01501913
  3214           0.00307447    0.01979663
  3215           0.00117073    0.00781951
  3216           0.00130573    0.00781887
  3217           0.00209509    0.01221534
  3218           0.00272325    0.01715475
  3219           0.00657266    0.04482952
  3220           0.00230837    0.01393760
  3221           0.00297649    0.01906555
  3222           0.00183595    0.01001853
  3223           0.00456605    0.03063074
  3224           0.00291819    0.01862859
  3225           0.00224104    0.01339925
  3226           0.00607467    0.04132510
  3227           0.00246806    0.01519265
  3228           0.00308272    0.01985797
  3229           0.00131094    0.00781950
  3230           0.00171339    0.00891733
  3231           0.00403217    0.02679908
  3232           0.00303040    0.01946833
  3233           0.00135308    0.00781949
  3234           0.00233566    0.01415322
  3235           0.00286808    0.01825109
  3236           0.00602954    0.04100711
  3237           0.00248259    0.01530571
  3238           0.00308673    0.01988780
  3239           0.00145024    0.00781949
  3240           0.00199473    0.01138100
  3241           0.00521528    0.03525136
  3242           0.00273853    0.01727182
  3243           0.00290257    0.01851061
  3244           0.00580282    0.03940790
  3245           0.00255536    0.01586938
  3246           0.00308832    0.01989950
  3247           0.00250920    0.01551185
  3248           0.00294531    0.01883140
  3249           0.00544496    0.03687857
  3250           0.00266834    0.01673693
  3251           0.00301352    0.01934184
  3252           0.00460919    0.03093889
  3253           0.00290744    0.01854787
  3254           0.00230259    0.01389043
  3255           0.00624804    0.04254615
  3256           0.00241225    0.01475677
  3257           0.00305758    0.01967087
  3258           0.00114693    0.00781884
  3259           0.00122651    0.00781947
  3260           0.00149147    0.00781884
  3261           0.00301064    0.01932106
  3262           0.00307024    0.01976495
  3263           0.00336217    0.02192481
  3264           0.00309165    0.01992440
  3265           0.00197734    0.01123501
  3266           0.00263320    0.01646709
  3267           0.00668178    0.04559629
  3268           0.00227381    0.01366260
  3269           0.00294149    0.01880340
  3270           0.00209437    0.01220893
  3271           0.00558949    0.03790095
  3272           0.00262311    0.01639070
  3273           0.00305669    0.01966394
  3274           0.00375437    0.02478903
  3275           0.00306906    0.01975640
  3276           0.00113661    0.00781883
  3277           0.00116279    0.00781946
  3278           0.00131823    0.00781883
  3279           0.00173028    0.00907237
  3280           0.00410718    0.02733968
  3281           0.00301735    0.01937096
  3282           0.00147533    0.00781882
  3283           0.00293369    0.01874511
  3284           0.00305910    0.01968195
  3285           0.00369174    0.02433394
  3286           0.00307541    0.01980376
  3287           0.00118036    0.00781945
  3288           0.00134114    0.00781882
  3289           0.00227559    0.01367607
  3290           0.00283634    0.01801181
  3291           0.00619902    0.04220118
  3292           0.00242803    0.01488038
  3293           0.00306617    0.01973494
  3294           0.00113055    0.00781881
  3295           0.00113274    0.00781945
  3296           0.00114504    0.00781881
  3297           0.00120141    0.00781945
  3298           0.00153745    0.00781881
  3299           0.00213722    0.01255993
  3300           0.00574037    0.03896714
  3301           0.00257530    0.01602326
  3302           0.00308269    0.01985778
  3303           0.00286168    0.01820366
  3304           0.00304627    0.01958643
  3305           0.00400189    0.02658071
  3306           0.00303539    0.01950566
  3307           0.00130772    0.00781944
  3308           0.00210533    0.01229948
  3309           0.00273044    0.01720952
  3310           0.00655776    0.04472496
  3311           0.00231311    0.01397540
  3312           0.00298102    0.01909960
  3313           0.00179900    0.00969197
  3314           0.00440773    0.02949820
  3315           0.00295574    0.01891038
  3316           0.00199495    0.01138293
  3317           0.00521619    0.03525792
  3318           0.00273826    0.01726992
  3319           0.00290312    0.01851482
  3320           0.00579887    0.03938015
  3321           0.00255662    0.01587928
  3322           0.00308805    0.01989764
  3323           0.00253105    0.01568119
  3324           0.00295363    0.01889386
  3325           0.00536325    0.03630019
  3326           0.00269358    0.01692974
  3327           0.00298036    0.01909400
  3328           0.00506728    0.03420110
  3329           0.00278232    0.01760416
  3330           0.00279989    0.01773634
  3331           0.00635476    0.04329734
  3332           0.00237797    0.01448775
  3333           0.00303529    0.01950486
  3334           0.00130856    0.00781878
  3335           0.00210968    0.01233515
  3336           0.00273346    0.01723246
  3337           0.00655112    0.04467823
  3338           0.00231522    0.01399206
  3339           0.00298301    0.01911437
  3340           0.00178250    0.00954469
  3341           0.00433625    0.02898577
  3342           0.00297162    0.01902922
  3343           0.00187483    0.01035800
  3344           0.00473005    0.03180138
  3345           0.00287627    0.01831353
  3346           0.00246153    0.01514072
  3347           0.00658247    0.04489854
  3348           0.00230525    0.01391294
  3349           0.00297348    0.01904312
  3350           0.00186007    0.01022966
  3351           0.00466816    0.03135988
  3352           0.00289242    0.01843504
  3353           0.00238264    0.01452321
  3354           0.00643948    0.04389321
  3355           0.00235083    0.01427381
  3356           0.00301438    0.01934878
  3357           0.00150312    0.00781940
  3358           0.00306597    0.01973377
  3359           0.00307672    0.01981319
  3360           0.00312818    0.02019639
  3361           0.00308253    0.01985646
  3362           0.00286987    0.01826531
  3363           0.00304785    0.01959809
  3364           0.00396662    0.02632592
  3365           0.00304096    0.01954713
  3366           0.00125911    0.00781876
  3367           0.00185135    0.01015385
  3368           0.00252003    0.01559523
  3369           0.00665311    0.04539489
  3370           0.00228287    0.01373487
  3371           0.00295100    0.01887477
  3372           0.00202886    0.01166664
  3373           0.00534685    0.03618392
  3374           0.00269861    0.01696803
  3375           0.00297289    0.01903800
  3376           0.00515556    0.03482770
  3377           0.00275635    0.01740722
  3378           0.00286427    0.01822236
  3379           0.00605176    0.04116369
  3380           0.00247543    0.01525012
  3381           0.00308489    0.01987420
  3382           0.00137744    0.00781875
  3383           0.00185771    0.01020902
  3384           0.00465819    0.03128873
  3385           0.00289498    0.01845430
  3386           0.00236944    0.01441935
  3387           0.00641089    0.04369206
  3388           0.00235998    0.01434599
  3389           0.00302173    0.01940365
  3390           0.00143409    0.00781874
  3391           0.00273509    0.01724550
  3392           0.00301770    0.01937308
  3393           0.00454220    0.03046024
  3394           0.00292404    0.01867258
  3395           0.00220595    0.01311714
  3396           0.00596709    0.04056678
  3397           0.00250267    0.01546175
  3398           0.00309036    0.01991483
  3399           0.00169233    0.00872279
  3400           0.00234719    0.01424379
  3401           0.00635991    0.04333346
  3402           0.00237632    0.01447465
  3403           0.00303409    0.01949584
  3404           0.00131933    0.00781873
  3405           0.00216485    0.01278519
  3406           0.00277029    0.01751210
  3407           0.00645492    0.04400174
  3408           0.00234589    0.01423480
  3409           0.00301029    0.01931818
  3410           0.00154123    0.00781872
  3411           0.00324557    0.02106562
  3412           0.00308950    0.01990835
  3413           0.00240274    0.01468164
  3414           0.00290038    0.01849414
  3415           0.00581873    0.03952014
  3416           0.00255027    0.01583013
  3417           0.00308930    0.01990686
  3418           0.00242218    0.01483391
  3419           0.00290915    0.01856000
  3420           0.00575383    0.03906197
  3421           0.00257100    0.01599003
  3422           0.00308414    0.01986842
  3423           0.00278440    0.01761971
  3424           0.00302978    0.01946322
  3425           0.00433318    0.02896372
  3426           0.00297228    0.01903410
  3427           0.00186959    0.01031246
  3428           0.00470811    0.03164485
  3429           0.00288203    0.01835686
  3430           0.00243417    0.01492720
  3431           0.00653863    0.04459022
  3432           0.00231919    0.01402349
  3433           0.00298671    0.01914201
  3434           0.00175128    0.00926352
  3435           0.00419982    0.02800613
  3436           0.00299986    0.01924030
  3437           0.00163643    0.00819522
  3438           0.00368552    0.02428863
  3439           0.00307599    0.01980795
  3440           0.00118695    0.00781870
  3441           0.00136443    0.00781934
  3442           0.00239255    0.01460163
  3443           0.00289568    0.01845880
  3444           0.00585211    0.03975575
  3445           0.00253958    0.01574757
  3446           0.00309080    0.01991806
  3447           0.00224398    0.01342330
  3448           0.00281851    0.01787710
  3449           0.00627995    0.04277076
  3450           0.00240199    0.01467638
  3451           0.00305142    0.01962500
  3452           0.00118012    0.00781869
  3453           0.00141755    0.00781933
  3454           0.00193553    0.01088007
  3455           0.00497990    0.03358008
  3456           0.00280751    0.01779475
  3457           0.00272664    0.01718058
  3458           0.00656574    0.04478082
  3459           0.00231056    0.01395509
  3460           0.00297860    0.01908134
  3461           0.00181883    0.00986779
  3462           0.00449304    0.03010864
  3463           0.00293589    0.01876145
  3464           0.00213132    0.01251177
  3465           0.00572001    0.03882310
  3466           0.00258177    0.01607301
  3467           0.00308023    0.01983927
  3468           0.00297952    0.01908842
  3469           0.00306604    0.01973363
  3470           0.00349499    0.02289883
  3471           0.00308882    0.01990335
  3472           0.00156414    0.00781868
  3473           0.00217696    0.01288289
  3474           0.00587391    0.03990951
  3475           0.00253260    0.01569354
  3476           0.00309138    0.01992231
  3477           0.00213132    0.01251222
  3478           0.00274824    0.01734470
  3479           0.00651607    0.04443161
  3480           0.00232638    0.01408044
  3481           0.00299329    0.01919120
  3482           0.00169462    0.00874373
  3483           0.00394841    0.02619433
  3484           0.00304374    0.01956778
  3485           0.00123618    0.00781930
  3486           0.00172843    0.00905579
  3487           0.00238977    0.01457926
  3488           0.00645443    0.04399822
  3489           0.00234605    0.01423605
  3490           0.00301042    0.01931918
  3491           0.00153999    0.00781930
  3492           0.00323979    0.02102295
  3493           0.00308927    0.01990667
  3494           0.00242494    0.01485554
  3495           0.00291038    0.01856922
  3496           0.00574448    0.03899592
  3497           0.00257398    0.01601301
  3498           0.00308315    0.01986101
  3499           0.00283799    0.01802490
  3500           0.00304152    0.01955085
  3501           0.00410375    0.02731491
  3502           0.00301796    0.01937553
  3503           0.00146952    0.00781929
  3504           0.00290590    0.01853636
  3505           0.00305443    0.01964710
  3506           0.00381139    0.02520269
  3507           0.00306248    0.01970744
  3508           0.00113218    0.00781865
  3509           0.00114191    0.00781929
  3510           0.00118742    0.00781865
  3511           0.00145895    0.00781928
  3512           0.00200995    0.01150870
  3513           0.00527441    0.03567057
  3514           0.00272070    0.01713628
  3515           0.00293651    0.01876539
  3516           0.00552689    0.03745826
  3517           0.00264278    0.01654155
  3518           0.00304032    0.01954196
  3519           0.00412863    0.02749403
  3520           0.00301343    0.01934173
  3521           0.00151201    0.00781928
  3522           0.00310810    0.02004721
  3523           0.00308082    0.01984377
  3524           0.00295260    0.01888682
  3525           0.00306208    0.01970416
  3526           0.00361049    0.02374231
  3527           0.00308220    0.01985424
  3528           0.00129736    0.00781863
  3529           0.00168108    0.00861756
  3530           0.00388768    0.02575527
  3531           0.00305254    0.01963349
  3532           0.00117314    0.00781863
  3533           0.00137772    0.00781927
  3534           0.00185828    0.01021404
  3535           0.00466064    0.03130625
  3536           0.00289436    0.01844971
  3537           0.00237270    0.01444497
  3538           0.00641810    0.04374284
  3539           0.00235768    0.01432792
  3540           0.00301991    0.01939017
  3541           0.00145123    0.00781926
  3542           0.00281803    0.01787422
  3543           0.00303732    0.01951961
  3544           0.00418944    0.02793158
  3545           0.00300190    0.01925566
  3546           0.00161814    0.00801922
  3547           0.00360195    0.02368008
  3548           0.00308282    0.01985887
  3549           0.00131334    0.00781925
  3550           0.00171901    0.00896904
  3551           0.00405721    0.02697965
  3552           0.00302617    0.01943688
  3553           0.00139254    0.00781925
  3554           0.00253199    0.01568845
  3555           0.00295399    0.01889656
  3556           0.00535973    0.03627523
  3557           0.00269466    0.01693805
  3558           0.00297878    0.01908223
  3559           0.00508640    0.03433682
  3560           0.00277674    0.01756194
  3561           0.00281464    0.01784784
  3562           0.00629639    0.04288656
  3563           0.00239671    0.01463508
  3564           0.00304808    0.01960023
  3565           0.00120298    0.00781924
  3566           0.00154623    0.00781860
  3567           0.00215049    0.01266800
  3568           0.00578569    0.03928704
  3569           0.00256083    0.01591179
  3570           0.00308706    0.01989028
  3571           0.00260434    0.01624622
  3572           0.00297939    0.01908678
  3573           0.00507902    0.03428439
  3574           0.00277889    0.01757825
  3575           0.00280900    0.01780519
  3576           0.00631943    0.04304862
  3577           0.00238931    0.01457694
  3578           0.00304320    0.01956383
  3579           0.00124059    0.00781923
  3580           0.00175231    0.00927322
  3581           0.00241681    0.01479135
  3582           0.00650759    0.04437209
  3583           0.00232909    0.01410197
  3584           0.00299573    0.01920951
  3585           0.00167325    0.00854414
  3586           0.00385240    0.02549985
  3587           0.00305730    0.01966889
  3588           0.00114816    0.00781858
  3589           0.00123366    0.00781922
  3590           0.00151255    0.00781858
  3591           0.00311063    0.02006603
  3592           0.00308105    0.01984551
  3593           0.00294215    0.01880853
  3594           0.00306045    0.01969212
  3595           0.00365539    0.02406945
  3596           0.00307866    0.01982797
  3597           0.00122459    0.00781922
  3598           0.00148575    0.00781858
  3599           0.00298345    0.01911787
  3600           0.00306660    0.01973799
  3601           0.00347824    0.02277628
  3602           0.00308948    0.01990841
  3603           0.00161090    0.00794932
  3604           0.00224279    0.01341330
  3605           0.00607996    0.04136252
  3606           0.00246636    0.01517965
  3607           0.00308219    0.01985421
  3608           0.00129694    0.00781857
  3609           0.00168008    0.00860822
  3610           0.00388319    0.02572283
  3611           0.00305316    0.01963820
  3612           0.00116943    0.00781856
  3613           0.00135649    0.00781920
  3614           0.00181450    0.00982953
  3615           0.00447450    0.02997620
  3616           0.00294029    0.01879465
  3617           0.00210241    0.01227503
  3618           0.00561837    0.03810518
  3619           0.00261401    0.01632105
  3620           0.00306311    0.01971194
  3621           0.00358151    0.02353105
  3622           0.00308421    0.01986929
  3623           0.00135422    0.00781920
  3624           0.00180971    0.00978708
  3625           0.00445392    0.02982887
  3626           0.00294512    0.01883083
  3627           0.00206981    0.01200656
  3628           0.00550022    0.03726971
  3629           0.00265113    0.01660559
  3630           0.00303229    0.01948214
  3631           0.00428677    0.02863083
  3632           0.00298220    0.01910844
  3633           0.00178929    0.00960536
  3634           0.00436573    0.02919716
  3635           0.00296516    0.01898099
  3636           0.00192492    0.01078948
  3637           0.00493686    0.03327407
  3638           0.00281973    0.01788727
  3639           0.00268694    0.01687813
  3640           0.00663341    0.04525652
  3641           0.00228910    0.01378465
  3642           0.00295742    0.01892293
  3643           0.00198275    0.01128031
  3644           0.00516845    0.03491919
  3645           0.00275253    0.01737830
  3646           0.00287289    0.01828729
  3647           0.00600091    0.04080523
  3648           0.00249180    0.01537749
  3649           0.00308868    0.01990246
  3650           0.00155497    0.00781853
  3651           0.00216350    0.01277379
  3652           0.00582945    0.03959584
  3653           0.00254684    0.01580378
  3654           0.00308987    0.01991122
  3655           0.00236433    0.01437961
  3656           0.00288229    0.01835805
  3657           0.00594211    0.04039063
  3658           0.00251071    0.01552415
  3659           0.00309117    0.01992093
  3660           0.00180222    0.00972095
  3661           0.00247054    0.01521092
  3662           0.00659552    0.04499013
  3663           0.00230111    0.01388009
  3664           0.00296944    0.01901289
  3665           0.00189192    0.01050591
  3666           0.00480122    0.03230850
  3667           0.00285723    0.01817016
  3668           0.00254569    0.01579371
  3669           0.00667311    0.04553525
  3670           0.00227654    0.01368450
  3671           0.00294439    0.01882520
  3672           0.00207474    0.01204722
  3673           0.00551828    0.03739727
  3674           0.00264548    0.01656215
  3675           0.00303780    0.01952308
  3676           0.00417977    0.02786193
  3677           0.00300377    0.01926953
  3678           0.00160113    0.00785390
  3679           0.00352385    0.02310981
  3680           0.00308751    0.01989368
  3681           0.00148800    0.00781915
  3682           0.00205900    0.01191709
  3683           0.00546024    0.03698660
  3684           0.00266359    0.01670073
  3685           0.00301900    0.01938278
  3686           0.00452090    0.03030791
  3687           0.00292921    0.01871138
  3688           0.00217399    0.01285885
  3689           0.00586419    0.03984085
  3690           0.00253571    0.01571767
  3691           0.00309116    0.01992071
  3692           0.00218121    0.01291777
  3693           0.00278070    0.01759094
  3694           0.00642221    0.04377153
  3695           0.00235636    0.01431742
  3696           0.00301886    0.01938218
  3697           0.00146111    0.00781914
  3698           0.00286556    0.01823279
  3699           0.00304702    0.01959187
  3700           0.00398516    0.02645972
  3701           0.00303806    0.01952544
  3702           0.00128402    0.00781849
  3703           0.00198260    0.01127937
  3704           0.00263753    0.01650027
  3705           0.00667958    0.04558060
  3706           0.00227450    0.01366818
  3707           0.00294223    0.01880896
  3708           0.00208937    0.01216786
  3709           0.00557154    0.03777388
  3710           0.00262876    0.01643406
  3711           0.00305235    0.01963155
  3712           0.00386197    0.02556900
  3713           0.00305603    0.01965934
  3714           0.00115396    0.00781848
  3715           0.00126731    0.00781912
  3716           0.00160543    0.00789584
  3717           0.00354363    0.02325433
  3718           0.00308648    0.01988600
  3719           0.00143921    0.00781912
  3720           0.00197516    0.01121626
  3721           0.00513851    0.03470658
  3722           0.00276141    0.01744557
  3723           0.00285256    0.01813409
  3724           0.00611671    0.04162114
  3725           0.00245452    0.01508727
  3726           0.00307800    0.01982294
  3727           0.00121418    0.00781911
  3728           0.00145397    0.00781847
  3729           0.00283122    0.01797379
  3730           0.00304012    0.01954041
  3731           0.00413284    0.02752430
  3732           0.00301265    0.01933588
  3733           0.00151928    0.00781911
  3734           0.00314242    0.02030200
  3735           0.00308365    0.01986480
  3736           0.00281165    0.01782595
  3737           0.00303593    0.01950919
  3738           0.00421676    0.02812786
  3739           0.00299652    0.01921537
  3740           0.00166629    0.00847872
  3741           0.00382102    0.02527244
  3742           0.00306130    0.01969867
  3743           0.00113456    0.00781910
  3744           0.00115540    0.00781846
  3745           0.00124558    0.00781910
  3746           0.00177914    0.00951490
  3747           0.00244614    0.01502067
  3748           0.00655866    0.04473105
  3749           0.00231282    0.01397309
  3750           0.00298075    0.01909750
  3751           0.00180124    0.00971184
  3752           0.00441742    0.02956739
  3753           0.00295354    0.01889379
  3754           0.00201084    0.01151612
  3755           0.00527785    0.03569491
  3756           0.00271965    0.01712834
  3757           0.00293836    0.01877932
  3758           0.00551003    0.03733893
  3759           0.00264806    0.01658196
  3760           0.00303532    0.01950461
  3761           0.00422870    0.02821367
  3762           0.00299412    0.01919750
  3763           0.00168735    0.00867608
  3764           0.00391585    0.02595894
  3765           0.00304855    0.01960373
  3766           0.00119954    0.00781844
  3767           0.00152707    0.00781908
  3768           0.00212134    0.01243013
  3769           0.00568528    0.03857779
  3770           0.00259281    0.01615807
  3771           0.00307530    0.01980268
  3772           0.00318321    0.02060438
  3773           0.00308643    0.01988554
  3774           0.00264705    0.01657379
  3775           0.00299295    0.01918816
  3776           0.00490720    0.03306293
  3777           0.00282806    0.01795006
  3778           0.00265817    0.01665825
  3779           0.00666503    0.04547843
  3780           0.00227910    0.01370486
  3781           0.00294707    0.01884533
  3782           0.00205630    0.01189473
  3783           0.00545022    0.03691563
  3784           0.00266671    0.01672452
  3785           0.00301543    0.01935614
  3786           0.00457894    0.03072270
  3787           0.00291500    0.01860470
  3788           0.00225968    0.01354847
  3789           0.00612941    0.04171061
  3790           0.00245043    0.01505535
  3791           0.00307640    0.01981096
  3792           0.00119188    0.00781842
  3793           0.00138141    0.00781906
  3794           0.00247699    0.01526164
  3795           0.00293251    0.01873535
  3796           0.00556256    0.03771036
  3797           0.00263159    0.01645574
  3798           0.00305007    0.01961460
  3799           0.00391576    0.02595820
  3800           0.00304857    0.01960376
  3801           0.00119944    0.00781905
  3802           0.00152653    0.00781841
  3803           0.00212049    0.01242322
  3804           0.00568233    0.03855683
  3805           0.00259375    0.01616523
  3806           0.00307484    0.01979917
  3807           0.00320064    0.02073342
  3808           0.00308743    0.01989292
  3809           0.00257778    0.01604180
  3810           0.00297043    0.01901956
  3811           0.00518371    0.03502723
  3812           0.00274798    0.01734364
  3813           0.00288284    0.01836209
  3814           0.00593855    0.04036531
  3815           0.00251185    0.01553291
  3816           0.00309125    0.01992143
  3817           0.00181838    0.00986417
  3818           0.00248718    0.01534032
  3819           0.00661756    0.04514476
  3820           0.00229412    0.01382443
  3821           0.00296249    0.01896075
  3822           0.00194509    0.01096142
  3823           0.00501852    0.03385433
  3824           0.00279644    0.01771097
  3825           0.00276021    0.01743548
  3826           0.00648428    0.04420787
  3827           0.00233652    0.01416067
  3828           0.00300228    0.01925835
  3829           0.00161458    0.00798479
  3830           0.00358566    0.02356112
  3831           0.00308393    0.01986693
  3832           0.00134560    0.00781838
  3833           0.00179129    0.00962319
  3834           0.00437440    0.02925903
  3835           0.00296323    0.01896630
  3836           0.00193952    0.01091398
  3837           0.00499604    0.03369457
  3838           0.00280290    0.01775981
  3839           0.00274090    0.01728888
  3840           0.00653406    0.04455785
  3841           0.00232064    0.01403501
  3842           0.00298806    0.01915202
  3843           0.00173982    0.00915935
  3844           0.00414936    0.02764307
  3845           0.00300956    0.01931272
  3846           0.00154793    0.00781837
  3847           0.00327696    0.02129718
  3848           0.00309053    0.01991595
  3849           0.00228376    0.01374108
  3850           0.00284082    0.01804545
  3851           0.00617714    0.04204668
  3852           0.00243506    0.01493530
  3853           0.00306963    0.01976057
  3854           0.00113869    0.00781837
  3855           0.00117262    0.00781901
  3856           0.00137481    0.00781836
  3857           0.00185240    0.01016271
  3858           0.00463587    0.03112922
  3859           0.00290069    0.01849714
  3860           0.00233939    0.01418213
  3861           0.00634132    0.04320234
  3862           0.00238228    0.01452157
  3863           0.00303835    0.01952757
  3864           0.00128143    0.00781836
  3865           0.00196906    0.01116507
  3866           0.00262633    0.01641434
  3867           0.00668483    0.04561728
  3868           0.00227284    0.01365491
  3869           0.00294047    0.01879568
  3870           0.00210118    0.01226488
  3871           0.00561398    0.03807368
  3872           0.00261539    0.01633139
  3873           0.00306217    0.01970467
  3874           0.00360773    0.02372202
  3875           0.00308240    0.01985551
  3876           0.00130243    0.00781835
  3877           0.00169329    0.00873140
  3878           0.00394250    0.02615149
  3879           0.00304463    0.01957435
  3880           0.00122908    0.00781834
  3881           0.00168998    0.00870090
  3882           0.00234435    0.01422127
  3883           0.00635321    0.04328599
  3884           0.00237847    0.01449156
  3885           0.00303565    0.01950736
  3886           0.00130535    0.00781834
  3887           0.00209318    0.01219960
  3888           0.00272190    0.01714442
  3889           0.00657541    0.04484849
  3890           0.00230749    0.01393067
  3891           0.00297565    0.01905923
  3892           0.00184270    0.01007780
  3893           0.00459481    0.03083595
  3894           0.00291105    0.01857491
  3895           0.00228234    0.01372928
  3896           0.00619338    0.04216092
  3897           0.00242984    0.01489442
  3898           0.00306708    0.01974154
  3899           0.00113168    0.00781897
  3900           0.00113862    0.00781833
  3901           0.00117860    0.00781897
  3902           0.00133482    0.00781833
  3903           0.00224373    0.01342121
  3904           0.00281837    0.01787591
  3905           0.00628060    0.04277503
  3906           0.00240178    0.01467472
  3907           0.00305129    0.01962396
  3908           0.00118094    0.00781832
  3909           0.00142224    0.00781897
  3910           0.00194427    0.01095441
  3911           0.00501521    0.03383079
  3912           0.00279739    0.01771816
  3913           0.00275741    0.01741422
  3914           0.00649201    0.04426218
  3915           0.00233405    0.01414114
  3916           0.00300013    0.01924222
  3917           0.00163403    0.00817218
  3918           0.00367460    0.02420901
  3919           0.00307698    0.01981526
  3920           0.00119951    0.00781831
  3921           0.00140697    0.00781896
  3922           0.00260293    0.01623533
  3923           0.00297893    0.01908313
  3924           0.00508457    0.03432347
  3925           0.00277727    0.01756578
  3926           0.00281324    0.01783713
  3927           0.00630214    0.04292657
  3928           0.00239486    0.01462039
  3929           0.00304688    0.01959107
  3930           0.00121179    0.00781830
  3931           0.00159515    0.00781895
  3932           0.00222114    0.01323936
  3933           0.00601444    0.04090025
  3934           0.00248745    0.01534347
  3935           0.00308782    0.01989580
  3936           0.00150404    0.00781830
  3937           0.00208507    0.01213235
  3938           0.00555596    0.03766352
  3939           0.00263366    0.01647155
  3940           0.00304835    0.01960169
  3941           0.00395523    0.02624339
  3942           0.00304271    0.01956000
  3943           0.00124456    0.00781894
  3944           0.00177368    0.00946592
  3945           0.00244026    0.01497466
  3946           0.00654898    0.04466264
  3947           0.00231590    0.01399736
  3948           0.00298364    0.01911900
  3949           0.00177714    0.00949657
  3950           0.00431295    0.02881835
  3951           0.00297664    0.01906661
  3952           0.00183475    0.01000799
  3953           0.00456103    0.03059453
  3954           0.00291943    0.01863784
  3955           0.00223370    0.01334029
  3956           0.00605273    0.04117010
  3957           0.00247512    0.01524761
  3958           0.00308481    0.01987343
  3959           0.00137445    0.00781892
  3960           0.00185168    0.01015638
  3961           0.00463282    0.03110736
  3962           0.00290146    0.01850290
  3963           0.00233524    0.01414921
  3964           0.00633121    0.04313110
  3965           0.00238552    0.01454701
  3966           0.00304061    0.01954433
  3967           0.00126203    0.00781892
  3968           0.00186692    0.01028956
  3969           0.00253506    0.01571142
  3970           0.00666571    0.04548282
  3971           0.00227888    0.01370301
  3972           0.00294685    0.01884345
  3973           0.00205786    0.01190752
  3974           0.00545598    0.03695616
  3975           0.00266491    0.01671066
  3976           0.00301750    0.01937135
  3977           0.00454555    0.03048386
  3978           0.00292322    0.01866625
  3979           0.00221092    0.01315711
  3980           0.00598273    0.04067658
  3981           0.00249764    0.01542259
  3982           0.00308967    0.01990946
  3983           0.00162706    0.00810555
  3984           0.00226449    0.01358684
  3985           0.00614322    0.04180751
  3986           0.00244598    0.01502050
  3987           0.00307455    0.01979707
  3988           0.00117148    0.00781825
  3989           0.00130863    0.00781890
  3990           0.00211010    0.01233849
  3991           0.00273375    0.01723447
  3992           0.00655047    0.04467297
  3993           0.00231542    0.01399351
  3994           0.00298320    0.01911556
  3995           0.00178086    0.00952994
  3996           0.00432915    0.02893447
  3997           0.00297315    0.01904044
  3998           0.00186267    0.01025217
  3999           0.00467909    0.03143748
  4000           0.00288959    0.01841354
  4001           0.00239696    0.01463557
  4002           0.00646911    0.04410094
  4003           0.00234136    0.01419884
  4004           0.00300645    0.01928936
  4005           0.00157656    0.00781889
  4006           0.00341029    0.02227790
  4007           0.00309124    0.01992117
  4008           0.00181719    0.00985353
  4009           0.00248596    0.01533071
  4010           0.00661601    0.04513350
  4011           0.00229461    0.01382819
  4012           0.00296298    0.01896424
  4013           0.00194139    0.01092982
  4014           0.00500357    0.03374788
  4015           0.00280073    0.01774328
  4016           0.00274744    0.01733847
  4017           0.00651806    0.04444503
  4018           0.00232574    0.01407523
  4019           0.00299271    0.01918665
  4020           0.00169962    0.00879012
  4021           0.00397083    0.02635594
  4022           0.00304030    0.01954191
  4023           0.00126463    0.00781887
  4024           0.00188070    0.01040914
  4025           0.00254810    0.01581215
  4026           0.00667459    0.04554502
  4027           0.00227607    0.01368053
  4028           0.00294389    0.01882118
  4029           0.00207810    0.01207483
  4030           0.00553057    0.03748370
  4031           0.00264162    0.01653240
  4032           0.00304138    0.01954948
  4033           0.00410668    0.02733561
  4034           0.00301743    0.01937127
  4035           0.00147448    0.00781886
  4036           0.00292966    0.01871454
  4037           0.00305843    0.01967669
  4038           0.00370907    0.02445960
  4039           0.00307375    0.01979101
  4040           0.00116408    0.00781821
  4041           0.00128034    0.00781886
  4042           0.00196335    0.01111670
  4043           0.00262154    0.01637752
  4044           0.00668650    0.04562869
  4045           0.00227231    0.01365057
  4046           0.00293990    0.01879128
  4047           0.00210493    0.01229561
  4048           0.00562735    0.03816797
  4049           0.00261116    0.01629878
  4050           0.00306495    0.01972521
  4051           0.00352763    0.02313719
  4052           0.00308732    0.01989195
  4053           0.00147842    0.00781885
  4054           0.00204310    0.01178506
  4055           0.00540079    0.03656531
  4056           0.00268201    0.01684118
  4057           0.00299642    0.01921375
  4058           0.00486025    0.03272839
  4059           0.00284109    0.01804814
  4060           0.00261022    0.01629058
  4061           0.00668921    0.04564763
  4062           0.00227146    0.01364370
  4063           0.00293899    0.01878438
  4064           0.00211099    0.01234528
  4065           0.00564885    0.03831979
  4066           0.00260436    0.01624649
  4067           0.00306910    0.01975613
  4068           0.00339929    0.02219713
  4069           0.00309140    0.01992221
  4070           0.00185283    0.01016671
  4071           0.00252147    0.01560619
  4072           0.00665442    0.04540321
  4073           0.00228244    0.01373128
  4074           0.00295056    0.01887113
  4075           0.00203189    0.01169178
  4076           0.00535841    0.03626510
  4077           0.00269506    0.01694063
  4078           0.00297817    0.01907722
  4079           0.00509344    0.03438609
  4080           0.00277466    0.01754579
  4081           0.00281995    0.01788766
  4082           0.00627373    0.04272622
  4083           0.00240398    0.01469174
  4084           0.00305265    0.01963379
  4085           0.00117243    0.00781882
  4086           0.00137371    0.00781817
  4087           0.00185017    0.01014311
  4088           0.00462643    0.03106141
  4089           0.00290308    0.01851483
  4090           0.00232648    0.01407974
  4091           0.00630952    0.04297810
  4092           0.00239248    0.01460149
  4093           0.00304531    0.01957912
  4094           0.00122371    0.00781816
  4095           0.00166067    0.00842593
  4096           0.00230803    0.01393350
  4097           0.00626239    0.04264639
  4098           0.00240763    0.01472035
  4099           0.00305486    0.01965028
  4100           0.00115988    0.00781816
  4101           0.00130153    0.00781881
  4102           0.00169115    0.00871136
  4103           0.00393288    0.02608163
  4104           0.00304606    0.01958475
  4105           0.00121795    0.00781880
  4106           0.00162907    0.00812483
  4107           0.00226716    0.01360802
  4108           0.00615080    0.04186069
  4109           0.00244354    0.01500133
  4110           0.00307350    0.01978911
  4111           0.00116201    0.00781880
  4112           0.00127219    0.00781815
  4113           0.00192059    0.01075264
  4114           0.00258455    0.01609314
  4115           0.00668902    0.04564623
  4116           0.00227152    0.01364417
  4117           0.00293905    0.01878484
  4118           0.00211056    0.01234176
  4119           0.00564734    0.03830907
  4120           0.00260484    0.01625015
  4121           0.00306883    0.01975403
  4122           0.00340829    0.02226315
  4123           0.00309127    0.01992126
  4124           0.00182360    0.00991016
  4125           0.00249248    0.01538129
  4126           0.00662399    0.04518934
  4127           0.00229208    0.01380796
  4128           0.00296043    0.01894504
  4129           0.00196045    0.01109167
  4130           0.00508006    0.03429107
  4131           0.00277858    0.01757545
  4132           0.00280979    0.01781088
  4133           0.00631613    0.04302456
  4134           0.00239036    0.01458482
  4135           0.00304390    0.01956858
  4136           0.00123487    0.00781813
  4137           0.00172142    0.00899142
  4138           0.00238167    0.01451532
  4139           0.00643743    0.04387787
  4140           0.00235148    0.01427867
  4141           0.00301491    0.01935235
  4142           0.00149809    0.00781812
  4143           0.00304218    0.01955615
  4144           0.00307408    0.01979318
  4145           0.00322833    0.02093787
  4146           0.00308879    0.01990266
  4147           0.00246927    0.01520131
  4148           0.00292933    0.01871122
  4149           0.00559017    0.03790497
  4150           0.00262290    0.01638876
  4151           0.00305685    0.01966474
  4152           0.00375033    0.02475916
  4153           0.00306950    0.01975928
  4154           0.00113817    0.00781811
  4155           0.00117022    0.00781876
  4156           0.00136102    0.00781811
  4157           0.00182402    0.00991343
  4158           0.00451525    0.03026700
  4159           0.00293057    0.01872126
  4160           0.00216542    0.01278911
  4161           0.00583580    0.03963992
  4162           0.00254480    0.01578765
  4163           0.00309016    0.01991294
  4164           0.00233023    0.01411000
  4165           0.00286532    0.01822999
  4166           0.00604567    0.04111991
  4167           0.00247739    0.01526510
  4168           0.00308542    0.01987776
  4169           0.00139662    0.00781875
  4170           0.00189570    0.01053839
  4171           0.00481688    0.03241947
  4172           0.00285297    0.01813770
  4173           0.00256328    0.01592921
  4174           0.00668252    0.04560051
  4175           0.00227357    0.01366048
  4176           0.00294123    0.01880117
  4177           0.00209602    0.01222233
  4178           0.00559547    0.03794242
  4179           0.00262122    0.01637592
  4180           0.00305807    0.01967387
  4181           0.00371854    0.02452826
  4182           0.00307281    0.01978389
  4183           0.00115654    0.00781874
  4184           0.00125026    0.00781808
  4185           0.00180426    0.00973890
  4186           0.00247265    0.01522711
  4187           0.00659844    0.04500972
  4188           0.00230018    0.01387237
  4189           0.00296852    0.01900558
  4190           0.00189902    0.01056698
  4191           0.00483060    0.03251709
  4192           0.00284923    0.01810946
  4193           0.00257840    0.01604574
  4194           0.00668770    0.04563680
  4195           0.00227193    0.01364741
  4196           0.00293949    0.01878808
  4197           0.00210762    0.01231761
  4198           0.00563691    0.03823525
  4199           0.00260813    0.01627542
  4200           0.00306684    0.01973917
  4201           0.00347049    0.02271904
  4202           0.00308973    0.01990974
  4203           0.00163305    0.00816303
  4204           0.00227241    0.01364990
  4205           0.00616566    0.04196518
  4206           0.00243875    0.01496387
  4207           0.00307136    0.01977305
  4208           0.00114702    0.00781806
  4209           0.00121013    0.00781871
  4210           0.00158598    0.00781806
  4211           0.00220829    0.01313576
  4212           0.00597447    0.04061796
  4213           0.00250030    0.01544301
  4214           0.00309005    0.01991209
  4215           0.00166116    0.00843052
  4216           0.00230865    0.01393838
  4217           0.00626402    0.04265772
  4218           0.00240711    0.01471622
  4219           0.00305455    0.01964790
  4220           0.00116156    0.00781805
  4221           0.00131122    0.00781870
  4222           0.00171405    0.00892335
  4223           0.00403519    0.02682027
  4224           0.00302990    0.01946418
  4225           0.00135773    0.00781870
  4226           0.00235909    0.01433803
  4227           0.00287973    0.01833844
  4228           0.00595836    0.04050435
  4229           0.00250548    0.01548323
  4230           0.00309069    0.01991684
  4231           0.00172998    0.00906981
  4232           0.00239155    0.01459299
  4233           0.00645811    0.04402325
  4234           0.00234487    0.01422647
  4235           0.00300943    0.01931141
  4236           0.00154914    0.00781804
  4237           0.00328264    0.02133881
  4238           0.00309068    0.01991674
  4239           0.00226252    0.01357140
  4240           0.00282906    0.01795644
  4241           0.00623320    0.04244079
  4242           0.00241702    0.01479391
  4243           0.00306029    0.01969071
  4244           0.00113720    0.00781803
  4245           0.00117045    0.00781868
  4246           0.00130475    0.00781803
  4247           0.00209011    0.01217420
  4248           0.00271972    0.01712761
  4249           0.00657969    0.04487789
  4250           0.00230614    0.01391968
  4251           0.00297434    0.01904912
  4252           0.00185322    0.01016964
  4253           0.00463929    0.03115311
  4254           0.00289982    0.01849027
  4255           0.00234404    0.01421859
  4256           0.00635244    0.04327994
  4257           0.00237871    0.01449322
  4258           0.00303582    0.01950833
  4259           0.00130378    0.00781867
  4260           0.00208511    0.01213296
  4261           0.00271615    0.01710039
  4262           0.00658649    0.04492567
  4263           0.00230397    0.01390247
  4264           0.00297224    0.01903336
  4265           0.00186991    0.01031508
  4266           0.00470949    0.03165399
  4267           0.00288167    0.01835374
  4268           0.00243591    0.01494047
  4269           0.00654161    0.04461020
  4270           0.00231824    0.01401565
  4271           0.00298583    0.01913499
  4272           0.00175875    0.00933090
  4273           0.00423260    0.02824110
  4274           0.00299333    0.01919110
  4275           0.00169423    0.00873999
  4276           0.00394670    0.02618136
  4277           0.00304400    0.01956928
  4278           0.00123409    0.00781800
  4279           0.00171719    0.00895255
  4280           0.00237674    0.01447652
  4281           0.00642689    0.04380356
  4282           0.00235486    0.01430528
  4283           0.00301765    0.01937276
  4284           0.00147241    0.00781800
  4285           0.00291977    0.01864018
  4286           0.00305680    0.01966433
  4287           0.00375164    0.02476861
  4288           0.00306936    0.01975819
  4289           0.00113765    0.00781865
  4290           0.00116773    0.00781799
  4291           0.00134676    0.00781864
  4292           0.00179378    0.00964526
  4293           0.00438518    0.02933585
  4294           0.00296082    0.01894796
  4295           0.00195757    0.01106719
  4296           0.00506856    0.03420930
  4297           0.00278194    0.01760089
  4298           0.00280089    0.01774346
  4299           0.00635100    0.04326978
  4300           0.00237917    0.01449687
  4301           0.00303615    0.01951081
  4302           0.00130083    0.00781798
  4303           0.00206987    0.01200720
  4304           0.00270513    0.01701642
  4305           0.00660602    0.04506289
  4306           0.00229778    0.01385324
  4307           0.00296614    0.01898773
  4308           0.00191737    0.01072461
  4309           0.00490602    0.03305386
  4310           0.00282838    0.01795206
  4311           0.00265700    0.01664900
  4312           0.00666598    0.04548412
  4313           0.00227879    0.01370208
  4314           0.00294675    0.01884245
  4315           0.00205849    0.01191266
  4316           0.00545835    0.03697239
  4317           0.00266417    0.01670475
  4318           0.00301833    0.01937730
  4319           0.00453181    0.03038519
  4320           0.00292657    0.01869107
  4321           0.00219043    0.01299160
  4322           0.00591769    0.04021734
  4323           0.00251854    0.01558441
  4324           0.00309158    0.01992336
  4325           0.00191551    0.01070898
  4326           0.00258001    0.01605804
  4327           0.00668809    0.04563930
  4328           0.00227181    0.01364637
  4329           0.00293936    0.01878700
  4330           0.00210849    0.01232465
  4331           0.00563998    0.03825677
  4332           0.00260716    0.01626787
  4333           0.00306744    0.01974348
  4334           0.00345216    0.02258464
  4335           0.00309031    0.01991391
  4336           0.00168701    0.00867305
  4337           0.00234073    0.01419241
  4338           0.00634451    0.04322391
  4339           0.00238125    0.01451313
  4340           0.00303763    0.01952169
  4341           0.00128775    0.00781860
  4342           0.00200205    0.01144263
  4343           0.00265327    0.01662043
  4344           0.00666902    0.04550530
  4345           0.00227783    0.01369436
  4346           0.00294574    0.01883480
  4347           0.00206543    0.01197005
  4348           0.00548404    0.03715409
  4349           0.00265617    0.01664349
  4350           0.00302709    0.01944257
  4351           0.00438184    0.02931175
  4352           0.00296156    0.01895332
  4353           0.00195200    0.01101990
  4354           0.00504625    0.03405063
  4355           0.00278842    0.01764980
  4356           0.00278314    0.01760900
  4357           0.00641408    0.04371326
  4358           0.00235895    0.01433746
  4359           0.00302092    0.01939700
  4360           0.00144168    0.00781793
  4361           0.00277190    0.01752450
  4362           0.00302683    0.01944066
  4363           0.00438639    0.02934433
  4364           0.00296055    0.01894569
  4365           0.00195959    0.01108431
  4366           0.00507664    0.03426641
  4367           0.00277958    0.01758283
  4368           0.00280716    0.01779078
  4369           0.00632665    0.04309816
  4370           0.00238698    0.01455812
  4371           0.00304161    0.01955131
  4372           0.00125359    0.00781792
  4373           0.00182205    0.00989632
  4374           0.00249090    0.01536886
  4375           0.00662207    0.04517538
  4376           0.00229268    0.01381259
  4377           0.00296104    0.01894936
  4378           0.00195590    0.01105297
  4379           0.00506187    0.03416151
  4380           0.00278388    0.01761539
  4381           0.00279563    0.01770354
  4382           0.00637048    0.04340644
  4383           0.00237292    0.01444749
  4384           0.00303160    0.01947667
  4385           0.00134194    0.00781856
  4386           0.00227971    0.01370850
  4387           0.00283860    0.01802828
  4388           0.00618798    0.04212200
  4389           0.00243157    0.01490754
  4390           0.00306793    0.01974738
  4391           0.00113339    0.00781856
  4392           0.00114719    0.00781790
  4393           0.00122808    0.00781856
  4394           0.00149618    0.00781790
  4395           0.00303308    0.01948807
  4396           0.00307302    0.01978502
  4397           0.00326683    0.02122203
  4398           0.00309023    0.01991322
  4399           0.00232180    0.01404304
  4400           0.00286100    0.01819719
  4401           0.00607038    0.04129365
  4402           0.00246944    0.01520300
  4403           0.00308315    0.01986060
  4404           0.00132269    0.00781789
  4405           0.00174051    0.00916543
  4406           0.00415239    0.02766426
  4407           0.00300899    0.01930798
  4408           0.00155321    0.00781789
  4409           0.00330162    0.02147855
  4410           0.00309110    0.01991972
  4411           0.00219241    0.01300801
  4412           0.00278769    0.01764342
  4413           0.00639872    0.04360519
  4414           0.00236388    0.01437631
  4415           0.00302477    0.01942576
  4416           0.00140553    0.00781788
  4417           0.00259586    0.01618060
  4418           0.00297657    0.01906502
  4419           0.00511258    0.03452164
  4420           0.00276905    0.01750303
  4421           0.00283410    0.01799435
  4422           0.00620967    0.04227478
  4423           0.00242459    0.01485303
  4424           0.00306439    0.01972105
  4425           0.00113015    0.00781853
  4426           0.00113070    0.00781787
  4427           0.00113359    0.00781853
  4428           0.00114992    0.00781787
  4429           0.00122263    0.00781852
  4430           0.00165477    0.00837001
  4431           0.00230055    0.01387387
  4432           0.00624269    0.04250730
  4433           0.00241397    0.01476994
  4434           0.00305857    0.01967778
  4435           0.00114296    0.00781852
  4436           0.00120362    0.00781786
  4437           0.00142040    0.00781852
  4438           0.00266854    0.01673782
  4439           0.00299938    0.01923571
  4440           0.00481928    0.03243626
  4441           0.00285233    0.01813269
  4442           0.00256594    0.01594956
  4443           0.00668365    0.04560809
  4444           0.00227321    0.01365756
  4445           0.00294086    0.01879823
  4446           0.00209855    0.01224301
  4447           0.00560456    0.03800631
  4448           0.00261836    0.01635385
  4449           0.00306012    0.01968898
  4450           0.00366416    0.02413257
  4451           0.00307790    0.01982166
  4452           0.00121267    0.00781785
  4453           0.00144922    0.00781850
  4454           0.00280833    0.01780038
  4455           0.00303520    0.01950318
  4456           0.00423097    0.02822926
  4457           0.00299367    0.01919355
  4458           0.00169135    0.00871314
  4459           0.00393379    0.02608798
  4460           0.00304593    0.01958363
  4461           0.00121898    0.00781850
  4462           0.00163473    0.00817908
  4463           0.00227462    0.01366747
  4464           0.00617191    0.04200898
  4465           0.00243675    0.01494817
  4466           0.00307043    0.01976611
  4467           0.00114214    0.00781849
  4468           0.00118849    0.00781783
  4469           0.00146497    0.00781849
  4470           0.00202032    0.01159509
  4471           0.00531428    0.03595219
  4472           0.00270857    0.01704351
  4473           0.00295722    0.01892020
  4474           0.00532656    0.03603912
  4475           0.00270482    0.01701495
  4476           0.00296326    0.01896539
  4477           0.00526286    0.03558768
  4478           0.00272419    0.01716241
  4479           0.00293018    0.01871741
  4480           0.00558291    0.03785330
  4481           0.00262519    0.01640624
  4482           0.00305513    0.01965182
  4483           0.00379391    0.02507519
  4484           0.00306458    0.01972253
  4485           0.00113008    0.00781848
  4486           0.00113035    0.00781782
  4487           0.00113173    0.00781847
  4488           0.00113945    0.00781782
  4489           0.00117618    0.00781847
  4490           0.00139511    0.00781781
  4491           0.00189277    0.01051301
  4492           0.00480476    0.03233292
  4493           0.00285627    0.01816249
  4494           0.00254970    0.01582426
  4495           0.00667560    0.04555156
  4496           0.00227576    0.01367792
  4497           0.00294356    0.01881853
  4498           0.00208037    0.01209339
  4499           0.00553888    0.03754199
  4500           0.00263903    0.01651234
  4501           0.00304373    0.01956680
  4502           0.00405726    0.02697923
  4503           0.00302615    0.01943615
  4504           0.00139263    0.00781780
  4505           0.00253244    0.01569144
  4506           0.00295415    0.01889717
  4507           0.00535804    0.03626210
  4508           0.00269518    0.01694146
  4509           0.00297801    0.01907586
  4510           0.00509555    0.03440073
  4511           0.00277406    0.01754104
  4512           0.00282153    0.01789943
  4513           0.00626695    0.04267805
  4514           0.00240617    0.01470882
  4515           0.00305399    0.01964362
  4516           0.00116468    0.00781779
  4517           0.00132919    0.00781845
  4518           0.00175519    0.00929868
  4519           0.00421702    0.02812898
  4520           0.00299647    0.01921446
  4521           0.00166675    0.00848279
  4522           0.00382307    0.02528666
  4523           0.00306104    0.01969623
  4524           0.00113518    0.00781778
  4525           0.00115893    0.00781844
  4526           0.00125993    0.00781778
  4527           0.00185575    0.01019204
  4528           0.00252432    0.01562799
  4529           0.00665700    0.04542088
  4530           0.00228164    0.01372478
  4531           0.00294973    0.01886475
  4532           0.00203783    0.01174101
  4533           0.00538091    0.03642406
  4534           0.00268815    0.01688783
  4535           0.00298809    0.01915126
  4536           0.00497077    0.03351419
  4537           0.00281012    0.01781400
  4538           0.00271842    0.01711753
  4539           0.00658223    0.04489544
  4540           0.00230533    0.01391319
  4541           0.00297356    0.01904315
  4542           0.00185946    0.01022405
  4543           0.00466562    0.03134079
  4544           0.00289308    0.01843944
  4545           0.00237929    0.01449641
  4546           0.00643237    0.04384184
  4547           0.00235311    0.01429138
  4548           0.00301624    0.01936209
  4549           0.00148572    0.00781842
  4550           0.00298333    0.01911637
  4551           0.00306658    0.01973711
  4552           0.00347872    0.02277908
  4553           0.00308945    0.01990752
  4554           0.00160952    0.00793565
  4555           0.00224090    0.01339777
  4556           0.00607433    0.04132146
  4557           0.00246817    0.01519319
  4558           0.00308276    0.01985775
  4559           0.00131189    0.00781841
  4560           0.00171562    0.00893760
  4561           0.00404213    0.02687005
  4562           0.00302873    0.01945537
  4563           0.00136856    0.00781841
  4564           0.00241317    0.01476298
  4565           0.00290512    0.01852924
  4566           0.00578415    0.03927489
  4567           0.00256133    0.01591507
  4568           0.00308693    0.01988868
  4569           0.00261297    0.01631206
  4570           0.00298222    0.01910728
  4571           0.00504460    0.03403885
  4572           0.00278891    0.01765351
  4573           0.00278181    0.01759882
  4574           0.00641860    0.04374496
  4575           0.00235751    0.01432615
  4576           0.00301978    0.01938854
  4577           0.00145244    0.00781839
  4578           0.00282386    0.01791770
  4579           0.00303857    0.01952825
  4580           0.00416444    0.02775088
  4581           0.00300671    0.01929098
  4582           0.00157424    0.00781773
  4583           0.00339953    0.02219858
  4584           0.00309140    0.01992201
  4585           0.00185208    0.01015994
  4586           0.00252075    0.01560030
  4587           0.00665381    0.04539829
  4588           0.00228265    0.01373274
  4589           0.00295078    0.01887250
  4590           0.00203045    0.01167956
  4591           0.00535294    0.03622589
  4592           0.00269674    0.01695329
  4593           0.00297569    0.01905841
  4594           0.00512298    0.03459533
  4595           0.00276599    0.01747982
  4596           0.00284160    0.01805089
  4597           0.00617326    0.04201829
  4598           0.00243632    0.01494467
  4599           0.00307023    0.01976445
  4600           0.00114119    0.00781771
  4601           0.00118418    0.00781837
  4602           0.00144058    0.00781771
  4603           0.00197762    0.01123666
  4604           0.00514820    0.03477437
  4605           0.00275854    0.01742326
  4606           0.00285926    0.01818405
  4607           0.00608017    0.04136247
  4608           0.00246629    0.01517851
  4609           0.00308216    0.01985324
  4610           0.00129640    0.00781770
  4611           0.00167876    0.00859558
  4612           0.00387724    0.02567882
  4613           0.00305398    0.01964349
  4614           0.00116475    0.00781770
  4615           0.00132956    0.00781836
  4616           0.00175601    0.00930605
  4617           0.00422060    0.02815465
  4618           0.00299575    0.01920907
  4619           0.00167307    0.00854219
  4620           0.00385159    0.02549316
  4621           0.00305740    0.01966906
  4622           0.00114770    0.00781769
  4623           0.00123099    0.00781835
  4624           0.00150475    0.00781769
  4625           0.00307376    0.01979117
  4626           0.00307754    0.01981873
  4627           0.00309556    0.01995339
  4628           0.00307968    0.01983469
  4629           0.00300461    0.01927548
  4630           0.00306947    0.01975868
  4631           0.00338787    0.02211298
  4632           0.00309154    0.01992303
  4633           0.00189052    0.01049384
  4634           0.00255726    0.01588255
  4635           0.00667977    0.04558071
  4636           0.00227445    0.01366743
  4637           0.00294218    0.01880807
  4638           0.00208979    0.01217087
  4639           0.00557304    0.03778343
  4640           0.00262830    0.01643010
  4641           0.00305273    0.01963385
  4642           0.00385309    0.02550403
  4643           0.00305721    0.01966762
  4644           0.00114855    0.00781767
  4645           0.00123592    0.00781833
  4646           0.00151911    0.00781767
  4647           0.00314161    0.02029544
  4648           0.00308359    0.01986384
  4649           0.00281498    0.01785061
  4650           0.00303666    0.01951411
  4651           0.00420254    0.02802488
  4652           0.00299934    0.01923593
  4653           0.00164121    0.00824065
  4654           0.00370731    0.02444637
  4655           0.00307393    0.01979217
  4656           0.00116561    0.00781766
  4657           0.00128626    0.00781832
  4658           0.00199427    0.01137724
  4659           0.00264703    0.01657259
  4660           0.00667375    0.04553848
  4661           0.00227635    0.01368263
  4662           0.00294419    0.01882320
  4663           0.00207617    0.01205864
  4664           0.00552353    0.03743336
  4665           0.00264385    0.01654922
  4666           0.00303935    0.01953414
  4667           0.00414870    0.02763765
  4668           0.00300970    0.01931331
  4669           0.00154676    0.00781831
  4670           0.00327151    0.02125651
  4671           0.00309039    0.01991444
  4672           0.00230423    0.01390355
  4673           0.00285182    0.01812798
  4674           0.00612077    0.04164862
  4675           0.00245323    0.01507677
  4676           0.00307751    0.01981873
  4677           0.00120672    0.00781831
  4678           0.00143039    0.00781764
  4679           0.00271716    0.01710854
  4680           0.00301301    0.01933751
  4681           0.00461758    0.03099788
  4682           0.00290534    0.01853164
  4683           0.00231426    0.01398267
  4684           0.00627859    0.04275988
  4685           0.00240244    0.01467955
  4686           0.00305170    0.01962661
  4687           0.00117836    0.00781830
  4688           0.00140754    0.00781763
  4689           0.00191670    0.01071868
  4690           0.00490326    0.03303398
  4691           0.00282916    0.01795791
  4692           0.00265426    0.01662787
  4693           0.00666833    0.04550029
  4694           0.00227806    0.01369623
  4695           0.00294599    0.01883666
  4696           0.00206382    0.01195664
  4697           0.00547812    0.03711205
  4698           0.00265803    0.01665772
  4699           0.00302513    0.01942798
  4700           0.00441668    0.02956121
  4701           0.00295371    0.01889447
  4702           0.00200963    0.01150566
  4703           0.00527319    0.03566079
  4704           0.00272107    0.01713857
  4705           0.00293585    0.01875985
  4706           0.00553287    0.03749929
  4707           0.00264092    0.01652671
  4708           0.00304204    0.01955411
  4709           0.00409310    0.02723732
  4710           0.00301988    0.01938924
  4711           0.00145157    0.00781828
  4712           0.00281962    0.01788559
  4713           0.00303766    0.01952147
  4714           0.00418266    0.02788187
  4715           0.00300322    0.01926483
  4716           0.00160621    0.00790313
  4717           0.00354719    0.02327964
  4718           0.00308629    0.01988399
  4719           0.00143075    0.00781827
  4720           0.00195988    0.01108668
  4721           0.00507782    0.03427472
  4722           0.00277925    0.01758033
  4723           0.00280808    0.01779762
  4724           0.00632314    0.04307331
  4725           0.00238813    0.01456711
  4726           0.00304239    0.01955717
  4727           0.00124720    0.00781826
  4728           0.00178781    0.00959218
  4729           0.00245539    0.01509237
  4730           0.00657326    0.04483222
  4731           0.00230819    0.01393580
  4732           0.00297632    0.01906372
  4733           0.00183739    0.01003087
  4734           0.00457223    0.03067385
  4735           0.00291667    0.01861665
  4736           0.00225001    0.01347060
  4737           0.00610125    0.04151095
  4738           0.00245951    0.01512564
  4739           0.00307985    0.01983606
  4740           0.00124578    0.00781759
  4741           0.00154712    0.00781825
  4742           0.00327317    0.02126863
  4743           0.00309043    0.01991467
  4744           0.00229800    0.01385404
  4745           0.00284851    0.01810294
  4746           0.00613816    0.04177095
  4747           0.00244763    0.01503298
  4748           0.00307525    0.01980181
  4749           0.00117852    0.00781824
  4750           0.00133450    0.00781758
  4751           0.00224206    0.01340745
  4752           0.00281741    0.01786816
  4753           0.00628474    0.04280305
  4754           0.00240046    0.01466394
  4755           0.00305046    0.01961728
  4756           0.00118640    0.00781757
  4757           0.00145315    0.00781823
  4758           0.00199985    0.01142367
  4759           0.00523530    0.03539213
  4760           0.00273252    0.01722561
  4761           0.00291451    0.01859960
  4762           0.00571253    0.03876897
  4763           0.00258416    0.01609092
  4764           0.00307925    0.01983139
  4765           0.00302323    0.01941442
  4766           0.00307184    0.01977616
  4767           0.00330867    0.02153034
  4768           0.00309124    0.01992065
  4769           0.00216672    0.01279986
  4770           0.00277150    0.01752062
  4771           0.00645136    0.04397520
  4772           0.00234704    0.01424343
  4773           0.00301125    0.01932475
  4774           0.00153237    0.00781756
  4775           0.00320403    0.02075784
  4776           0.00308762    0.01989367
  4777           0.00256443    0.01593839
  4778           0.00296577    0.01898405
  4779           0.00523567    0.03539468
  4780           0.00273241    0.01722475
  4781           0.00291472    0.01860118
  4782           0.00571084    0.03875703
  4783           0.00258470    0.01609502
  4784           0.00307903    0.01982967
  4785           0.00303307    0.01948781
  4786           0.00307303    0.01978501
  4787           0.00326696    0.02122275
  4788           0.00309025    0.01991325
  4789           0.00232139    0.01403969
  4790           0.00286080    0.01819552
  4791           0.00607164    0.04130224
  4792           0.00246905    0.01519989
  4793           0.00308304    0.01985968
  4794           0.00131926    0.00781754
  4795           0.00173266    0.00909376
  4796           0.00411773    0.02741457
  4797           0.00301544    0.01935603
  4798           0.00149329    0.00781753
  4799           0.00301935    0.01938542
  4800           0.00307136    0.01977258
  4801           0.00332517    0.02165181
  4802           0.00309147    0.01992237
  4803           0.00210718    0.01231416
  4804           0.00273173    0.01721864
  4805           0.00655501    0.04470380
  4806           0.00231399    0.01398184
  4807           0.00298185    0.01910505
  4808           0.00179215    0.00963049
  4809           0.00437809    0.02928464
  4810           0.00296242    0.01895962
  4811           0.00194572    0.01096634
  4812           0.00502102    0.03387104
  4813           0.00279573    0.01770504
  4814           0.00276231    0.01745092
  4815           0.00647841    0.04416524
  4816           0.00233840    0.01417513
  4817           0.00300392    0.01926996
  4818           0.00159983    0.00784078
  4819           0.00351780    0.02306481
  4820           0.00308781    0.01989519
  4821           0.00150350    0.00781818
  4822           0.00208420    0.01212481
  4823           0.00555280    0.03764011
  4824           0.00263467    0.01647873
  4825           0.00304752    0.01959490
  4826           0.00397416    0.02637940
  4827           0.00303979    0.01953770
  4828           0.00126906    0.00781751
  4829           0.00190407    0.01061057
  4830           0.00256969    0.01597832
  4831           0.00668511    0.04561792
  4832           0.00227276    0.01365384
  4833           0.00294038    0.01879445
  4834           0.00210182    0.01226966
  4835           0.00561623    0.03808848
  4836           0.00261469    0.01632548
  4837           0.00306266    0.01970767
  4838           0.00359428    0.02362318
  4839           0.00308335    0.01986201
  4840           0.00132827    0.00781749
  4841           0.00175310    0.00927963
  4842           0.00420782    0.02806260
  4843           0.00299830    0.01922794
  4844           0.00165053    0.00832926
  4845           0.00374962    0.02475357
  4846           0.00306959    0.01975962
  4847           0.00113848    0.00781815
  4848           0.00117162    0.00781749
  4849           0.00136902    0.00781815
  4850           0.00184058    0.01005885
  4851           0.00458580    0.03077072
  4852           0.00291331    0.01859135
  4853           0.00226952    0.01362657
  4854           0.00615754    0.04190732
  4855           0.00244139    0.01498425
  4856           0.00307256    0.01978175
  4857           0.00115466    0.00781814
  4858           0.00124248    0.00781748
  4859           0.00176241    0.00936411
  4860           0.00242797    0.01487816
  4861           0.00652788    0.04451306
  4862           0.00232263    0.01405030
  4863           0.00298988    0.01916509
  4864           0.00172428    0.00901704
  4865           0.00408060    0.02714713
  4866           0.00302210    0.01940574
  4867           0.00143073    0.00781814
  4868           0.00271879    0.01712082
  4869           0.00301344    0.01934059
  4870           0.00461076    0.03094894
  4871           0.00290706    0.01854441
  4872           0.00230477    0.01390724
  4873           0.00625387    0.04258563
  4874           0.00241039    0.01474173
  4875           0.00305650    0.01966219
  4876           0.00115177    0.00781746
  4877           0.00125457    0.00781813
  4878           0.00157135    0.00781746
  4879           0.00338608    0.02209960
  4880           0.00309155    0.01992300
  4881           0.00189651    0.01054546
  4882           0.00256278    0.01592506
  4883           0.00668238    0.04559872
  4884           0.00227363    0.01366077
  4885           0.00294130    0.01880138
  4886           0.00209567    0.01221914
  4887           0.00559422    0.03793288
  4888           0.00262164    0.01637883
  4889           0.00305780    0.01967148
  4890           0.00372620    0.02458345
  4891           0.00307205    0.01977791
  4892           0.00115116    0.00781745
  4893           0.00122788    0.00781811
  4894           0.00168334    0.00863860
  4895           0.00233625    0.01415676
  4896           0.00633370    0.04314739
  4897           0.00238474    0.01454044
  4898           0.00304007    0.01953976
  4899           0.00126671    0.00781811
  4900           0.00189162    0.01050326
  4901           0.00255828    0.01589027
  4902           0.00668027    0.04558386
  4903           0.00227430    0.01366605
  4904           0.00294201    0.01880665
  4905           0.00209092    0.01218008
  4906           0.00557712    0.03781196
  4907           0.00262702    0.01642011
  4908           0.00305374    0.01964118
  4909           0.00382866    0.02532681
  4910           0.00306035    0.01969083
  4911           0.00113708    0.00781810
  4912           0.00116969    0.00781743
  4913           0.00130182    0.00781809
  4914           0.00207497    0.01204905
  4915           0.00270885    0.01704443
  4916           0.00659977    0.04501825
  4917           0.00229978    0.01386891
  4918           0.00296812    0.01900226
  4919           0.00190222    0.01059425
  4920           0.00484379    0.03261042
  4921           0.00284564    0.01808201
  4922           0.00259271    0.01615550
  4923           0.00669006    0.04565255
  4924           0.00227120    0.01364135
  4925           0.00293872    0.01878191
  4926           0.00211288    0.01236035
  4927           0.00565551    0.03836593
  4928           0.00260226    0.01623002
  4929           0.00307033    0.01976477
  4930           0.00335973    0.02190594
  4931           0.00309166    0.01992366
  4932           0.00198576    0.01130550
  4933           0.00264012    0.01651942
  4934           0.00667814    0.04556872
  4935           0.00227497    0.01367133
  4936           0.00294272    0.01881189
  4937           0.00208611    0.01214049
  4938           0.00555972    0.03768884
  4939           0.00263249    0.01646196
  4940           0.00304934    0.01960834
  4941           0.00393278    0.02608028
  4942           0.00304609    0.01958446
  4943           0.00121784    0.00781807
  4944           0.00162843    0.00811834
  4945           0.00226630    0.01360079
  4946           0.00614837    0.04184255
  4947           0.00244434    0.01500717
  4948           0.00307385    0.01979124
  4949           0.00116494    0.00781806
  4950           0.00128363    0.00781739
  4951           0.00198049    0.01126107
  4952           0.00263580    0.01648630
  4953           0.00668054    0.04558556
  4954           0.00227421    0.01366527
  4955           0.00294192    0.01880585
  4956           0.00209153    0.01218508
  4957           0.00557932    0.03782735
  4958           0.00262633    0.01641469
  4959           0.00305427    0.01964505
  4960           0.00381547    0.02523112
  4961           0.00306199    0.01970292
  4962           0.00113309    0.00781738
  4963           0.00114700    0.00781805
  4964           0.00121001    0.00781738
  4965           0.00158524    0.00781805
  4966           0.00220724    0.01312699
  4967           0.00597119    0.04059400
  4968           0.00250137    0.01545100
  4969           0.00309021    0.01991284
  4970           0.00167501    0.00856056
  4971           0.00232598    0.01407542
  4972           0.00630832    0.04296859
  4973           0.00239289    0.01460434
  4974           0.00304558    0.01958071
  4975           0.00122171    0.00781804
  4976           0.00164964    0.00832111
  4977           0.00229398    0.01382137
  4978           0.00622511    0.04238293
  4979           0.00241964    0.01481408
  4980           0.00306174    0.01970109
  4981           0.00113360    0.00781803
  4982           0.00114984    0.00781736
  4983           0.00122225    0.00781803
  4984           0.00165258    0.00834900
  4985           0.00229774    0.01385134
  4986           0.00623523    0.04245418
  4987           0.00241639    0.01478862
  4988           0.00305994    0.01968771
  4989           0.00113830    0.00781803
  4990           0.00117670    0.00781736
  4991           0.00132787    0.00781802
  4992           0.00220837    0.01313653
  4993           0.00279747    0.01771720
  4994           0.00636389    0.04335962
  4995           0.00237506    0.01446418
  4996           0.00303318    0.01948826
  4997           0.00132772    0.00781802
  4998           0.00220760    0.01313032
  4999           0.00279700    0.01771366
  5000           0.00636561    0.04337172
  5001           0.00237451    0.01445982
  5002           0.00303278    0.01948523
  5003           0.00133140    0.00781801
  5004           0.00222630    0.01328084
  5005           0.00280820    0.01779836
  5006           0.00632266    0.04306953
  5007           0.00238829    0.01456818
  5008           0.00304250    0.01955775
  5009           0.00124635    0.00781801
  5010           0.00178319    0.00955069
  5011           0.00245047    0.01505378
  5012           0.00656557    0.04477774
  5013           0.00231064    0.01395507
  5014           0.00297867    0.01908105
  5015           0.00181838    0.00986333
  5016           0.00449109    0.03009347
  5017           0.00293637    0.01876423
  5018           0.00212831    0.01248655
  5019           0.00570955    0.03874761
  5020           0.00258511    0.01609804
  5021           0.00307885    0.01982819
  5022           0.00304061    0.01954391
  5023           0.00307392    0.01979144
  5024           0.00323505    0.02098698
  5025           0.00308909    0.01990444
  5026           0.00244330    0.01499840
  5027           0.00291840    0.01862862
  5028           0.00568158    0.03855000
  5029           0.00259400    0.01616643
  5030           0.00307473    0.01979747
  5031           0.00320511    0.02076560
  5032           0.00308768    0.01989389
  5033           0.00256019    0.01590556
  5034           0.00296427    0.01897260
  5035           0.00525205    0.03551047
  5036           0.00272747    0.01718702
  5037           0.00292414    0.01867170
  5038           0.00563447    0.03821711
  5039           0.00260892    0.01628111
  5040           0.00306638    0.01973525
  5041           0.00348521    0.02282619
  5042           0.00308922    0.01990545
  5043           0.00159126    0.00781798
  5044           0.00221570    0.01319504
  5045           0.00599760    0.04078007
  5046           0.00249288    0.01538502
  5047           0.00308888    0.01990294
  5048           0.00156779    0.00781730
  5049           0.00218226    0.01292517
  5050           0.00589123    0.04002990
  5051           0.00252705    0.01564997
  5052           0.00309162    0.01992322
  5053           0.00204425    0.01179461
  5054           0.00268609    0.01687082
  5055           0.00663453    0.04526214
  5056           0.00228876    0.01378112
  5057           0.00295706    0.01891924
  5058           0.00198539    0.01130194
  5059           0.00517877    0.03499074
  5060           0.00274946    0.01735405
  5061           0.00287965    0.01833732
  5062           0.00595894    0.04050741
  5063           0.00250530    0.01548142
  5064           0.00309068    0.01991620
  5065           0.00172748    0.00904661
  5066           0.00238868    0.01456994
  5067           0.00645217    0.04398030
  5068           0.00234678    0.01424115
  5069           0.00301103    0.01932283
  5070           0.00153439    0.00781728
  5071           0.00321347    0.02082737
  5072           0.00308810    0.01989695
  5073           0.00252731    0.01565141
  5074           0.00295223    0.01888234
  5075           0.00537739    0.03639841
  5076           0.00268924    0.01689572
  5077           0.00298658    0.01913948
  5078           0.00499012    0.03365109
  5079           0.00280460    0.01777186
  5080           0.00273572    0.01724870
  5081           0.00654610    0.04464058
  5082           0.00231683    0.01400404
  5083           0.00298451    0.01912460
  5084           0.00176995    0.00943157
  5085           0.00428157    0.02859202
  5086           0.00298329    0.01911544
  5087           0.00178023    0.00952377
  5088           0.00432633    0.02891313
  5089           0.00297378    0.01904430
  5090           0.00185782    0.01020944
  5091           0.00465865    0.03129044
  5092           0.00289488    0.01845253
  5093           0.00237006    0.01442341
  5094           0.00641225    0.04369948
  5095           0.00235955    0.01434187
  5096           0.00302140    0.01940014
  5097           0.00143732    0.00781793
  5098           0.00275074    0.01736352
  5099           0.00302168    0.01940174
  5100           0.00447620    0.02998671
  5101           0.00293989    0.01879050
  5102           0.00210508    0.01229626
  5103           0.00562783    0.03816995
  5104           0.00261102    0.01629709
  5105           0.00306505    0.01972524
  5106           0.00352488    0.02311619
  5107           0.00308747    0.01989230
  5108           0.00148543    0.00781725
  5109           0.00205474    0.01188110
  5110           0.00544433    0.03687220
  5111           0.00266855    0.01673769
  5112           0.00301330    0.01933916
  5113           0.00461294    0.03096405
  5114           0.00290651    0.01853993
  5115           0.00230781    0.01393118
  5116           0.00626181    0.04264087
  5117           0.00240784    0.01472143
  5118           0.00305499    0.01965055
  5119           0.00115930    0.00781791
  5120           0.00129804    0.00781724
  5121           0.00168272    0.00863235
  5122           0.00389499    0.02580680
  5123           0.00305153    0.01962483
  5124           0.00117949    0.00781723
  5125           0.00141387    0.00781790
  5126           0.00192863    0.01082052
  5127           0.00495187    0.03337909
  5128           0.00281549    0.01785416
  5129           0.00270107    0.01698495
  5130           0.00661267    0.04510838
  5131           0.00229568    0.01383612
  5132           0.00296405    0.01897150
  5133           0.00193339    0.01086112
  5134           0.00497117    0.03351629
  5135           0.00281001    0.01781269
  5136           0.00271879    0.01711991
  5137           0.00658152    0.04488937
  5138           0.00230557    0.01391465
  5139           0.00297379    0.01904433
  5140           0.00185771    0.01020848
  5141           0.00465820    0.03128712
  5142           0.00289499    0.01845333
  5143           0.00236946    0.01441864
  5144           0.00641092    0.04368996
  5145           0.00235998    0.01434518
  5146           0.00302173    0.01940258
  5147           0.00143416    0.00781788
  5148           0.00273540    0.01724693
  5149           0.00301779    0.01937264
  5150           0.00454093    0.03044957
  5151           0.00292436    0.01867393
  5152           0.00220407    0.01310123
  5153           0.00596115    0.04052273
  5154           0.00250459    0.01547578
  5155           0.00309060    0.01991546
  5156           0.00171789    0.00895853
  5157           0.00237755    0.01448233
  5158           0.00642861    0.04381431
  5159           0.00235432    0.01430052
  5160           0.00301722    0.01936886
  5161           0.00147659    0.00781787
  5162           0.00293965    0.01878874
  5163           0.00306006    0.01968794
  5164           0.00366614    0.02414634
  5165           0.00307774    0.01981988
  5166           0.00121012    0.00781719
  5167           0.00144116    0.00781786
  5168           0.00276930    0.01750430
  5169           0.00302622    0.01943562
  5170           0.00439753    0.02942336
  5171           0.00295806    0.01892658
  5172           0.00197810    0.01124034
  5173           0.00515003    0.03478656
  5174           0.00275801    0.01741878
  5175           0.00286051    0.01819306
  5176           0.00607320    0.04131249
  5177           0.00246855    0.01519565
  5178           0.00308288    0.01985810
  5179           0.00131499    0.00781785
  5180           0.00172280    0.00900323
  5181           0.00407397    0.02709890
  5182           0.00302326    0.01941402
  5183           0.00141980    0.00781785
  5184           0.00266557    0.01671457
  5185           0.00299851    0.01922863
  5186           0.00483155    0.03252284
  5187           0.00284899    0.01810697
  5188           0.00257945    0.01605323
  5189           0.00668799    0.04563738
  5190           0.00227186    0.01364631
  5191           0.00293941    0.01878681
  5192           0.00210827    0.01232240
  5193           0.00563918    0.03825002
  5194           0.00260744    0.01626945
  5195           0.00306729    0.01974183
  5196           0.00345704    0.02261974
  5197           0.00309018    0.01991235
  5198           0.00167251    0.00853696
  5199           0.00232287    0.01405059
  5200           0.00630049    0.04291294
  5201           0.00239541    0.01462386
  5202           0.00304723    0.01959269
  5203           0.00120924    0.00781783
  5204           0.00158090    0.00781716
  5205           0.00220109    0.01307714
  5206           0.00595172    0.04045616
  5207           0.00250763    0.01549930
  5208           0.00309092    0.01991779
  5209           0.00175921    0.00933497
  5210           0.00242444    0.01485022
  5211           0.00652152    0.04446755
  5212           0.00232465    0.01406597
  5213           0.00299173    0.01917843
  5214           0.00170833    0.00887013
  5215           0.00400963    0.02663492
  5216           0.00303414    0.01949508
  5217           0.00131903    0.00781782
  5218           0.00216324    0.01277131
  5219           0.00276926    0.01750325
  5220           0.00645812    0.04402175
  5221           0.00234489    0.01422603
  5222           0.00300944    0.01931079
  5223           0.00154914    0.00781781
  5224           0.00328257    0.02133747
  5225           0.00309069    0.01991606
  5226           0.00226287    0.01357365
  5227           0.00282927    0.01795729
  5228           0.00623236    0.04243339
  5229           0.00241731    0.01479558
  5230           0.00306046    0.01969120
  5231           0.00113679    0.00781781
  5232           0.00116797    0.00781713
  5233           0.00129525    0.00781780
  5234           0.00204091    0.01176665
  5235           0.00268356    0.01685128
  5236           0.00663784    0.04528498
  5237           0.00228771    0.01377264
  5238           0.00295599    0.01891102
  5239           0.00199319    0.01136741
  5240           0.00520929    0.03520690
  5241           0.00274034    0.01728457
  5242           0.00289893    0.01848210
  5243           0.00582929    0.03959246
  5244           0.00254690    0.01580319
  5245           0.00308987    0.01990992
  5246           0.00236518    0.01438538
  5247           0.00288270    0.01836003
  5248           0.00593949    0.04036987
  5249           0.00251156    0.01552971
  5250           0.00309124    0.01992016
  5251           0.00181410    0.00982562
  5252           0.00248280    0.01530535
  5253           0.00661197    0.04510315
  5254           0.00229590    0.01383776
  5255           0.00296428    0.01897299
  5256           0.00193171    0.01084676
  5257           0.00496438    0.03346774
  5258           0.00281194    0.01782715
  5259           0.00271261    0.01707271
  5260           0.00659304    0.04497005
  5261           0.00230191    0.01388546
  5262           0.00297022    0.01901746
  5263           0.00188590    0.01045321
  5264           0.00477617    0.03212811
  5265           0.00286399    0.01821990
  5266           0.00251687    0.01556973
  5267           0.00665015    0.04537127
  5268           0.00228381    0.01374146
  5269           0.00295198    0.01888082
  5270           0.00202199    0.01160860
  5271           0.00532062    0.03599584
  5272           0.00270664    0.01702810
  5273           0.00296036    0.01894299
  5274           0.00529374    0.03580541
  5275           0.00271483    0.01709044
  5276           0.00294677    0.01884115
  5277           0.00543101    0.03677752
  5278           0.00267267    0.01676897
  5279           0.00300833    0.01930178
  5280           0.00468929    0.03150862
  5281           0.00288696    0.01839267
  5282           0.00241017    0.01473837
  5283           0.00649500    0.04428077
  5284           0.00233311    0.01413273
  5285           0.00299930    0.01923478
  5286           0.00164158    0.00824380
  5287           0.00370890    0.02445711
  5288           0.00307377    0.01979014
  5289           0.00116427    0.00781775
  5290           0.00128098    0.00781708
  5291           0.00196657    0.01114331
  5292           0.00262424    0.01639736
  5293           0.00668558    0.04562005
  5294           0.00227262    0.01365220
  5295           0.00294022    0.01879266
  5296           0.00210289    0.01227810
  5297           0.00561999    0.03811408
  5298           0.00261350    0.01631584
  5299           0.00306345    0.01971293
  5300           0.00357174    0.02345815
  5301           0.00308483    0.01987240
  5302           0.00137506    0.00781707
  5303           0.00185287    0.01016608
  5304           0.00463775    0.03114083
  5305           0.00290022    0.01849242
  5306           0.00234195    0.01420146
  5307           0.00634741    0.04324280
  5308           0.00238034    0.01450529
  5309           0.00303698    0.01951607
  5310           0.00129358    0.00781706
  5311           0.00203224    0.01169443
  5312           0.00267693    0.01680058
  5313           0.00664592    0.04534138
  5314           0.00228515    0.01375208
  5315           0.00295336    0.01889111
  5316           0.00201213    0.01152615
  5317           0.00528275    0.03572743
  5318           0.00271817    0.01711581
  5319           0.00294099    0.01879775
  5320           0.00548580    0.03716515
  5321           0.00265564    0.01663870
  5322           0.00302767    0.01944613
  5323           0.00437158    0.02923715
  5324           0.00296387    0.01896976
  5325           0.00193480    0.01087304
  5326           0.00497688    0.03355638
  5327           0.00280838    0.01780008
  5328           0.00272393    0.01715882
  5329           0.00657131    0.04481707
  5330           0.00230881    0.01394011
  5331           0.00297691    0.01906738
  5332           0.00183262    0.00998853
  5333           0.00455184    0.03052716
  5334           0.00292169    0.01865360
  5335           0.00222023    0.01323122
  5336           0.00601156    0.04087762
  5337           0.00248838    0.01534965
  5338           0.00308801    0.01989594
  5339           0.00151465    0.00781771
  5340           0.00210192    0.01227011
  5341           0.00561652    0.03808948
  5342           0.00261459    0.01632417
  5343           0.00306272    0.01970744
  5344           0.00359246    0.02360928
  5345           0.00308348    0.01986223
  5346           0.00133189    0.00781702
  5347           0.00176116    0.00935216
  5348           0.00424310    0.02831530
  5349           0.00299122    0.01917440
  5350           0.00171273    0.00891059
  5351           0.00402920    0.02677587
  5352           0.00303091    0.01947076
  5353           0.00134850    0.00781769
  5354           0.00231264    0.01396983
  5355           0.00285624    0.01816065
  5356           0.00609685    0.04147868
  5357           0.00246093    0.01513611
  5358           0.00308036    0.01983906
  5359           0.00125565    0.00781769
  5360           0.00157425    0.00781701
  5361           0.00339948    0.02219741
  5362           0.00309141    0.01992125
  5363           0.00185228    0.01016128
  5364           0.00252094    0.01560119
  5365           0.00665395    0.04539772
  5366           0.00228262    0.01373186
  5367           0.00295074    0.01887144
  5368           0.00203079    0.01168190
  5369           0.00535416    0.03623331
  5370           0.00269638    0.01694980
  5371           0.00297626    0.01906189
  5372           0.00511639    0.03454739
  5373           0.00276794    0.01749388
  5374           0.00283687    0.01801453
  5375           0.00619648    0.04218032
  5376           0.00242886    0.01488570
  5377           0.00306659    0.01973658
  5378           0.00113101    0.00781700
  5379           0.00113502    0.00781767
  5380           0.00115782    0.00781699
  5381           0.00125534    0.00781767
  5382           0.00183122    0.00997663
  5383           0.00250014    0.01543995
  5384           0.00663285    0.04524952
  5385           0.00228929    0.01378501
  5386           0.00295760    0.01892285
  5387           0.00198146    0.01126856
  5388           0.00516327    0.03488010
  5389           0.00275408    0.01738868
  5390           0.00286946    0.01826017
  5391           0.00602151    0.04094769
  5392           0.00248519    0.01532483
  5393           0.00308733    0.01989089
  5394           0.00147849    0.00781698
  5395           0.00204318    0.01178496
  5396           0.00540101    0.03656499
  5397           0.00268196    0.01683978
  5398           0.00299652    0.01921338
  5399           0.00485905    0.03271818
  5400           0.00284144    0.01804969
  5401           0.00260897    0.01628002
  5402           0.00668941    0.04564669
  5403           0.00227141    0.01364249
  5404           0.00293893    0.01878289
  5405           0.00211145    0.01234824
  5406           0.00565039    0.03832872
  5407           0.00260389    0.01624190
  5408           0.00306940    0.01975719
  5409           0.00339014    0.02212877
  5410           0.00309151    0.01992190
  5411           0.00188300    0.01042837
  5412           0.00255025    0.01582781
  5413           0.00667587    0.04555153
  5414           0.00227569    0.01367656
  5415           0.00294348    0.01881694
  5416           0.00208100    0.01209799
  5417           0.00554109    0.03755608
  5418           0.00263834    0.01650622
  5419           0.00304435    0.01957043
  5420           0.00404402    0.02688263
  5421           0.00302842    0.01945208
  5422           0.00137157    0.00781695
  5423           0.00242801    0.01487846
  5424           0.00291173    0.01857810
  5425           0.00573410    0.03892001
  5426           0.00257730    0.01603736
  5427           0.00308197    0.01985080
  5428           0.00289782    0.01847430
  5429           0.00305301    0.01963505
  5430           0.00384627    0.02545364
  5431           0.00305810    0.01967336
  5432           0.00114486    0.00781694
  5433           0.00121441    0.00781762
  5434           0.00145458    0.00781694
  5435           0.00283405    0.01799394
  5436           0.00304072    0.01954344
  5437           0.00412074    0.02743536
  5438           0.00301489    0.01935121
  5439           0.00149847    0.00781762
  5440           0.00304382    0.01956733
  5441           0.00307429    0.01979367
  5442           0.00322152    0.02088646
  5443           0.00308850    0.01989944
  5444           0.00249586    0.01540727
  5445           0.00294010    0.01879100
  5446           0.00549417    0.03722428
  5447           0.00265304    0.01661877
  5448           0.00303038    0.01946633
  5449           0.00432242    0.02888456
  5450           0.00297463    0.01905028
  5451           0.00185109    0.01015046
  5452           0.00463024    0.03108710
  5453           0.00290214    0.01850675
  5454           0.00233171    0.01412037
  5455           0.00632252    0.04306742
  5456           0.00238834    0.01456811
  5457           0.00304254    0.01955741
  5458           0.00124611    0.00781692
  5459           0.00178184    0.00953829
  5460           0.00244902    0.01504205
  5461           0.00656324    0.04476022
  5462           0.00231138    0.01396054
  5463           0.00297938    0.01908578
  5464           0.00181262    0.00981202
  5465           0.00446632    0.02991543
  5466           0.00294223    0.01880759
  5467           0.00208951    0.01216806
  5468           0.00557197    0.03777445
  5469           0.00262865    0.01643196
  5470           0.00305247    0.01963103
  5471           0.00385947    0.02554921
  5472           0.00305638    0.01966053
  5473           0.00115241    0.00781759
  5474           0.00125810    0.00781691
  5475           0.00158086    0.00781758
  5476           0.00343010    0.02242197
  5477           0.00309089    0.01991733
  5478           0.00175452    0.00929242
  5479           0.00241925    0.01480940
  5480           0.00651209    0.04440069
  5481           0.00232767    0.01408965
  5482           0.00299446    0.01919855
  5483           0.00168459    0.00864954
  5484           0.00390334    0.02586670
  5485           0.00305036    0.01961575
  5486           0.00118719    0.00781689
  5487           0.00145744    0.00781757
  5488           0.00200729    0.01148553
  5489           0.00526408    0.03559492
  5490           0.00272384    0.01715895
  5491           0.00293087    0.01872173
  5492           0.00557709    0.03781069
  5493           0.00262704    0.01641966
  5494           0.00305374    0.01964052
  5495           0.00382882    0.02532724
  5496           0.00306034    0.01969007
  5497           0.00113716    0.00781756
  5498           0.00117004    0.00781688
  5499           0.00130309    0.00781756
  5500           0.00208137    0.01210148
  5501           0.00271348    0.01707914
  5502           0.00659153    0.04495911
  5503           0.00230240    0.01388924
  5504           0.00297070    0.01902092
  5505           0.00188221    0.01042113
  5506           0.00476080    0.03201836
  5507           0.00286812    0.01825083
  5508           0.00249876    0.01542912
  5509           0.00663131    0.04523857
  5510           0.00228979    0.01378891
  5511           0.00295811    0.01892659
  5512           0.00197781    0.01123771
  5513           0.00514889    0.03477791
  5514           0.00275835    0.01742110
  5515           0.00285974    0.01818688
  5516           0.00607760    0.04134286
  5517           0.00246714    0.01518439
  5518           0.00308244    0.01985448
  5519           0.00130318    0.00781754
  5520           0.00169503    0.00874676
  5521           0.00395016    0.02620519
  5522           0.00304350    0.01956455
  5523           0.00123833    0.00781754
  5524           0.00173991    0.00915972
  5525           0.00240286    0.01468093
  5526           0.00648085    0.04418107
  5527           0.00233764    0.01416847
  5528           0.00300325    0.01926427
  5529           0.00160599    0.00790051
  5530           0.00354608    0.02327063
  5531           0.00308636    0.01988368
  5532           0.00143344    0.00781685
  5533           0.00196473    0.01112718
  5534           0.00509705    0.03441001
  5535           0.00277364    0.01753702
  5536           0.00282267    0.01790718
  5537           0.00626207    0.04264194
  5538           0.00240777    0.01472056
  5539           0.00305495    0.01964987
  5540           0.00115957    0.00781684
  5541           0.00129953    0.00781752
  5542           0.00168629    0.00866535
  5543           0.00391095    0.02592176
  5544           0.00304928    0.01960767
  5545           0.00119460    0.00781752
  5546           0.00149921    0.00781684
  5547           0.00207727    0.01206712
  5548           0.00552747    0.03745980
  5549           0.00264263    0.01653910
  5550           0.00304051    0.01954187
  5551           0.00412528    0.02746807
  5552           0.00301407    0.01934505
  5553           0.00150627    0.00781751
  5554           0.00308079    0.01984271
  5555           0.00307826    0.01982324
  5556           0.00306622    0.01973419
  5557           0.00307676    0.01981211
  5558           0.00312726    0.02018808
  5559           0.00308247    0.01985462
  5560           0.00287377    0.01829335
  5561           0.00304861    0.01960234
  5562           0.00394995    0.02620363
  5563           0.00304354    0.01956492
  5564           0.00123806    0.00781682
  5565           0.00173843    0.00914618
  5566           0.00240118    0.01466775
  5567           0.00647756    0.04415798
  5568           0.00233869    0.01417689
  5569           0.00300417    0.01927118
  5570           0.00159771    0.00781956
  5571           0.00350794    0.02299191
  5572           0.00308829    0.01989803
  5573           0.00152938    0.00781750
  5574           0.00212487    0.01245802
  5575           0.00569755    0.03866191
  5576           0.00258894    0.01612710
  5577           0.00307717    0.01981514
  5578           0.00311107    0.02006785
  5579           0.00308110    0.01984443
  5580           0.00294043    0.01879426
  5581           0.00306020    0.01968872
  5582           0.00366289    0.02412235
  5583           0.00307804    0.01982185
  5584           0.00121441    0.00781680
  5585           0.00145458    0.00781748
  5586           0.00283402    0.01799364
  5587           0.00304072    0.01954356
  5588           0.00412098    0.02743716
  5589           0.00301486    0.01935107
  5590           0.00149888    0.00781680
  5591           0.00304577    0.01958182
  5592           0.00307452    0.01979550
  5593           0.00321337    0.02082622
  5594           0.00308811    0.01989670
  5595           0.00252779    0.01565470
  5596           0.00295242    0.01888343
  5597           0.00537572    0.03638597
  5598           0.00268977    0.01689949
  5599           0.00298587    0.01913383
  5600           0.00499941    0.03371647
  5601           0.00280196    0.01775159
  5602           0.00274385    0.01731009
  5603           0.00652713    0.04450647
  5604           0.00232289    0.01405181
  5605           0.00299012    0.01916618
  5606           0.00172240    0.00899936
  5607           0.00407218    0.02708563
  5608           0.00302359    0.01941621
  5609           0.00141687    0.00781746
  5610           0.00265118    0.01660423
  5611           0.00299422    0.01919629
  5612           0.00489049    0.03294189
  5613           0.00283274    0.01798416
  5614           0.00264145    0.01652911
  5615           0.00667739    0.04556228
  5616           0.00227523    0.01367293
  5617           0.00294299    0.01881336
  5618           0.00208442    0.01212608
  5619           0.00555354    0.03764412
  5620           0.00263445    0.01647649
  5621           0.00304773    0.01959575
  5622           0.00396984    0.02634731
  5623           0.00304049    0.01954214
  5624           0.00126334    0.00781677
  5625           0.00187368    0.01034747
  5626           0.00254149    0.01576003
  5627           0.00667037    0.04551295
  5628           0.00227744    0.01369057
  5629           0.00294533    0.01883086
  5630           0.00206850    0.01199469
  5631           0.00549530    0.03723219
  5632           0.00265269    0.01661611
  5633           0.00303075    0.01946904
  5634           0.00431582    0.02883712
  5635           0.00297605    0.01906092
  5636           0.00183971    0.01005066
  5637           0.00458199    0.03074245
  5638           0.00291427    0.01859784
  5639           0.00226407    0.01358248
  5640           0.00614198    0.04179633
  5641           0.00244642    0.01502286
  5642           0.00307475    0.01979727
  5643           0.00117323    0.00781743
  5644           0.00131500    0.00781675
  5645           0.00214258    0.01260304
  5646           0.00275577    0.01740055
  5647           0.00649657    0.04429151
  5648           0.00233263    0.01412883
  5649           0.00299888    0.01923152
  5650           0.00164551    0.00828103
  5651           0.00372673    0.02458644
  5652           0.00307201    0.01977687
  5653           0.00115086    0.00781742
  5654           0.00122647    0.00781674
  5655           0.00167549    0.00856464
  5656           0.00232657    0.01407956
  5657           0.00630977    0.04297763
  5658           0.00239245    0.01460035
  5659           0.00304529    0.01957793
  5660           0.00122412    0.00781673
  5661           0.00166266    0.00844394
  5662           0.00231053    0.01395243
  5663           0.00626891    0.04269005
  5664           0.00240558    0.01470338
  5665           0.00305363    0.01964005
  5666           0.00116687    0.00781673
  5667           0.00134155    0.00781741
  5668           0.00178243    0.00954317
  5669           0.00433587    0.02898092
  5670           0.00297173    0.01902860
  5671           0.00187418    0.01035138
  5672           0.00472725    0.03177910
  5673           0.00287703    0.01831791
  5674           0.00245807    0.01511260
  5675           0.00657734    0.04485924
  5676           0.00230691    0.01392504
  5677           0.00297509    0.01905371
  5678           0.00184744    0.01011839
  5679           0.00461477    0.03097653
  5680           0.00290607    0.01853619
  5681           0.00231037    0.01395109
  5682           0.00626846    0.04268685
  5683           0.00240572    0.01470447
  5684           0.00305372    0.01964066
  5685           0.00116637    0.00781739
  5686           0.00133870    0.00781671
  5687           0.00177620    0.00948730
  5688           0.00430875    0.02878637
  5689           0.00297757    0.01907222
  5690           0.00182748    0.00994317
  5691           0.00452994    0.03037038
  5692           0.00292706    0.01869379
  5693           0.00218762    0.01296809
  5694           0.00590859    0.04015131
  5695           0.00252150    0.01560650
  5696           0.00309167    0.01992301
  5697           0.00195926    0.01108122
  5698           0.00261810    0.01634999
  5699           0.00668758    0.04563370
  5700           0.00227201    0.01364718
  5701           0.00293957    0.01878759
  5702           0.00210735    0.01231450
  5703           0.00563587    0.03822597
  5704           0.00260850    0.01627728
  5705           0.00306667    0.01973674
  5706           0.00347687    0.02276448
  5707           0.00308954    0.01990720
  5708           0.00161487    0.00798696
  5709           0.00224814    0.01345503
  5710           0.00609573    0.04147044
  5711           0.00246131    0.01513894
  5712           0.00308050    0.01983997
  5713           0.00125828    0.00781737
  5714           0.00158134    0.00781668
  5715           0.00343230    0.02243797
  5716           0.00309085    0.01991692
  5717           0.00174771    0.00923055
  5718           0.00241165    0.01474974
  5719           0.00649787    0.04430055
  5720           0.00233221    0.01412552
  5721           0.00299851    0.01922874
  5722           0.00164879    0.00831218
  5723           0.00374160    0.02469443
  5724           0.00307046    0.01976531
  5725           0.00114222    0.00781736
  5726           0.00118866    0.00781667
  5727           0.00146572    0.00781736
  5728           0.00202156    0.01160472
  5729           0.00531895    0.03598364
  5730           0.00270718    0.01703197
  5731           0.00295955    0.01893667
  5732           0.00530254    0.03586730
  5733           0.00271218    0.01707006
  5734           0.00295131    0.01887491
  5735           0.00538676    0.03646383
  5736           0.00268637    0.01687337
  5737           0.00299060    0.01916901
  5738           0.00493855    0.03328355
  5739           0.00281927    0.01788226
  5740           0.00268856    0.01688908
  5741           0.00663124    0.04523778
  5742           0.00228982    0.01378906
  5743           0.00295814    0.01892669
  5744           0.00197763    0.01123606
  5745           0.00514815    0.03477250
  5746           0.00275858    0.01742267
  5747           0.00285924    0.01818299
  5748           0.00608042    0.04136249
  5749           0.00246624    0.01517726
  5750           0.00308216    0.01985221
  5751           0.00129581    0.00781734
  5752           0.00167726    0.00858082
  5753           0.00387032    0.02562762
  5754           0.00305494    0.01964965
  5755           0.00115968    0.00781733
  5756           0.00130011    0.00781665
  5757           0.00168765    0.00867791
  5758           0.00391703    0.02596553
  5759           0.00304841    0.01960106
  5760           0.00120079    0.00781664
  5761           0.00153381    0.00781733
  5762           0.00213165    0.01251332
  5763           0.00572109    0.03882796
  5764           0.00258146    0.01606935
  5765           0.00308039    0.01983897
  5766           0.00297338    0.01904095
  5767           0.00306519    0.01972574
  5768           0.00352146    0.02309064
  5769           0.00308766    0.01989319
  5770           0.00149418    0.00781663
  5771           0.00206909    0.01199951
  5772           0.00549748    0.03724744
  5773           0.00265202    0.01661086
  5774           0.00303144    0.01947412
  5775           0.00430301    0.02874509
  5776           0.00297879    0.01908130
  5777           0.00181754    0.00985534
  5778           0.00448738    0.03006595
  5779           0.00293727    0.01877033
  5780           0.00212254    0.01243889
  5781           0.00568941    0.03860416
  5782           0.00259153    0.01614686
  5783           0.00307596    0.01980596
  5784           0.00315896    0.02042314
  5785           0.00308487    0.01987233
  5786           0.00274460    0.01731639
  5787           0.00302015    0.01938984
  5788           0.00450225    0.03017228
  5789           0.00293373    0.01874376
  5790           0.00214554    0.01262654
  5791           0.00576879    0.03916470
  5792           0.00256626    0.01595223
  5793           0.00308563    0.01987793
  5794           0.00269950    0.01697316
  5795           0.00300822    0.01930071
  5796           0.00469138    0.03152309
  5797           0.00288644    0.01838853
  5798           0.00241286    0.01475912
  5799           0.00650016    0.04431646
  5800           0.00233149    0.01411972
  5801           0.00299787    0.01922387
  5802           0.00165453    0.00836669
  5803           0.00376767    0.02488359
  5804           0.00306762    0.01974412
  5805           0.00113269    0.00781729
  5806           0.00114346    0.00781660
  5807           0.00120624    0.00781729
  5808           0.00142872    0.00781660
  5809           0.00270889    0.01704466
  5810           0.00301079    0.01931995
  5811           0.00465228    0.03124417
  5812           0.00289654    0.01846450
  5813           0.00236156    0.01435592
  5814           0.00639323    0.04356455
  5815           0.00236568    0.01438969
  5816           0.00302616    0.01943515
  5817           0.00139284    0.00781728
  5818           0.00253326    0.01569688
  5819           0.00295447    0.01889853
  5820           0.00535507    0.03623935
  5821           0.00269612    0.01694768
  5822           0.00297668    0.01906486
  5823           0.00511166    0.03451346
  5824           0.00276936    0.01750443
  5825           0.00283345    0.01798842
  5826           0.00621300    0.04229619
  5827           0.00242356    0.01484414
  5828           0.00306386    0.01971608
  5829           0.00113055    0.00781727
  5830           0.00113263    0.00781658
  5831           0.00114317    0.00781726
  5832           0.00120455    0.00781658
  5833           0.00142327    0.00781726
  5834           0.00268235    0.01684228
  5835           0.00300340    0.01926470
  5836           0.00476255    0.03203056
  5837           0.00286767    0.01824727
  5838           0.00250084    0.01544507
  5839           0.00663368    0.04525481
  5840           0.00228905    0.01378295
  5841           0.00295736    0.01892084
  5842           0.00198338    0.01128442
  5843           0.00517078    0.03493294
  5844           0.00275187    0.01737171
  5845           0.00287444    0.01829739
  5846           0.00599162    0.04073659
  5847           0.00249482    0.01539951
  5848           0.00308924    0.01990483
  5849           0.00159139    0.00781725
  5850           0.00221586    0.01319579
  5851           0.00599806    0.04078199
  5852           0.00249275    0.01538341
  5853           0.00308887    0.01990212
  5854           0.00156607    0.00781656
  5855           0.00217974    0.01290422
  5856           0.00588296    0.03997031
  5857           0.00252973    0.01567002
  5858           0.00309155    0.01992195
  5859           0.00208564    0.01213642
  5860           0.00271654    0.01710221
  5861           0.00658588    0.04491889
  5862           0.00230421    0.01390336
  5863           0.00297246    0.01903384
  5864           0.00186841    0.01030117
  5865           0.00470308    0.03160647
  5866           0.00288338    0.01836545
  5867           0.00242781    0.01487613
  5868           0.00652754    0.04450876
  5869           0.00232276    0.01405052
  5870           0.00299000    0.01916497
  5871           0.00172345    0.00900877
  5872           0.00407677    0.02711834
  5873           0.00302279    0.01940989
  5874           0.00142443    0.00781654
  5875           0.00268796    0.01688503
  5876           0.00300499    0.01927646
  5877           0.00473931    0.03186474
  5878           0.00287385    0.01829368
  5879           0.00247288    0.01522772
  5880           0.00659874    0.04500917
  5881           0.00230012    0.01387088
  5882           0.00296846    0.01900383
  5883           0.00189976    0.01057239
  5884           0.00483351    0.03253583
  5885           0.00284847    0.01810247
  5886           0.00258159    0.01606914
  5887           0.00668848    0.04563954
  5888           0.00227173    0.01364474
  5889           0.00293927    0.01878509
  5890           0.00210936    0.01233087
  5891           0.00564299    0.03827586
  5892           0.00260625    0.01625978
  5893           0.00306803    0.01974669
  5894           0.00343438    0.02245298
  5895           0.00309080    0.01991630
  5896           0.00174127    0.00917188
  5897           0.00240440    0.01469270
  5898           0.00648384    0.04420147
  5899           0.00233669    0.01416072
  5900           0.00300243    0.01925780
  5901           0.00161351    0.00797337
  5902           0.00358055    0.02352195
  5903           0.00308429    0.01986792
  5904           0.00135632    0.00781651
  5905           0.00181407    0.00982455
  5906           0.00447246    0.02995898
  5907           0.00294080    0.01879655
  5908           0.00209921    0.01224753
  5909           0.00560682    0.03802023
  5910           0.00261768    0.01634756
  5911           0.00306064    0.01969164
  5912           0.00365073    0.02403342
  5913           0.00307907    0.01982914
  5914           0.00123131    0.00781650
  5915           0.00150556    0.00781719
  5916           0.00307739    0.01981707
  5917           0.00307792    0.01982039
  5918           0.00308047    0.01983998
  5919           0.00307823    0.01982271
  5920           0.00306761    0.01974422
  5921           0.00307692    0.01981290
  5922           0.00312147    0.02014477
  5923           0.00308200    0.01985076
  5924           0.00289760    0.01847230
  5925           0.00305299    0.01963465
  5926           0.00384735    0.02546111
  5927           0.00305799    0.01967223
  5928           0.00114545    0.00781649
  5929           0.00121765    0.00781718
  5930           0.00146454    0.00781649
  5931           0.00288182    0.01835367
  5932           0.00305012    0.01961333
  5933           0.00391531    0.02595295
  5934           0.00304866    0.01960285
  5935           0.00119903    0.00781717
  5936           0.00152389    0.00781648
  5937           0.00211637    0.01238825
  5938           0.00566775    0.03845091
  5939           0.00259842    0.01619968
  5940           0.00307248    0.01977994
  5941           0.00328713    0.02137049
  5942           0.00309082    0.01991654
  5943           0.00224602    0.01343833
  5944           0.00281970    0.01788450
  5945           0.00627510    0.04273322
  5946           0.00240360    0.01468766
  5947           0.00305242    0.01963082
  5948           0.00117410    0.00781647
  5949           0.00138293    0.00781716
  5950           0.00186867    0.01030338
  5951           0.00470417    0.03161421
  5952           0.00288311    0.01836338
  5953           0.00242919    0.01488689
  5954           0.00653000    0.04452607
  5955           0.00232198    0.01404437
  5956           0.00298929    0.01915966
  5957           0.00172962    0.00906528
  5958           0.00410414    0.02731547
  5959           0.00301793    0.01937362
  5960           0.00147018    0.00781646
  5961           0.00290888    0.01855714
  5962           0.00305497    0.01964947
  5963           0.00379874    0.02510887
  5964           0.00306404    0.01971737
  5965           0.00113043    0.00781715
  5966           0.00113193    0.00781645
  5967           0.00113962    0.00781714
  5968           0.00118399    0.00781645
  5969           0.00135391    0.00781714
  5970           0.00233969    0.01418371
  5971           0.00287013    0.01826493
  5972           0.00601774    0.04092067
  5973           0.00248643    0.01533431
  5974           0.00308763    0.01989286
  5975           0.00149215    0.00781714
  5976           0.00206576    0.01197185
  5977           0.00548519    0.03716029
  5978           0.00265586    0.01664019
  5979           0.00302749    0.01944455
  5980           0.00437540    0.02926400
  5981           0.00296305    0.01896340
  5982           0.00194120    0.01092717
  5983           0.00500271    0.03373946
  5984           0.00280103    0.01774422
  5985           0.00274671    0.01733156
  5986           0.00652011    0.04445651
  5987           0.00232514    0.01406937
  5988           0.00299217    0.01918120
  5989           0.00170475    0.00883655
  5990           0.00399356    0.02651822
  5991           0.00303676    0.01951410
  5992           0.00129580    0.00781643
  5993           0.00204360    0.01178854
  5994           0.00268560    0.01686635
  5995           0.00663527    0.04526581
  5996           0.00228856    0.01377890
  5997           0.00295685    0.01891693
  5998           0.00198714    0.01131598
  5999           0.00518553    0.03503740
  6000           0.00274748    0.01733828
  6001           0.00288402    0.01836944
  6002           0.00593111    0.04030972
  6003           0.00251428    0.01555034
  6004           0.00309144    0.01992105
  6005           0.00185272    0.01016471
  6006           0.00252137    0.01560408
  6007           0.00665438    0.04539996
  6008           0.00228251    0.01373069
  6009           0.00295062    0.01887021
  6010           0.00203178    0.01168971
  6011           0.00535786    0.03625880
  6012           0.00269527    0.01694101
  6013           0.00297795    0.01907415
  6014           0.00509663    0.03440647
  6015           0.00277378    0.01753773
  6016           0.00282236    0.01790451
  6017           0.00626350    0.04265134
  6018           0.00240732    0.01471678
  6019           0.00305469    0.01964756
  6020           0.00116106    0.00781641
  6021           0.00130798    0.00781710
  6022           0.00170636    0.00885134
  6023           0.00400070    0.02656967
  6024           0.00303561    0.01950543
  6025           0.00130602    0.00781709
  6026           0.00209634    0.01222433
  6027           0.00272414    0.01715993
  6028           0.00657104    0.04481435
  6029           0.00230893    0.01394074
  6030           0.00297703    0.01906786
  6031           0.00183192    0.00998201
  6032           0.00454882    0.03050494
  6033           0.00292246    0.01865900
  6034           0.00221577    0.01319488
  6035           0.00599775    0.04077945
  6036           0.00249286    0.01538409
  6037           0.00308890    0.01990211
  6038           0.00156731    0.00781639
  6039           0.00218154    0.01291868
  6040           0.00588883    0.04001138
  6041           0.00252785    0.01565535
  6042           0.00309162    0.01992228
  6043           0.00205628    0.01189374
  6044           0.00269512    0.01693884
  6045           0.00662190    0.04517161
  6046           0.00229279    0.01381245
  6047           0.00296114    0.01894892
  6048           0.00195546    0.01104827
  6049           0.00505998    0.03414612
  6050           0.00278448    0.01761875
  6051           0.00279415    0.01769116
  6052           0.00637606    0.04344330
  6053           0.00237118    0.01443276
  6054           0.00303032    0.01946584
  6055           0.00135419    0.00781707
  6056           0.00234106    0.01419443
  6057           0.00287081    0.01826991
  6058           0.00601357    0.04089087
  6059           0.00248777    0.01534447
  6060           0.00308790    0.01989466
  6061           0.00150735    0.00781706
  6062           0.00209031    0.01217426
  6063           0.00557481    0.03779374
  6064           0.00262778    0.01642488
  6065           0.00305318    0.01963592
  6066           0.00384258    0.02542635
  6067           0.00305860    0.01967664
  6068           0.00114304    0.00781636
  6069           0.00120370    0.00781705
  6070           0.00142051    0.00781636
  6071           0.00266883    0.01673882
  6072           0.00299949    0.01923515
  6073           0.00481827    0.03242710
  6074           0.00285264    0.01813376
  6075           0.00256483    0.01593987
  6076           0.00668323    0.04560236
  6077           0.00227339    0.01365792
  6078           0.00294104    0.01879827
  6079           0.00209759    0.01223410
  6080           0.00560100    0.03797889
  6081           0.00261952    0.01636157
  6082           0.00305936    0.01968190
  6083           0.00368561    0.02428706
  6084           0.00307601    0.01980624
  6085           0.00118695    0.00781704
  6086           0.00136426    0.00781635
  6087           0.00239143    0.01459133
  6088           0.00289518    0.01845322
  6089           0.00585594    0.03977921
  6090           0.00253840    0.01573685
  6091           0.00309096    0.01991729
  6092           0.00222417    0.01326286
  6093           0.00280694    0.01778788
  6094           0.00632775    0.04310333
  6095           0.00238668    0.01455468
  6096           0.00304141    0.01954853
  6097           0.00125563    0.00781703
  6098           0.00183259    0.00998816
  6099           0.00250150    0.01545000
  6100           0.00663439    0.04525921
  6101           0.00228883    0.01378092
  6102           0.00295713    0.01891880
  6103           0.00198507    0.01129848
  6104           0.00517739    0.03497937
  6105           0.00274990    0.01735648
  6106           0.00287877    0.01832972
  6107           0.00596471    0.04054629
  6108           0.00250348    0.01546642
  6109           0.00309049    0.01991379
  6110           0.00170267    0.00881756
  6111           0.00235959    0.01434013
  6112           0.00638870    0.04353202
  6113           0.00236713    0.01440081
  6114           0.00302727    0.01944301
  6115           0.00138252    0.00781701
  6116           0.00248222    0.01530080
  6117           0.00293465    0.01874958
  6118           0.00554386    0.03757478
  6119           0.00263751    0.01649935
  6120           0.00304513    0.01957575
  6121           0.00402767    0.02676408
  6122           0.00303119    0.01947226
  6123           0.00134617    0.00781701
  6124           0.00230072    0.01387467
  6125           0.00284997    0.01811274
  6126           0.00613066    0.04171576
  6127           0.00245007    0.01505095
  6128           0.00307627    0.01980803
  6129           0.00118998    0.00781700
  6130           0.00137470    0.00781631
  6131           0.00244342    0.01499847
  6132           0.00291846    0.01862808
  6133           0.00568126    0.03854589
  6134           0.00259413    0.01616646
  6135           0.00307470    0.01979613
  6136           0.00320709    0.02077920
  6137           0.00308780    0.01989370
  6138           0.00255248    0.01584515
  6139           0.00296152    0.01895094
  6140           0.00528184    0.03571995
  6141           0.00271848    0.01711761
  6142           0.00294052    0.01879358
  6143           0.00549047    0.03719714
  6144           0.00265421    0.01662725
  6145           0.00302921    0.01945699
  6146           0.00434430    0.02904073
  6147           0.00296990    0.01901437
  6148           0.00188860    0.01047590
  6149           0.00478726    0.03220605
  6150           0.00286104    0.01819693
  6151           0.00252975    0.01566877
  6152           0.00666154    0.04544977
  6153           0.00228025    0.01371244
  6154           0.00294827    0.01885228
  6155           0.00204830    0.01182697
  6156           0.00542017    0.03669959
  6157           0.00267606    0.01679421
  6158           0.00300418    0.01927005
  6159           0.00475117    0.03194879
  6160           0.00287070    0.01826967
  6161           0.00248724    0.01533915
  6162           0.00661759    0.04514091
  6163           0.00229415    0.01382314
  6164           0.00296252    0.01895898
  6165           0.00194517    0.01096079
  6166           0.00501867    0.03385236
  6167           0.00279644    0.01770906
  6168           0.00276035    0.01743485
  6169           0.00648397    0.04420172
  6170           0.00233666    0.01416020
  6171           0.00300240    0.01925726
  6172           0.00161383    0.00797622
  6173           0.00358194    0.02353177
  6174           0.00308420    0.01986695
  6175           0.00135342    0.00781696
  6176           0.00180793    0.00976995
  6177           0.00444603    0.02976942
  6178           0.00294698    0.01884259
  6179           0.00205722    0.01190088
  6180           0.00545345    0.03693505
  6181           0.00266574    0.01671530
  6182           0.00301662    0.01936290
  6183           0.00456037    0.03058713
  6184           0.00291963    0.01863743
  6185           0.00223276    0.01333127
  6186           0.00604976    0.04114555
  6187           0.00247612    0.01525374
  6188           0.00308510    0.01987362
  6189           0.00138380    0.00781695
  6190           0.00187040    0.01031820
  6191           0.00471136    0.03166494
  6192           0.00288122    0.01834877
  6193           0.00243828    0.01495761
  6194           0.00654559    0.04463489
  6195           0.00231702    0.01400467
  6196           0.00298469    0.01912482
  6197           0.00176871    0.00941957
  6198           0.00427597    0.02855036
  6199           0.00298448    0.01912329
  6200           0.00177044    0.00943516
  6201           0.00428353    0.02860466
  6202           0.00298290    0.01911149
  6203           0.00178366    0.00955374
  6204           0.00434110    0.02901762
  6205           0.00297060    0.01901947
  6206           0.00188314    0.01042860
  6207           0.00476453    0.03204396
  6208           0.00286714    0.01824276
  6209           0.00250319    0.01546296
  6210           0.00663622    0.04527166
  6211           0.00228826    0.01377614
  6212           0.00295654    0.01891415
  6213           0.00198939    0.01133473
  6214           0.00519430    0.03509908
  6215           0.00274485    0.01731793
  6216           0.00288961    0.01841114
  6217           0.00589405    0.04004765
  6218           0.00252618    0.01564208
  6219           0.00309166    0.01992221
  6220           0.00203033    0.01167787
  6221           0.00267546    0.01678862
  6222           0.00664767    0.04535208
  6223           0.00228463    0.01374722
  6224           0.00295281    0.01888619
  6225           0.00201623    0.01155978
  6226           0.00529843    0.03583721
  6227           0.00271343    0.01707898
  6228           0.00294921    0.01885859
  6229           0.00540749    0.03660961
  6230           0.00267998    0.01682395
  6231           0.00299916    0.01923236
  6232           0.00482274    0.03245851
  6233           0.00285142    0.01812419
  6234           0.00256979    0.01597786
  6235           0.00668509    0.04561480
  6236           0.00227280    0.01365292
  6237           0.00294041    0.01879318
  6238           0.00210179    0.01226845
  6239           0.00561600    0.03808438
  6240           0.00261479    0.01632490
  6241           0.00306263    0.01970590
  6242           0.00359569    0.02363189
  6243           0.00308328    0.01985989
  6244           0.00132558    0.00781621
  6245           0.00174694    0.00922282
  6246           0.00418053    0.02786458
  6247           0.00300366    0.01926647
  6248           0.00160250    0.00786592
  6249           0.00352987    0.02315143
  6250           0.00308724    0.01988939
  6251           0.00147297    0.00781690
  6252           0.00203386    0.01170679
  6253           0.00536570    0.03631370
  6254           0.00269286    0.01692223
  6255           0.00298147    0.01910008
  6256           0.00505408    0.03410368
  6257           0.00278619    0.01763140
  6258           0.00278946    0.01765533
  6259           0.00639271    0.04355975
  6260           0.00236585    0.01439045
  6261           0.00302629    0.01943540
  6262           0.00139171    0.00781619
  6263           0.00252757    0.01565239
  6264           0.00295234    0.01888199
  6265           0.00537652    0.03639028
  6266           0.00268954    0.01689682
  6267           0.00298622    0.01913559
  6268           0.00499494    0.03368349
  6269           0.00280325    0.01776045
  6270           0.00273996    0.01727987
  6271           0.00653636    0.04456969
  6272           0.00231996    0.01402785
  6273           0.00298742    0.01914509
  6274           0.00174560    0.00921063
  6275           0.00417463    0.02782208
  6276           0.00300479    0.01927494
  6277           0.00159213    0.00781688
  6278           0.00348208    0.02280186
  6279           0.00308936    0.01990508
  6280           0.00160015    0.00784324
  6281           0.00222802    0.01329310
  6282           0.00603537    0.04104389
  6283           0.00248075    0.01528964
  6284           0.00308631    0.01988240
  6285           0.00143053    0.00781687
  6286           0.00195940    0.01108145
  6287           0.00507569    0.03425712
  6288           0.00277990    0.01758372
  6289           0.00280645    0.01778389
  6290           0.00632965    0.04311606
  6291           0.00238607    0.01454958
  6292           0.00304099    0.01954503
  6293           0.00125917    0.00781686
  6294           0.00185137    0.01015265
  6295           0.00252004    0.01559347
  6296           0.00665312    0.04539012
  6297           0.00228291    0.01373345
  6298           0.00295104    0.01887277
  6299           0.00202888    0.01166528
  6300           0.00534679    0.03617963
  6301           0.00269867    0.01696641
  6302           0.00297288    0.01903574
  6303           0.00515600    0.03482712
  6304           0.00275626    0.01740441
  6305           0.00286459    0.01822266
  6306           0.00605014    0.04114785
  6307           0.00247600    0.01525261
  6308           0.00308507    0.01987314
  6309           0.00138262    0.00781685
  6310           0.00186803    0.01029743
  6311           0.00470138    0.03159349
  6312           0.00288383    0.01836822
  6313           0.00242566    0.01485883
  6314           0.00652365    0.04448027
  6315           0.00232401    0.01405987
  6316           0.00299114    0.01917281
  6317           0.00171371    0.00891895
  6318           0.00403342    0.02680515
  6319           0.00303023    0.01946474
  6320           0.00135503    0.00781614
  6321           0.00234521    0.01422695
  6322           0.00287289    0.01828518
  6323           0.00600103    0.04080174
  6324           0.00249180    0.01537546
  6325           0.00308870    0.01990014
  6326           0.00155458    0.00781614
  6327           0.00216287    0.01276698
  6328           0.00582717    0.03957550
  6329           0.00254761    0.01580766
  6330           0.00308979    0.01990811
  6331           0.00237668    0.01447508
  6332           0.00288823    0.01840061
  6333           0.00590332    0.04011274
  6334           0.00252321    0.01561893
  6335           0.00309168    0.01992225
  6336           0.00198482    0.01129654
  6337           0.00263934    0.01651220
  6338           0.00667858    0.04556883
  6339           0.00227486    0.01366927
  6340           0.00294260    0.01880948
  6341           0.00208714    0.01214787
  6342           0.00556329    0.03771158
  6343           0.00263140    0.01645223
  6344           0.00305029    0.01961382
  6345           0.00391148    0.02592452
  6346           0.00304922    0.01960624
  6347           0.00119517    0.00781682
  6348           0.00150217    0.00781612
  6349           0.00208200    0.01210552
  6350           0.00554463    0.03757967
  6351           0.00263726    0.01649717
  6352           0.00304534    0.01957697
  6353           0.00402302    0.02673011
  6354           0.00303196    0.01947765
  6355           0.00133909    0.00781681
  6356           0.00226497    0.01358951
  6357           0.00283045    0.01796515
  6358           0.00622702    0.04239361
  6359           0.00241906    0.01480828
  6360           0.00306143    0.01969726
  6361           0.00113441    0.00781681
  6362           0.00115410    0.00781610
  6363           0.00123993    0.00781680
  6364           0.00174831    0.00923552
  6365           0.00241232    0.01475432
  6366           0.00649908    0.04430752
  6367           0.00233185    0.01412194
  6368           0.00299818    0.01922548
  6369           0.00165185    0.00834074
  6370           0.00375537    0.02479353
  6371           0.00306899    0.01975357
  6372           0.00113635    0.00781610
  6373           0.00116119    0.00781680
  6374           0.00130863    0.00781609
  6375           0.00170786    0.00886498
  6376           0.00400737    0.02661720
  6377           0.00303454    0.01949694
  6378           0.00131573    0.00781609
  6379           0.00214609    0.01263101
  6380           0.00275809    0.01741746
  6381           0.00649031    0.04424595
  6382           0.00233465    0.01414415
  6383           0.00300065    0.01924398
  6384           0.00162976    0.00812986
  6385           0.00365485    0.02406286
  6386           0.00307874    0.01982616
  6387           0.00122547    0.00781678
  6388           0.00148819    0.00781608
  6389           0.00299481    0.01920061
  6390           0.00306820    0.01974743
  6391           0.00342987    0.02241935
  6392           0.00309092    0.01991671
  6393           0.00175536    0.00929937
  6394           0.00242017    0.01481587
  6395           0.00651376    0.04441085
  6396           0.00232717    0.01408501
  6397           0.00299401    0.01919436
  6398           0.00168880    0.00868817
  6399           0.00392210    0.02600139
  6400           0.00304769    0.01959501
  6401           0.00120616    0.00781677
  6402           0.00156349    0.00781607
  6403           0.00217596    0.01287315
  6404           0.00587054    0.03988162
  6405           0.00253373    0.01570047
  6406           0.00309135    0.01991986
  6407           0.00214876    0.01265278
  6408           0.00275985    0.01743083
  6409           0.00648547    0.04421192
  6410           0.00233620    0.01415642
  6411           0.00300200    0.01925412
  6412           0.00161758    0.00801234
  6413           0.00359910    0.02365665
  6414           0.00308306    0.01985826
  6415           0.00131897    0.00781676
  6416           0.00173188    0.00908554
  6417           0.00411405    0.02738618
  6418           0.00301615    0.01935977
  6419           0.00148704    0.00781676
  6420           0.00298931    0.01915949
  6421           0.00306745    0.01974189
  6422           0.00345338    0.02259167
  6423           0.00309032    0.01991232
  6424           0.00168357    0.00863969
  6425           0.00233650    0.01415755
  6426           0.00633424    0.04314837
  6427           0.00238462    0.01453818
  6428           0.00303999    0.01953763
  6429           0.00126778    0.00781675
  6430           0.00189693    0.01054796
  6431           0.00256316    0.01592664
  6432           0.00668255    0.04559688
  6433           0.00227363    0.01365949
  6434           0.00294129    0.01879976
  6435           0.00209606    0.01222119
  6436           0.00559547    0.03793917
  6437           0.00262129    0.01637477
  6438           0.00305811    0.01967228
  6439           0.00371885    0.02452832
  6440           0.00307283    0.01978216
  6441           0.00115644    0.00781674
  6442           0.00124953    0.00781604
  6443           0.00179992    0.00969905
  6444           0.00246813    0.01519029
  6445           0.00659210    0.04496145
  6446           0.00230226    0.01388739
  6447           0.00297056    0.01901899
  6448           0.00188360    0.01043244
  6449           0.00476644    0.03205733
  6450           0.00286664    0.01823889
  6451           0.00250545    0.01548032
  6452           0.00663868    0.04528868
  6453           0.00228749    0.01376992
  6454           0.00295576    0.01890814
  6455           0.00199518    0.01138322
  6456           0.00521692    0.03525917
  6457           0.00273809    0.01726644
  6458           0.00290359    0.01851607
  6459           0.00579578    0.03935399
  6460           0.00255766    0.01588524
  6461           0.00308786    0.01989381
  6462           0.00254833    0.01581280
  6463           0.00296002    0.01893939
  6464           0.00529779    0.03583243
  6465           0.00271364    0.01708047
  6466           0.00294889    0.01885600
  6467           0.00541082    0.03663294
  6468           0.00267897    0.01681610
  6469           0.00300050    0.01924226
  6470           0.00480409    0.03232540
  6471           0.00285650    0.01816241
  6472           0.00254895    0.01581694
  6473           0.00667514    0.04554460
  6474           0.00227596    0.01367800
  6475           0.00294376    0.01881817
  6476           0.00207934    0.01208351
  6477           0.00553493    0.03751101
  6478           0.00264031    0.01652050
  6479           0.00304265    0.01955688
  6480           0.00408091    0.02714736
  6481           0.00302208    0.01940388
  6482           0.00143129    0.00781600
  6483           0.00272118    0.01713763
  6484           0.00301410    0.01934380
  6485           0.00460087    0.03087600
  6486           0.00290958    0.01856172
  6487           0.00229091    0.01379578
  6488           0.00621672    0.04232101
  6489           0.00242238    0.01483424
  6490           0.00306324    0.01971064
  6491           0.00113124    0.00781670
  6492           0.00113623    0.00781599
  6493           0.00116060    0.00781670
  6494           0.00130519    0.00781599
  6495           0.00169972    0.00878961
  6496           0.00397100    0.02635463
  6497           0.00304033    0.01954003
  6498           0.00126491    0.00781599
  6499           0.00188173    0.01041666
  6500           0.00254907    0.01581782
  6501           0.00667522    0.04554525
  6502           0.00227594    0.01367783
  6503           0.00294374    0.01881801
  6504           0.00207953    0.01208509
  6505           0.00553564    0.03751603
  6506           0.00264010    0.01651886
  6507           0.00304285    0.01955841
  6508           0.00407674    0.02711727
  6509           0.00302282    0.01940941
  6510           0.00142438    0.00781598
  6511           0.00268761    0.01688180
  6512           0.00300491    0.01927515
  6513           0.00474083    0.03187465
  6514           0.00287346    0.01829016
  6515           0.00247474    0.01524164
  6516           0.00660129    0.04502576
  6517           0.00229934    0.01386411
  6518           0.00296768    0.01899736
  6519           0.00190593    0.01062500
  6520           0.00485886    0.03271533
  6521           0.00284153    0.01804948
  6522           0.00260877    0.01627761
  6523           0.00668950    0.04564541
  6524           0.00227143    0.01364181
  6525           0.00293894    0.01878200
  6526           0.00211165    0.01234908
  6527           0.00565101    0.03833145
  6528           0.00260373    0.01623984
  6529           0.00306954    0.01975726
  6530           0.00338662    0.02210180
  6531           0.00309158    0.01992139
  6532           0.00189485    0.01052995
  6533           0.00256124    0.01591173
  6534           0.00668165    0.04559020
  6535           0.00227391    0.01366156
  6536           0.00294158    0.01880177
  6537           0.00209405    0.01220460
  6538           0.00558823    0.03788768
  6539           0.00262357    0.01639207
  6540           0.00305643    0.01965952
  6541           0.00376221    0.02484297
  6542           0.00306825    0.01974787
  6543           0.00113415    0.00781665
  6544           0.00115053    0.00781595
  6545           0.00124691    0.00781665
  6546           0.00155008    0.00781595
  6547           0.00328670    0.02136663
  6548           0.00309082    0.01991577
  6549           0.00224765    0.01345092
  6550           0.00282064    0.01789098
  6551           0.00627106    0.04270347
  6552           0.00240491    0.01469734
  6553           0.00305323    0.01963608
  6554           0.00116936    0.00781594
  6555           0.00135561    0.00781665
  6556           0.00181253    0.00981047
  6557           0.00446578    0.02991030
  6558           0.00294239    0.01880786
  6559           0.00208868    0.01216038
  6560           0.00556885    0.03775073
  6561           0.00262967    0.01643893
  6562           0.00305171    0.01962441
  6563           0.00387835    0.02568474
  6564           0.00305387    0.01964088
  6565           0.00116568    0.00781664
  6566           0.00133443    0.00781593
  6567           0.00176673    0.00940149
  6568           0.00426728    0.02848757
  6569           0.00298630    0.01913668
  6570           0.00175521    0.00929755
  6571           0.00421684    0.02812534
  6572           0.00299655    0.01921325
  6573           0.00166646    0.00847876
  6574           0.00382149    0.02527298
  6575           0.00306129    0.01969618
  6576           0.00113480    0.00781592
  6577           0.00115623    0.00781663
  6578           0.00124864    0.00781592
  6579           0.00179509    0.00965594
  6580           0.00246307    0.01515076
  6581           0.00658478    0.04490980
  6582           0.00230459    0.01390582
  6583           0.00297283    0.01903592
  6584           0.00186570    0.01027709
  6585           0.00469163    0.03152381
  6586           0.00288640    0.01838747
  6587           0.00241319    0.01476109
  6588           0.00650077    0.04431925
  6589           0.00233132    0.01411776
  6590           0.00299772    0.01922198
  6591           0.00165608    0.00838072
  6592           0.00377453    0.02493243
  6593           0.00306687    0.01973775
  6594           0.00113140    0.00781591
  6595           0.00113675    0.00781661
  6596           0.00116737    0.00781591
  6597           0.00129274    0.00781661
  6598           0.00202754    0.01165443
  6599           0.00267333    0.01677205
  6600           0.00665020    0.04536942
  6601           0.00228386    0.01374093
  6602           0.00295202    0.01888006
  6603           0.00202208    0.01160836
  6604           0.00532082    0.03599552
  6605           0.00270663    0.01702704
  6606           0.00296049    0.01894283
  6607           0.00529293    0.03579786
  6608           0.00271513    0.01709174
  6609           0.00294637    0.01883705
  6610           0.00543535    0.03680642
  6611           0.00267138    0.01675812
  6612           0.00301000    0.01931317
  6613           0.00466471    0.03133171
  6614           0.00289336    0.01843982
  6615           0.00237811    0.01448559
  6616           0.00642977    0.04382002
  6617           0.00235400    0.01429692
  6618           0.00301696    0.01936566
  6619           0.00147942    0.00781659
  6620           0.00295294    0.01888702
  6621           0.00306217    0.01970233
  6622           0.00360928    0.02373067
  6623           0.00308234    0.01985274
  6624           0.00129975    0.00781588
  6625           0.00168671    0.00866850
  6626           0.00391267    0.02593299
  6627           0.00304907    0.01960510
  6628           0.00119637    0.00781588
  6629           0.00150879    0.00781659
  6630           0.00209259    0.01219259
  6631           0.00558299    0.03785077
  6632           0.00262522    0.01640487
  6633           0.00305519    0.01965040
  6634           0.00379366    0.02507118
  6635           0.00306466    0.01972127
  6636           0.00113018    0.00781587
  6637           0.00113041    0.00781658
  6638           0.00113157    0.00781587
  6639           0.00113805    0.00781658
  6640           0.00116921    0.00781587
  6641           0.00135469    0.00781658
  6642           0.00181059    0.00979325
  6643           0.00445745    0.02985069
  6644           0.00294435    0.01882266
  6645           0.00207544    0.01205129
  6646           0.00552071    0.03741042
  6647           0.00264479    0.01655482
  6648           0.00303856    0.01952643
  6649           0.00416569    0.02775760
  6650           0.00300653    0.01928789
  6651           0.00157645    0.00781657
  6652           0.00340945    0.02226941
  6653           0.00309131    0.01991957
  6654           0.00182014    0.00987805
  6655           0.00248895    0.01535214
  6656           0.00661978    0.04515568
  6657           0.00229349    0.01381764
  6658           0.00296185    0.01895373
  6659           0.00195037    0.01100465
  6660           0.00503954    0.03400014
  6661           0.00279044    0.01766341
  6662           0.00277771    0.01756609
  6663           0.00643217    0.04383694
  6664           0.00235324    0.01429095
  6665           0.00301635    0.01936113
  6666           0.00148524    0.00781585
  6667           0.00298068    0.01909478
  6668           0.00306625    0.01973284
  6669           0.00349033    0.02286202
  6670           0.00308906    0.01990279
  6671           0.00157719    0.00781655
  6672           0.00219576    0.01303306
  6673           0.00593466    0.04033367
  6674           0.00251317    0.01554114
  6675           0.00309139    0.01992005
  6676           0.00183641    0.01002131
  6677           0.00250531    0.01547908
  6678           0.00663856    0.04528754
  6679           0.00228754    0.01377025
  6680           0.00295581    0.01890843
  6681           0.00199487    0.01138049
  6682           0.00521569    0.03525030
  6683           0.00273847    0.01726921
  6684           0.00290286    0.01851040
  6685           0.00580127    0.03939251
  6686           0.00255592    0.01587169
  6687           0.00308826    0.01989665
  6688           0.00251803    0.01557822
  6689           0.00294874    0.01885472
  6690           0.00541243    0.03664412
  6691           0.00267848    0.01681230
  6692           0.00300115    0.01924699
  6693           0.00479509    0.03226114
  6694           0.00285895    0.01818074
  6695           0.00253873    0.01573785
  6696           0.00666844    0.04549731
  6697           0.00227809    0.01369488
  6698           0.00294600    0.01883487
  6699           0.00206409    0.01195745
  6700           0.00547892    0.03711459
  6701           0.00265784    0.01665450
  6702           0.00302543    0.01942829
  6703           0.00441217    0.02952635
  6704           0.00295478    0.01890066
  6705           0.00200225    0.01144241
  6706           0.00524441    0.03545374
  6707           0.00272983    0.01720342
  6708           0.00291981    0.01863765
  6709           0.00567050    0.03846897
  6710           0.00259756    0.01619235
  6711           0.00307296    0.01978262
  6712           0.00327082    0.02124942
  6713           0.00309040    0.01991252
  6714           0.00230701    0.01392412
  6715           0.00285330    0.01813735
  6716           0.00611307    0.04159082
  6717           0.00245576    0.01509482
  6718           0.00307850    0.01982406
  6719           0.00122135    0.00781651
  6720           0.00147573    0.00781581
  6721           0.00293528    0.01875456
  6722           0.00305939    0.01968157
  6723           0.00368518    0.02428326
  6724           0.00307607    0.01980607
  6725           0.00118748    0.00781651
  6726           0.00136597    0.00781581
  6727           0.00239983    0.01465677
  6728           0.00289908    0.01848193
  6729           0.00582860    0.03958523
  6730           0.00254718    0.01580417
  6731           0.00308988    0.01990861
  6732           0.00236912    0.01441534
  6733           0.00288462    0.01837323
  6734           0.00592733    0.04028173
  6735           0.00251552    0.01555925
  6736           0.00309152    0.01992084
  6737           0.00187035    0.01031775
  6738           0.00253832    0.01573461
  6739           0.00666814    0.04549511
  6740           0.00227819    0.01369560
  6741           0.00294610    0.01883557
  6742           0.00206342    0.01195179
  6743           0.00547640    0.03709670
  6744           0.00265862    0.01666046
  6745           0.00302459    0.01942196
  6746           0.00442690    0.02963179
  6747           0.00295142    0.01887538
  6748           0.00202632    0.01164367
  6749           0.00533702    0.03610993
  6750           0.00270168    0.01698915
  6751           0.00296831    0.01900119
  6752           0.00520806    0.03519594
  6753           0.00274075    0.01728642
  6754           0.00289819    0.01847523
  6755           0.00583484    0.03962916
  6756           0.00254518    0.01578861
  6757           0.00309017    0.01991070
  6758           0.00233561    0.01415079
  6759           0.00286808    0.01824863
  6760           0.00602995    0.04100506
  6761           0.00248252    0.01530306
  6762           0.00308675    0.01988532
  6763           0.00144903    0.00781648
  6764           0.00199252    0.01136068
  6765           0.00520651    0.03518489
  6766           0.00274122    0.01728992
  6767           0.00289724    0.01846802
  6768           0.00584160    0.03967683
  6769           0.00254301    0.01577185
  6770           0.00309046    0.01991283
  6771           0.00229961    0.01386528
  6772           0.00284938    0.01810770
  6773           0.00613384    0.04173696
  6774           0.00244907    0.01504256
  6775           0.00307587    0.01980437
  6776           0.00118505    0.00781578
  6777           0.00135751    0.00781647
  6778           0.00235752    0.01432384
  6779           0.00287899    0.01833073
  6780           0.00596347    0.04053635
  6781           0.00250391    0.01546912
  6782           0.00309055    0.01991358
  6783           0.00170808    0.00886700
  6784           0.00236599    0.01439006
  6785           0.00640315    0.04363239
  6786           0.00236253    0.01436396
  6787           0.00302373    0.01941591
  6788           0.00141589    0.00781577
  6789           0.00264615    0.01656463
  6790           0.00299270    0.01918366
  6791           0.00491111    0.03308675
  6792           0.00282702    0.01793971
  6793           0.00266205    0.01668565
  6794           0.00666162    0.04544908
  6795           0.00228024    0.01371188
  6796           0.00294826    0.01885157
  6797           0.00204850    0.01182811
  6798           0.00542083    0.03670325
  6799           0.00267588    0.01679220
  6800           0.00300446    0.01927143
  6801           0.00474745    0.03192140
  6802           0.00287171    0.01827663
  6803           0.00248277    0.01530387
  6804           0.00661192    0.04509980
  6805           0.00229598    0.01383708
  6806           0.00296434    0.01897196
  6807           0.00193158    0.01084452
  6808           0.00496365    0.03346035
  6809           0.00281219    0.01782763
  6810           0.00271196    0.01706645
  6811           0.00659431    0.04497601
  6812           0.00230156    0.01388144
  6813           0.00296987    0.01901334
  6814           0.00188900    0.01047882
  6815           0.00478881    0.03221601
  6816           0.00286064    0.01819317
  6817           0.00253154    0.01568202
  6818           0.00666295    0.04545819
  6819           0.00227982    0.01370842
  6820           0.00294781    0.01884814
  6821           0.00205155    0.01185342
  6822           0.00543225    0.03678392
  6823           0.00267234    0.01676505
  6824           0.00300883    0.01930404
  6825           0.00468234    0.03145699
  6826           0.00288880    0.01840514
  6827           0.00240121    0.01466683
  6828           0.00647749    0.04415484
  6829           0.00233875    0.01417611
  6830           0.00300421    0.01927002
  6831           0.00159759    0.00781750
  6832           0.00350716    0.02298478
  6833           0.00308834    0.01989696
  6834           0.00153153    0.00781574
  6835           0.00212812    0.01248362
  6836           0.00570873    0.03873852
  6837           0.00258542    0.01609871
  6838           0.00307877    0.01982559
  6839           0.00304557    0.01957903
  6840           0.00307452    0.01979392
  6841           0.00321429    0.02083167
  6842           0.00308818    0.01989564
  6843           0.00252426    0.01562624
  6844           0.00295110    0.01887215
  6845           0.00538907    0.03647819
  6846           0.00268569    0.01686698
  6847           0.00299159    0.01917518
  6848           0.00492578    0.03319094
  6849           0.00282290    0.01790841
  6850           0.00267636    0.01679490
  6851           0.00664667    0.04534374
  6852           0.00228497    0.01374939
  6853           0.00295316    0.01888814
  6854           0.00201390    0.01153975
  6855           0.00528937    0.03577197
  6856           0.00271621    0.01709951
  6857           0.00294451    0.01882274
  6858           0.00545306    0.03693110
  6859           0.00266588    0.01671564
  6860           0.00301649    0.01936118
  6861           0.00456262    0.03060215
  6862           0.00291909    0.01863264
  6863           0.00223605    0.01335712
  6864           0.00605962    0.04121369
  6865           0.00247297    0.01522852
  6866           0.00308423    0.01986631
  6867           0.00135378    0.00781640
  6868           0.00180863    0.00977561
  6869           0.00444893    0.02978912
  6870           0.00294632    0.01883690
  6871           0.00206187    0.01193884
  6872           0.00547064    0.03705543
  6873           0.00266041    0.01667385
  6874           0.00302264    0.01940704
  6875           0.00446051    0.02987197
  6876           0.00294362    0.01881665
  6877           0.00208033    0.01209133
  6878           0.00553848    0.03753532
  6879           0.00263921    0.01651158
  6880           0.00304365    0.01956384
  6881           0.00405976    0.02699430
  6882           0.00302577    0.01943093
  6883           0.00139670    0.00781639
  6884           0.00255200    0.01584073
  6885           0.00296135    0.01894887
  6886           0.00528374    0.03573201
  6887           0.00271792    0.01711252
  6888           0.00294154    0.01880042
  6889           0.00548109    0.03712935
  6890           0.00265716    0.01664895
  6891           0.00302615    0.01943327
  6892           0.00439939    0.02943435
  6893           0.00295768    0.01892196
  6894           0.00198120    0.01126523
  6895           0.00516206    0.03486919
  6896           0.00275448    0.01739035
  6897           0.00286867    0.01825285
  6898           0.00602642    0.04097966
  6899           0.00248365    0.01531162
  6900           0.00308701    0.01988696
  6901           0.00146127    0.00781637
  6902           0.00201385    0.01153931
  6903           0.00528918    0.03577054
  6904           0.00271627    0.01709990
  6905           0.00294442    0.01882195
  6906           0.00545401    0.03693770
  6907           0.00266559    0.01671335
  6908           0.00301683    0.01936366
  6909           0.00455715    0.03056295
  6910           0.00292044    0.01864270
  6911           0.00222804    0.01329276
  6912           0.00603538    0.04104276
  6913           0.00248077    0.01528918
  6914           0.00308632    0.01988181
  6915           0.00143054    0.00781636
  6916           0.00195939    0.01108087
  6917           0.00507557    0.03425523
  6918           0.00277996    0.01758350
  6919           0.00280637    0.01778262
  6920           0.00633006    0.04311766
  6921           0.00238596    0.01454815
  6922           0.00304092    0.01954380
  6923           0.00125995    0.00781636
  6924           0.00185535    0.01018690
  6925           0.00252390    0.01562280
  6926           0.00665657    0.04541305
  6927           0.00228184    0.01372437
  6928           0.00294992    0.01886373
  6929           0.00203688    0.01173137
  6930           0.00537705    0.03639287
  6931           0.00268939    0.01689506
  6932           0.00298646    0.01913670
  6933           0.00499209    0.03366211
  6934           0.00280409    0.01776608
  6935           0.00273747    0.01726027
  6936           0.00654220    0.04460935
  6937           0.00231812    0.01401268
  6938           0.00298571    0.01913159
  6939           0.00176024    0.00934268
  6940           0.00423882    0.02828251
  6941           0.00299213    0.01917962
  6942           0.00170522    0.00884006
  6943           0.00399544    0.02653030
  6944           0.00303647    0.01951063
  6945           0.00129851    0.00781634
  6946           0.00205738    0.01190208
  6947           0.00269593    0.01694409
  6948           0.00662068    0.04516086
  6949           0.00229320    0.01381478
  6950           0.00296155    0.01895082
  6951           0.00195258    0.01102312
  6952           0.00504834    0.03406174
  6953           0.00278788    0.01764344
  6954           0.00278486    0.01761979
  6955           0.00640857    0.04366982
  6956           0.00236079    0.01434996
  6957           0.00302237    0.01940539
  6958           0.00142865    0.00781567
  6959           0.00270826    0.01703872
  6960           0.00301063    0.01931729
  6961           0.00465496    0.03126134
  6962           0.00289587    0.01845807
  6963           0.00236516    0.01438323
  6964           0.00640124    0.04361822
  6965           0.00236314    0.01436847
  6966           0.00302420    0.01941906
  6967           0.00141144    0.00781632
  6968           0.00262434    0.01639726
  6969           0.00298590    0.01913243
  6970           0.00499927    0.03371307
  6971           0.00280203    0.01775051
  6972           0.00274374    0.01730790
  6973           0.00652737    0.04450507
  6974           0.00232284    0.01405007
  6975           0.00299007    0.01916415
  6976           0.00172308    0.00900447
  6977           0.00407492    0.02710338
  6978           0.00302314    0.01941114
  6979           0.00142141    0.00781632
  6980           0.00267300    0.01676974
  6981           0.00300072    0.01924318
  6982           0.00480118    0.03230378
  6983           0.00285730    0.01816775
  6984           0.00254567    0.01579109
  6985           0.00667307    0.04552878
  6986           0.00227663    0.01368275
  6987           0.00294446    0.01882272
  6988           0.00207467    0.01204456
  6989           0.00551780    0.03738878
  6990           0.00264569    0.01656106
  6991           0.00303770    0.01951923
  6992           0.00418278    0.02787970
  6993           0.00300324    0.01926255
  6994           0.00160646    0.00790400
  6995           0.00354797    0.02328275
  6996           0.00308629    0.01988147
  6997           0.00142909    0.00781630
  6998           0.00195673    0.01105825
  6999           0.00506493    0.03417954
  7000           0.00278306    0.01760691
  7001           0.00279808    0.01771982
  7002           0.00636177    0.04334054
  7003           0.00237579    0.01446808
  7004           0.00303372    0.01949000
  7005           0.00132329    0.00781630
  7006           0.00218460    0.01294299
  7007           0.00278284    0.01760443
  7008           0.00641536    0.04371751
  7009           0.00235862    0.01433281
  7010           0.00302066    0.01939258
  7011           0.00144477    0.00781629
  7012           0.00278636    0.01763187
  7013           0.00303027    0.01946387
  7014           0.00432511    0.02890174
  7015           0.00297409    0.01904464
  7016           0.00185574    0.01018985
  7017           0.00464962    0.03122313
  7018           0.00289724    0.01846836
  7019           0.00235800    0.01432676
  7020           0.00638501    0.04350399
  7021           0.00236834    0.01440944
  7022           0.00302819    0.01944877
  7023           0.00137419    0.00781628
  7024           0.00244065    0.01497599
  7025           0.00291727    0.01861818
  7026           0.00569093    0.03861239
  7027           0.00259109    0.01614206
  7028           0.00307621    0.01980629
  7029           0.00315008    0.02035587
  7030           0.00308426    0.01986623
  7031           0.00278071    0.01758907
  7032           0.00302896    0.01945406
  7033           0.00434919    0.02907443
  7034           0.00296886    0.01900548
  7035           0.00189694    0.01054717
  7036           0.00482170    0.03244982
  7037           0.00285173    0.01812577
  7038           0.00256864    0.01596827
  7039           0.00668471    0.04561044
  7040           0.00227296    0.01365348
  7041           0.00294057    0.01879355
  7042           0.00210093    0.01226069
  7043           0.00561284    0.03806063
  7044           0.00261582    0.01633205
  7045           0.00306197    0.01970019
  7046           0.00361474    0.02376983
  7047           0.00308194    0.01984908
  7048           0.00128983    0.00781562
  7049           0.00166250    0.00844100
  7050           0.00380349    0.02514174
  7051           0.00306349    0.01971189
  7052           0.00113100    0.00781561
  7053           0.00113472    0.00781626
  7054           0.00115318    0.00781561
  7055           0.00126213    0.00781626
  7056           0.00159149    0.00781561
  7057           0.00347899    0.02277840
  7058           0.00308950    0.01990538
  7059           0.00160899    0.00792890
  7060           0.00224014    0.01338971
  7061           0.00607187    0.04129975
  7062           0.00246904    0.01519786
  7063           0.00308306    0.01985754
  7064           0.00131880    0.00781561
  7065           0.00173143    0.00908091
  7066           0.00411195    0.02737011
  7067           0.00301655    0.01936201
  7068           0.00148347    0.00781560
  7069           0.00297214    0.01903033
  7070           0.00306504    0.01972317
  7071           0.00352694    0.02312916
  7072           0.00308742    0.01988997
  7073           0.00148041    0.00781625
  7074           0.00204632    0.01180982
  7075           0.00541267    0.03664498
  7076           0.00267842    0.01681136
  7077           0.00300125    0.01924724
  7078           0.00479378    0.03225105
  7079           0.00285931    0.01818300
  7080           0.00253724    0.01572587
  7081           0.00666735    0.04548867
  7082           0.00227845    0.01369731
  7083           0.00294637    0.01883715
  7084           0.00206162    0.01193661
  7085           0.00546971    0.03704863
  7086           0.00266072    0.01667606
  7087           0.00302233    0.01940463
  7088           0.00446601    0.02991109
  7089           0.00294235    0.01880698
  7090           0.00208904    0.01216290
  7091           0.00557010    0.03775856
  7092           0.00262929    0.01643551
  7093           0.00305204    0.01962621
  7094           0.00387092    0.02563025
  7095           0.00305489    0.01964789
  7096           0.00116017    0.00781559
  7097           0.00130253    0.00781623
  7098           0.00169334    0.00872990
  7099           0.00394234    0.02614680
  7100           0.00304472    0.01957213
  7101           0.00122897    0.00781623
  7102           0.00168875    0.00868752
  7103           0.00234281    0.01420683
  7104           0.00634943    0.04325385
  7105           0.00237976    0.01449939
  7106           0.00303658    0.01951145
  7107           0.00129768    0.00781622
  7108           0.00205305    0.01186609
  7109           0.00269271    0.01691946
  7110           0.00662551    0.04519471
  7111           0.00229169    0.01380275
  7112           0.00296002    0.01893941
  7113           0.00196405    0.01112019
  7114           0.00509414    0.03438691
  7115           0.00277454    0.01754241
  7116           0.00282051    0.01788941
  7117           0.00627172    0.04270698
  7118           0.00240472    0.01469533
  7119           0.00305312    0.01963464
  7120           0.00117015    0.00781558
  7121           0.00135996    0.00781621
  7122           0.00182164    0.00989055
  7123           0.00450475    0.03018822
  7124           0.00293317    0.01873814
  7125           0.00214939    0.01265680
  7126           0.00578176    0.03925379
  7127           0.00256216    0.01591937
  7128           0.00308679    0.01988512
  7129           0.00262660    0.01641449
  7130           0.00298662    0.01913781
  7131           0.00499027    0.03364911
  7132           0.00280462    0.01777011
  7133           0.00273588    0.01724806
  7134           0.00654593    0.04463545
  7135           0.00231695    0.01400337
  7136           0.00298462    0.01912342
  7137           0.00176954    0.00942638
  7138           0.00427948    0.02857436
  7139           0.00298378    0.01911715
  7140           0.00177659    0.00948967
  7141           0.00431021    0.02879481
  7142           0.00297730    0.01906864
  7143           0.00183002    0.00996441
  7144           0.00454056    0.03044418
  7145           0.00292451    0.01867320
  7146           0.00220352    0.01309523
  7147           0.00595927    0.04050602
  7148           0.00250527    0.01547932
  7149           0.00309072    0.01991437
  7150           0.00172627    0.00903401
  7151           0.00238725    0.01455698
  7152           0.00644913    0.04395488
  7153           0.00234783    0.01424768
  7154           0.00301190    0.01932725
  7155           0.00152687    0.00781619
  7156           0.00317774    0.02056085
  7157           0.00308615    0.01988027
  7158           0.00266918    0.01674043
  7159           0.00299961    0.01923487
  7160           0.00481700    0.03241631
  7161           0.00285302    0.01813549
  7162           0.00256343    0.01592804
  7163           0.00668264    0.04559591
  7164           0.00227362    0.01365874
  7165           0.00294127    0.01879882
  7166           0.00209628    0.01222246
  7167           0.00559620    0.03794296
  7168           0.00262108    0.01637240
  7169           0.00305829    0.01967277
  7170           0.00371452    0.02449590
  7171           0.00307327    0.01978465
  7172           0.00115982    0.00781555
  7173           0.00126304    0.00781617
  7174           0.00187166    0.01032879
  7175           0.00253956    0.01574377
  7176           0.00666902    0.04550018
  7177           0.00227792    0.01369306
  7178           0.00294582    0.01883292
  7179           0.00206542    0.01196802
  7180           0.00548377    0.03714796
  7181           0.00265634    0.01664249
  7182           0.00302705    0.01943975
  7183           0.00438375    0.02932199
  7184           0.00296121    0.01894821
  7185           0.00195520    0.01104515
  7186           0.00505880    0.03413582
  7187           0.00278486    0.01762046
  7188           0.00279323    0.01768304
  7189           0.00637952    0.04346526
  7190           0.00237011    0.01442331
  7191           0.00302952    0.01945865
  7192           0.00136188    0.00781554
  7193           0.00237929    0.01449494
  7194           0.00288949    0.01840927
  7195           0.00589513    0.04005358
  7196           0.00252587    0.01563884
  7197           0.00309169    0.01992148
  7198           0.00202510    0.01163353
  7199           0.00267143    0.01675691
  7200           0.00665224    0.04538226
  7201           0.00228322    0.01373523
  7202           0.00295135    0.01887430
  7203           0.00202685    0.01164767
  7204           0.00533897    0.03612281
  7205           0.00270110    0.01698413
  7206           0.00296924    0.01900761
  7207           0.00519775    0.03512189
  7208           0.00274385    0.01730941
  7209           0.00289179    0.01842658
  7210           0.00587947    0.03994299
  7211           0.00253089    0.01567765
  7212           0.00309153    0.01992020
  7213           0.00210338    0.01228115
  7214           0.00272908    0.01719630
  7215           0.00656082    0.04473976
  7216           0.00231222    0.01396566
  7217           0.00298016    0.01908987
  7218           0.00180663    0.00975758
  7219           0.00444027    0.02972663
  7220           0.00294835    0.01885172
  7221           0.00204796    0.01182324
  7222           0.00541875    0.03668765
  7223           0.00267653    0.01679673
  7224           0.00300365    0.01926489
  7225           0.00475930    0.03200511
  7226           0.00286857    0.01825244
  7227           0.00249699    0.01541391
  7228           0.00662925    0.04522054
  7229           0.00229050    0.01379307
  7230           0.00295882    0.01893010
  7231           0.00197295    0.01119533
  7232           0.00512944    0.03463714
  7233           0.00276416    0.01746342
  7234           0.00284623    0.01808340
  7235           0.00615018    0.04185087
  7236           0.00244382    0.01500106
  7237           0.00307365    0.01978724
  7238           0.00116293    0.00781551
  7239           0.00127536    0.00781613
  7240           0.00193663    0.01088758
  7241           0.00259866    0.01619917
  7242           0.00669024    0.04564896
  7243           0.00227122    0.01363943
  7244           0.00293871    0.01877941
  7245           0.00211332    0.01236216
  7246           0.00565683    0.03837114
  7247           0.00260191    0.01622507
  7248           0.00307061    0.01976431
  7249           0.00335203    0.02184677
  7250           0.00309170    0.01992139
  7251           0.00201263    0.01152929
  7252           0.00266168    0.01668228
  7253           0.00666196    0.04545024
  7254           0.00228015    0.01371063
  7255           0.00294815    0.01885019
  7256           0.00204928    0.01183423
  7257           0.00542372    0.03672270
  7258           0.00267500    0.01678489
  7259           0.00300558    0.01927926
  7260           0.00473106    0.03180368
  7261           0.00287606    0.01830880
  7262           0.00246279    0.01514789
  7263           0.00658429    0.04490448
  7264           0.00230476    0.01390635
  7265           0.00297299    0.01903611
  7266           0.00186454    0.01026633
  7267           0.00468660    0.03148659
  7268           0.00288771    0.01839642
  7269           0.00240672    0.01470963
  7270           0.00648828    0.04422965
  7271           0.00233532    0.01414856
  7272           0.00300123    0.01924726
  7273           0.00162469    0.00808036
  7274           0.00363150    0.02389163
  7275           0.00308066    0.01983933
  7276           0.00126110    0.00781549
  7277           0.00158873    0.00781610
  7278           0.00346619    0.02268444
  7279           0.00308994    0.01990833
  7280           0.00164580    0.00828286
  7281           0.00228897    0.01377960
  7282           0.00621137    0.04228166
  7283           0.00242413    0.01484711
  7284           0.00306417    0.01971663
  7285           0.00113045    0.00781610
  7286           0.00113165    0.00781549
  7287           0.00113783    0.00781609
  7288           0.00117332    0.00781549
  7289           0.00131504    0.00781609
  7290           0.00214236    0.01259987
  7291           0.00275562    0.01739786
  7292           0.00649707    0.04429160
  7293           0.00233252    0.01412649
  7294           0.00299878    0.01922898
  7295           0.00164680    0.00829208
  7296           0.00373230    0.02462492
  7297           0.00307147    0.01977106
  7298           0.00114747    0.00781548
  7299           0.00121156    0.00781609
  7300           0.00159319    0.00781548
  7301           0.00221833    0.01321441
  7302           0.00600558    0.04083215
  7303           0.00249038    0.01536361
  7304           0.00308846    0.01989737
  7305           0.00153732    0.00781608
  7306           0.00213695    0.01255529
  7307           0.00573922    0.03895308
  7308           0.00257574    0.01602377
  7309           0.00308261    0.01985378
  7310           0.00286856    0.01825243
  7311           0.00304765    0.01959330
  7312           0.00397259    0.02636498
  7313           0.00304010    0.01953745
  7314           0.00126704    0.00781547
  7315           0.00189276    0.01051134
  7316           0.00255931    0.01589617
  7317           0.00668076    0.04558240
  7318           0.00227422    0.01366338
  7319           0.00294191    0.01880342
  7320           0.00209206    0.01218761
  7321           0.00558099    0.03783517
  7322           0.00262587    0.01640906
  7323           0.00305472    0.01964599
  7324           0.00380569    0.02515749
  7325           0.00306324    0.01970979
  7326           0.00113131    0.00781547
  7327           0.00113642    0.00781607
  7328           0.00116131    0.00781547
  7329           0.00130903    0.00781607
  7330           0.00170872    0.00887218
  7331           0.00401103    0.02664251
  7332           0.00303397    0.01949179
  7333           0.00132115    0.00781606
  7334           0.00217358    0.01285355
  7335           0.00277589    0.01755162
  7336           0.00643798    0.04387622
  7337           0.00235140    0.01427578
  7338           0.00301485    0.01934912
  7339           0.00149944    0.00781606
  7340           0.00304808    0.01959729
  7341           0.00307482    0.01979582
  7342           0.00320382    0.02075376
  7343           0.00308766    0.01989143
  7344           0.00256553    0.01594476
  7345           0.00296619    0.01898475
  7346           0.00523171    0.03536264
  7347           0.00273368    0.01723207
  7348           0.00291244    0.01858165
  7349           0.00572922    0.03888254
  7350           0.00257892    0.01604836
  7351           0.00308144    0.01984510
  7352           0.00292637    0.01868703
  7353           0.00305795    0.01967015
  7354           0.00372363    0.02456196
  7355           0.00307237    0.01977781
  7356           0.00115308    0.00781545
  7357           0.00123547    0.00781605
  7358           0.00172397    0.00901282
  7359           0.00238459    0.01453596
  7360           0.00644358    0.04391559
  7361           0.00234962    0.01426169
  7362           0.00301338    0.01933818
  7363           0.00151317    0.00781604
  7364           0.00311310    0.02008119
  7365           0.00308132    0.01984423
  7366           0.00293226    0.01873124
  7367           0.00305892    0.01967739
  7368           0.00369830    0.02437784
  7369           0.00307487    0.01979643
  7370           0.00117404    0.00781545
  7371           0.00131770    0.00781604
  7372           0.00215596    0.01271053
  7373           0.00276456    0.01746572
  7374           0.00647225    0.04411723
  7375           0.00234046    0.01418935
  7376           0.00300568    0.01928070
  7377           0.00158441    0.00781603
  7378           0.00344620    0.02253802
  7379           0.00309055    0.01991305
  7380           0.00170530    0.00884087
  7381           0.00236269    0.01436354
  7382           0.00639573    0.04357917
  7383           0.00236493    0.01438249
  7384           0.00302559    0.01942930
  7385           0.00139864    0.00781603
  7386           0.00256147    0.01591345
  7387           0.00296476    0.01897403
  7388           0.00524744    0.03547415
  7389           0.00272894    0.01719608
  7390           0.00292156    0.01865011
  7391           0.00565645    0.03836852
  7392           0.00260205    0.01622623
  7393           0.00307055    0.01976401
  7394           0.00335445    0.02186455
  7395           0.00309172    0.01992166
  7396           0.00200430    0.01145947
  7397           0.00265508    0.01663181
  7398           0.00666778    0.04549125
  7399           0.00227833    0.01369617
  7400           0.00294625    0.01883598
  7401           0.00206259    0.01194446
  7402           0.00547330    0.03707362
  7403           0.00265961    0.01666744
  7404           0.00302356    0.01941358
  7405           0.00444516    0.02976153
  7406           0.00294723    0.01884333
  7407           0.00205581    0.01188829
  7408           0.00544811    0.03689536
  7409           0.00266745    0.01672730
  7410           0.00301472    0.01934761
  7411           0.00459143    0.03080738
  7412           0.00291197    0.01857885
  7413           0.00227756    0.01368871
  7414           0.00617996    0.04206060
  7415           0.00243425    0.01492630
  7416           0.00306927    0.01975470
  7417           0.00113726    0.00781601
  7418           0.00116529    0.00781542
  7419           0.00133192    0.00781601
  7420           0.00176108    0.00934991
  7421           0.00424243    0.02830805
  7422           0.00299143    0.01917414
  7423           0.00171156    0.00889831
  7424           0.00402367    0.02673365
  7425           0.00303190    0.01947631
  7426           0.00134009    0.00781542
  7427           0.00226977    0.01362706
  7428           0.00283315    0.01798462
  7429           0.00621470    0.04230519
  7430           0.00242307    0.01483896
  7431           0.00306362    0.01971265
  7432           0.00113091    0.00781542
  7433           0.00113414    0.00781600
  7434           0.00115025    0.00781541
  7435           0.00124506    0.00781600
  7436           0.00154481    0.00781541
  7437           0.00326190    0.02118285
  7438           0.00309015    0.01991000
  7439           0.00234083    0.01419148
  7440           0.00287072    0.01826792
  7441           0.00601450    0.04089505
  7442           0.00248753    0.01534149
  7443           0.00308789    0.01989323
  7444           0.00150413    0.00781541
  7445           0.00208512    0.01213041
  7446           0.00555588    0.03765776
  7447           0.00263378    0.01646975
  7448           0.00304839    0.01959890
  7449           0.00395609    0.02624582
  7450           0.00304266    0.01955657
  7451           0.00124572    0.00781598
  7452           0.00177919    0.00951321
  7453           0.00244617    0.01501824
  7454           0.00655867    0.04472465
  7455           0.00231292    0.01397126
  7456           0.00298083    0.01909491
  7457           0.00180126    0.00970979
  7458           0.00441713    0.02956090
  7459           0.00295368    0.01889174
  7460           0.00201038    0.01150993
  7461           0.00527579    0.03567506
  7462           0.00272036    0.01713083
  7463           0.00293730    0.01876820
  7464           0.00552046    0.03740723
  7465           0.00264489    0.01655479
  7466           0.00303850    0.01952510
  7467           0.00416721    0.02776743
  7468           0.00300626    0.01928499
  7469           0.00157913    0.00781597
  7470           0.00342172    0.02235848
  7471           0.00309112    0.01991721
  7472           0.00178108    0.00953010
  7473           0.00244819    0.01503400
  7474           0.00656192    0.04474742
  7475           0.00231188    0.01396303
  7476           0.00297985    0.01908753
  7477           0.00180933    0.00978145
  7478           0.00445191    0.02980982
  7479           0.00294566    0.01883161
  7480           0.00206662    0.01197771
  7481           0.00548817    0.03717879
  7482           0.00265498    0.01663199
  7483           0.00302850    0.01945042
  7484           0.00435803    0.02913745
  7485           0.00296694    0.01899094
  7486           0.00191194    0.01067586
  7487           0.00488341    0.03288879
  7488           0.00283477    0.01799765
  7489           0.00263428    0.01647249
  7490           0.00668144    0.04558701
  7491           0.00227402    0.01366174
  7492           0.00294169    0.01880178
  7493           0.00209356    0.01219986
  7494           0.00558639    0.03787327
  7495           0.00262418    0.01639605
  7496           0.00305602    0.01965564
  7497           0.00377338    0.02492303
  7498           0.00306703    0.01973796
  7499           0.00113165    0.00781595
  7500           0.00113780    0.00781538
  7501           0.00117309    0.00781595
  7502           0.00131419    0.00781538
  7503           0.00213794    0.01256377
  7504           0.00275269    0.01737555
  7505           0.00650495    0.04434692
  7506           0.00233003    0.01410674
  7507           0.00299656    0.01921245
  7508           0.00166661    0.00847950
  7509           0.00382202    0.02527578
  7510           0.00306125    0.01969499
  7511           0.00113501    0.00781595
  7512           0.00115716    0.00781538
  7513           0.00125226    0.00781594
  7514           0.00181423    0.00982517
  7515           0.00248292    0.01530445
  7516           0.00661216    0.04510037
  7517           0.00229594    0.01383634
  7518           0.00296430    0.01897115
  7519           0.00193213    0.01084868
  7520           0.00496581    0.03347481
  7521           0.00281161    0.01782275
  7522           0.00271394    0.01708095
  7523           0.00659086    0.04495067
  7524           0.00230269    0.01388998
  7525           0.00297098    0.01902110
  7526           0.00188057    0.01040541
  7527           0.00475368    0.03196486
  7528           0.00287008    0.01826381
  7529           0.00249027    0.01536155
  7530           0.00662134    0.04516477
  7531           0.00229302    0.01381310
  7532           0.00296137    0.01894916
  7533           0.00195412    0.01103582
  7534           0.00505447    0.03410469
  7535           0.00278613    0.01762988
  7536           0.00278979    0.01765672
  7537           0.00639180    0.04355114
  7538           0.00236619    0.01439226
  7539           0.00302656    0.01943631
  7540           0.00138961    0.00781537
  7541           0.00251693    0.01556893
  7542           0.00294833    0.01885078
  7543           0.00541663    0.03667239
  7544           0.00267721    0.01680173
  7545           0.00300283    0.01925860
  7546           0.00477140    0.03209102
  7547           0.00286535    0.01822806
  7548           0.00251130    0.01552470
  7549           0.00664474    0.04532900
  7550           0.00228561    0.01375406
  7551           0.00295382    0.01889254
  7552           0.00200937    0.01150134
  7553           0.00527184    0.03564681
  7554           0.00272156    0.01713969
  7555           0.00293516    0.01875201
  7556           0.00553967    0.03754273
  7557           0.00263887    0.01650848
  7558           0.00304400    0.01956589
  7559           0.00405285    0.02694382
  7560           0.00302698    0.01943942
  7561           0.00138562    0.00781591
  7562           0.00249722    0.01541603
  7563           0.00294067    0.01879329
  7564           0.00548950    0.03718795
  7565           0.00265456    0.01662861
  7566           0.00302893    0.01945343
  7567           0.00435014    0.02908070
  7568           0.00296867    0.01900370
  7569           0.00189856    0.01056074
  7570           0.00482831    0.03249634
  7571           0.00284995    0.01811195
  7572           0.00257593    0.01602405
  7573           0.00668712    0.04562661
  7574           0.00227222    0.01364726
  7575           0.00293978    0.01878724
  7576           0.00210633    0.01230465
  7577           0.00563205    0.03819571
  7578           0.00260977    0.01628526
  7579           0.00306595    0.01972944
  7580           0.00349990    0.02293089
  7581           0.00308868    0.01989883
  7582           0.00155108    0.00781535
  7583           0.00215765    0.01272360
  7584           0.00580959    0.03944941
  7585           0.00255328    0.01585045
  7586           0.00308882    0.01989977
  7587           0.00247238    0.01522292
  7588           0.00293065    0.01871816
  7589           0.00557945    0.03782392
  7590           0.00262637    0.01641263
  7591           0.00305435    0.01964302
  7592           0.00381494    0.02522420
  7593           0.00306212    0.01970124
  7594           0.00113311    0.00781534
  7595           0.00114638    0.00781589
  7596           0.00120676    0.00781534
  7597           0.00156648    0.00781589
  7598           0.00218029    0.01290727
  7599           0.00588461    0.03997878
  7600           0.00252926    0.01566481
  7601           0.00309161    0.01992058
  7602           0.00207756    0.01206841
  7603           0.00271073    0.01705635
  7604           0.00659662    0.04499082
  7605           0.00230086    0.01387530
  7606           0.00296918    0.01900747
  7607           0.00189461    0.01052667
  7608           0.00481198    0.03237996
  7609           0.00285440    0.01814546
  7610           0.00255783    0.01588452
  7611           0.00668004    0.04557677
  7612           0.00227446    0.01366507
  7613           0.00294216    0.01880504
  7614           0.00209042    0.01217392
  7615           0.00557504    0.03779272
  7616           0.00262775    0.01642323
  7617           0.00305328    0.01963495
  7618           0.00384132    0.02541534
  7619           0.00305881    0.01967652
  7620           0.00114252    0.00781533
  7621           0.00120024    0.00781588
  7622           0.00140895    0.00781533
  7623           0.00261204    0.01630240
  7624           0.00298196    0.01910245
  7625           0.00504868    0.03406339
  7626           0.00278781    0.01764246
  7627           0.00278514    0.01762145
  7628           0.00640775    0.04366309
  7629           0.00236108    0.01435186
  7630           0.00302260    0.01940665
  7631           0.00142671    0.00781587
  7632           0.00269870    0.01696532
  7633           0.00300803    0.01929732
  7634           0.00469497    0.03154598
  7635           0.00288555    0.01838003
  7636           0.00241748    0.01479374
  7637           0.00650874    0.04437308
  7638           0.00232881    0.01409695
  7639           0.00299548    0.01920409
  7640           0.00167617    0.00856923
  7641           0.00386512    0.02558764
  7642           0.00305569    0.01965328
  7643           0.00115617    0.00781586
  7644           0.00127926    0.00781532
  7645           0.00163600    0.00818872
  7646           0.00368308    0.02426683
  7647           0.00307629    0.01980670
  7648           0.00118988    0.00781532
  7649           0.00137416    0.00781586
  7650           0.00244039    0.01497350
  7651           0.00291718    0.01861697
  7652           0.00569197    0.03861901
  7653           0.00259078    0.01613937
  7654           0.00307639    0.01980720
  7655           0.00314408    0.02031085
  7656           0.00308384    0.01986267
  7657           0.00280525    0.01777434
  7658           0.00303457    0.01949556
  7659           0.00424458    0.02832317
  7660           0.00299100    0.01917068
  7661           0.00171535    0.00893300
  7662           0.00404049    0.02685461
  7663           0.00302909    0.01945513
  7664           0.00136605    0.00781531
  7665           0.00240001    0.01465740
  7666           0.00289917    0.01848173
  7667           0.00582812    0.03958020
  7668           0.00254736    0.01580476
  7669           0.00308988    0.01990764
  7670           0.00237179    0.01443557
  7671           0.00288592    0.01838206
  7672           0.00591905    0.04022158
  7673           0.00251821    0.01557929
  7674           0.00309165    0.01992083
  7675           0.00190944    0.01065466
  7676           0.00257454    0.01601330
  7677           0.00668675    0.04562392
  7678           0.00227234    0.01364824
  7679           0.00293991    0.01878821
  7680           0.00210549    0.01229773
  7681           0.00562909    0.03817467
  7682           0.00261071    0.01629250
  7683           0.00306537    0.01972505
  7684           0.00351767    0.02306080
  7685           0.00308789    0.01989289
  7686           0.00150411    0.00781530
  7687           0.00208507    0.01212983
  7688           0.00555568    0.03765583
  7689           0.00263385    0.01646996
  7690           0.00304834    0.01959818
  7691           0.00395726    0.02625391
  7692           0.00304248    0.01955491
  7693           0.00124720    0.00781583
  7694           0.00178709    0.00958367
  7695           0.00245459    0.01508373
  7696           0.00657197    0.04481752
  7697           0.00230869    0.01393747
  7698           0.00297680    0.01906442
  7699           0.00183422    0.01000094
  7700           0.00455837    0.03057079
  7701           0.00292017    0.01864014
  7702           0.00222983    0.01330657
  7703           0.00604081    0.04107986
  7704           0.00247906    0.01527538
  7705           0.00308591    0.01987817
  7706           0.00141266    0.00781529
  7707           0.00192623    0.01079808
  7708           0.00494178    0.03330359
  7709           0.00281842    0.01787395
  7710           0.00269165    0.01691081
  7711           0.00662707    0.04520454
  7712           0.00229121    0.01379851
  7713           0.00295954    0.01893523
  7714           0.00196775    0.01115110
  7715           0.00510880    0.03449010
  7716           0.00277026    0.01750940
  7717           0.00283138    0.01797100
  7718           0.00622294    0.04236254
  7719           0.00242043    0.01481792
  7720           0.00306219    0.01970167
  7721           0.00113298    0.00781581
  7722           0.00114564    0.00781529
  7723           0.00120349    0.00781581
  7724           0.00154830    0.00781528
  7725           0.00215349    0.01268969
  7726           0.00579558    0.03935038
  7727           0.00255777    0.01588499
  7728           0.00308788    0.01989266
  7729           0.00254962    0.01582162
  7730           0.00296051    0.01894181
  7731           0.00529306    0.03579687
  7732           0.00271513    0.01709061
  7733           0.00294646    0.01883655
  7734           0.00543481    0.03680069
  7735           0.00267158    0.01675857
  7736           0.00300982    0.01931063
  7737           0.00466789    0.03135271
  7738           0.00289258    0.01843276
  7739           0.00238231    0.01451769
  7740           0.00643871    0.04388057
  7741           0.00235118    0.01427367
  7742           0.00301467    0.01934733
  7743           0.00150124    0.00781580
  7744           0.00305655    0.01966004
  7745           0.00307577    0.01980246
  7746           0.00316815    0.02048925
  7747           0.00308554    0.01987522
  7748           0.00270775    0.01703420
  7749           0.00301052    0.01931583
  7750           0.00465727    0.03127692
  7751           0.00289531    0.01845331
  7752           0.00236824    0.01440694
  7753           0.00640813    0.04366552
  7754           0.00236097    0.01435087
  7755           0.00302251    0.01940588
  7756           0.00142759    0.00781527
  7757           0.00270298    0.01699787
  7758           0.00300921    0.01930607
  7759           0.00467715    0.03141874
  7760           0.00289019    0.01841476
  7761           0.00239445    0.01461308
  7762           0.00646395    0.04405797
  7763           0.00234311    0.01420996
  7764           0.00300795    0.01929713
  7765           0.00156368    0.00781579
  7766           0.00334993    0.02183087
  7767           0.00309171    0.01992115
  7768           0.00202004    0.01159085
  7769           0.00266749    0.01672634
  7770           0.00665642    0.04541060
  7771           0.00228192    0.01372449
  7772           0.00295000    0.01886370
  7773           0.00203651    0.01172775
  7774           0.00537562    0.03638153
  7775           0.00268987    0.01689808
  7776           0.00298586    0.01913145
  7777           0.00500015    0.03371831
  7778           0.00280181    0.01774823
  7779           0.00274452    0.01731315
  7780           0.00652562    0.04449141
  7781           0.00232344    0.01405425
  7782           0.00299061    0.01916757
  7783           0.00171864    0.00896323
  7784           0.00405513    0.02695990
  7785           0.00302660    0.01943629
  7786           0.00138927    0.00781526
  7787           0.00251519    0.01555523
  7788           0.00294767    0.01884552
  7789           0.00542312    0.03671777
  7790           0.00267520    0.01678614
  7791           0.00300536    0.01927721
  7792           0.00473461    0.03182837
  7793           0.00287515    0.01830155
  7794           0.00246715    0.01518146
  7795           0.00659065    0.04494837
  7796           0.00230276    0.01389018
  7797           0.00297104    0.01902116
  7798           0.00188007    0.01040089
  7799           0.00475157    0.03194923
  7800           0.00287065    0.01826763
  7801           0.00248774    0.01534159
  7802           0.00661819    0.04514184
  7803           0.00229402    0.01382071
  7804           0.00296237    0.01895625
  7805           0.00194663    0.01097190
  7806           0.00502432    0.03388996
  7807           0.00279486    0.01769554
  7808           0.00276513    0.01746953
  7809           0.00647055    0.04410412
  7810           0.00234100    0.01419315
  7811           0.00300615    0.01928354
  7812           0.00158019    0.00781525
  7813           0.00342657    0.02239353
  7814           0.00309102    0.01991588
  7815           0.00176582    0.00939269
  7816           0.00243166    0.01490451
  7817           0.00653423    0.04455175
  7818           0.00232070    0.01403245
  7819           0.00298810    0.01914865
  7820           0.00174026    0.00916088
  7821           0.00415083    0.02764898
  7822           0.00300937    0.01930761
  7823           0.00155054    0.00781575
  7824           0.00328858    0.02137913
  7825           0.00309090    0.01991492
  7826           0.00224080    0.01339496
  7827           0.00281670    0.01785995
  7828           0.00628808    0.04282069
  7829           0.00239948    0.01465362
  7830           0.00304986    0.01960961
  7831           0.00119109    0.00781575
  7832           0.00147881    0.00781524
  7833           0.00204362    0.01178676
  7834           0.00540240    0.03657102
  7835           0.00268161    0.01683497
  7836           0.00299713    0.01921565
  7837           0.00485155    0.03266129
  7838           0.00284358    0.01806362
  7839           0.00260104    0.01621703
  7840           0.00669023    0.04564775
  7841           0.00227125    0.01363923
  7842           0.00293873    0.01877909
  7843           0.00211328    0.01236135
  7844           0.00565663    0.03836878
  7845           0.00260199    0.01622526
  7846           0.00307059    0.01976361
  7847           0.00335333    0.02185573
  7848           0.00309172    0.01992099
  7849           0.00200819    0.01149172
  7850           0.00265817    0.01665497
  7851           0.00666514    0.04547148
  7852           0.00227917    0.01370237
  7853           0.00294712    0.01884194
  7854           0.00205657    0.01189421
  7855           0.00545088    0.03691398
  7856           0.00266659    0.01672022
  7857           0.00301573    0.01935448
  7858           0.00457542    0.03069221
  7859           0.00291596    0.01860819
  7860           0.00225464    0.01350519
  7861           0.00611456    0.04159888
  7862           0.00245531    0.01509021
  7863           0.00307834    0.01982154
  7864           0.00121853    0.00781523
  7865           0.00146702    0.00781573
  7866           0.00289330    0.01843811
  7867           0.00305225    0.01962702
  7868           0.00386606    0.02559410
  7869           0.00305556    0.01965206
  7870           0.00115682    0.00781522
  7871           0.00128293    0.00781573
  7872           0.00164525    0.00827688
  7873           0.00372515    0.02457234
  7874           0.00307222    0.01977612
  7875           0.00115207    0.00781572
  7876           0.00123115    0.00781522
  7877           0.00170042    0.00879538
  7878           0.00235687    0.01431717
  7879           0.00638240    0.04348425
  7880           0.00236921    0.01441571
  7881           0.00302885    0.01945299
  7882           0.00136832    0.00781522
  7883           0.00241128    0.01474555
  7884           0.00290431    0.01852006
  7885           0.00579082    0.03931639
  7886           0.00255930    0.01589656
  7887           0.00308753    0.01988981
  7888           0.00257608    0.01602553
  7889           0.00296989    0.01901182
  7890           0.00519074    0.03507121
  7891           0.00274597    0.01732494
  7892           0.00288738    0.01839280
  7893           0.00590934    0.04015260
  7894           0.00252133    0.01560313
  7895           0.00309172    0.01992100
  7896           0.00195582    0.01105031
  7897           0.00261517    0.01632550
  7898           0.00668837    0.04563462
  7899           0.00227184    0.01364393
  7900           0.00293937    0.01878381
  7901           0.00210912    0.01232724
  7902           0.00564193    0.03826484
  7903           0.00260665    0.01626104
  7904           0.00306788    0.01974342
  7905           0.00344097    0.02249904
  7906           0.00309069    0.01991338
  7907           0.00172123    0.00898722
  7908           0.00238140    0.01451032
  7909           0.00643675    0.04386637
  7910           0.00235181    0.01427846
  7911           0.00301518    0.01935094
  7912           0.00149646    0.00781521
  7913           0.00303381    0.01949031
  7914           0.00307318    0.01978290
  7915           0.00326418    0.02119904
  7916           0.00309023    0.01990988
  7917           0.00233222    0.01412294
  7918           0.00286637    0.01823460
  7919           0.00604018    0.04107489
  7920           0.00247927    0.01527673
  7921           0.00308597    0.01987826
  7922           0.00141473    0.00781520
  7923           0.00193011    0.01083105
  7924           0.00495753    0.03341510
  7925           0.00281397    0.01784002
  7926           0.00270635    0.01702264
  7927           0.00660421    0.04504336
  7928           0.00229846    0.01385593
  7929           0.00296681    0.01898933
  7930           0.00191300    0.01068465
  7931           0.00488773    0.03291862
  7932           0.00283358    0.01798805
  7933           0.00263868    0.01650573
  7934           0.00667906    0.04556909
  7935           0.00227477    0.01366730
  7936           0.00294249    0.01880718
  7937           0.00208821    0.01215546
  7938           0.00556703    0.03773538
  7939           0.00263028    0.01644228
  7940           0.00305128    0.01961964
  7941           0.00388937    0.02576266
  7942           0.00305239    0.01962831
  7943           0.00117469    0.00781569
  7944           0.00138575    0.00781520
  7945           0.00187416    0.01034950
  7946           0.00472686    0.03177288
  7947           0.00287720    0.01831680
  7948           0.00245762    0.01510704
  7949           0.00657657    0.04484908
  7950           0.00230723    0.01392557
  7951           0.00297539    0.01905351
  7952           0.00184557    0.01010030
  7953           0.00460653    0.03091430
  7954           0.00290820    0.01854987
  7955           0.00229888    0.01385795
  7956           0.00623807    0.04246845
  7957           0.00241556    0.01477956
  7958           0.00305950    0.01968126
  7959           0.00114012    0.00781568
  7960           0.00118630    0.00781519
  7961           0.00136170    0.00781568
  7962           0.00237822    0.01448585
  7963           0.00288898    0.01840476
  7964           0.00589866    0.04007705
  7965           0.00252476    0.01562961
  7966           0.00309172    0.01992094
  7967           0.00200784    0.01148866
  7968           0.00265789    0.01665272
  7969           0.00666540    0.04547311
  7970           0.00227909    0.01370169
  7971           0.00294704    0.01884124
  7972           0.00205717    0.01189906
  7973           0.00545308    0.03692944
  7974           0.00266591    0.01671494
  7975           0.00301652    0.01936033
  7976           0.00456269    0.03060110
  7977           0.00291911    0.01863176
  7978           0.00223615    0.01335704
  7979           0.00605987    0.04121345
  7980           0.00247293    0.01522731
  7981           0.00308424    0.01986530
  7982           0.00135316    0.00781518
  7983           0.00180725    0.00976259
  7984           0.00444287    0.02974422
  7985           0.00294777    0.01884667
  7986           0.00205214    0.01185740
  7987           0.00543435    0.03679686
  7988           0.00267173    0.01675935
  7989           0.00300965    0.01930899
  7990           0.00467050    0.03137086
  7991           0.00289191    0.01842736
  7992           0.00238575    0.01454450
  7993           0.00644595    0.04393080
  7994           0.00234887    0.01425513
  7995           0.00301276    0.01933276
  7996           0.00151905    0.00781518
  7997           0.00314075    0.02028576
  7998           0.00308359    0.01986030
  7999           0.00281880    0.01787642
  8000           0.00303754    0.01951719
  8001           0.00418653    0.02790543
  8002           0.00300255    0.01925650
  8003           0.00161306    0.00796733
  8004           0.00357808    0.02350147
  8005           0.00308451    0.01986731
  8006           0.00136173    0.00781517
  8007           0.00182528    0.00992201
  8008           0.00452020    0.03029743
  8009           0.00292948    0.01870955
  8010           0.00217295    0.01284745
  8011           0.00586050    0.03980779
  8012           0.00253700    0.01572426
  8013           0.00309114    0.01991655
  8014           0.00220066    0.01307201
  8015           0.00279279    0.01767896
  8016           0.00638120    0.04347547
  8017           0.00236960    0.01441862
  8018           0.00302914    0.01945499
  8019           0.00136564    0.00781564
  8020           0.00239789    0.01464037
  8021           0.00289819    0.01847395
  8022           0.00583510    0.03962859
  8023           0.00254514    0.01578711
  8024           0.00309021    0.01990961
  8025           0.00233437    0.01413989
  8026           0.00286746    0.01824273
  8027           0.00603379    0.04102962
  8028           0.00248133    0.01529263
  8029           0.00308648    0.01988196
  8030           0.00143606    0.00781516
  8031           0.00196934    0.01116424
  8032           0.00511506    0.03453391
  8033           0.00276842    0.01749514
  8034           0.00283595    0.01800509
  8035           0.00620140    0.04221017
  8036           0.00242737    0.01487188
  8037           0.00306586    0.01972855
  8038           0.00113045    0.00781516
  8039           0.00113145    0.00781563
  8040           0.00113696    0.00781516
  8041           0.00116377    0.00781563
  8042           0.00132305    0.00781516
  8043           0.00174108    0.00916817
  8044           0.00415443    0.02767460
  8045           0.00300870    0.01930252
  8046           0.00155679    0.00781516
  8047           0.00331776    0.02159389
  8048           0.00309145    0.01991891
  8049           0.00213414    0.01253232
  8050           0.00275015    0.01735569
  8051           0.00651157    0.04439217
  8052           0.00232793    0.01408963
  8053           0.00299468    0.01919777
  8054           0.00168329    0.00863551
  8055           0.00389708    0.02581842
  8056           0.00305132    0.01962035
  8057           0.00118148    0.00781562
  8058           0.00142439    0.00781515
  8059           0.00194807    0.01098399
  8060           0.00503012    0.03393084
  8061           0.00279320    0.01768288
  8062           0.00276996    0.01750598
  8063           0.00645636    0.04400404
  8064           0.00234555    0.01422898
  8065           0.00301000    0.01931220
  8066           0.00154479    0.00781515
  8067           0.00326170    0.02118063
  8068           0.00309015    0.01990925
  8069           0.00234164    0.01419732
  8070           0.00287113    0.01827034
  8071           0.00601210    0.04087681
  8072           0.00248831    0.01534697
  8073           0.00308806    0.01989373
  8074           0.00151301    0.00781515
  8075           0.00209923    0.01224595
  8076           0.00560668    0.03801559
  8077           0.00261780    0.01634656
  8078           0.00306066    0.01968960
  8079           0.00365186    0.02403919
  8080           0.00307904    0.01982671
  8081           0.00122987    0.00781561
  8082           0.00150106    0.00781515
  8083           0.00305566    0.01965308
  8084           0.00307568    0.01980152
  8085           0.00317197    0.02051718
  8086           0.00308580    0.01987687
  8087           0.00269247    0.01691744
  8088           0.00300631    0.01928408
  8089           0.00472094    0.03173059
  8090           0.00287877    0.01832863
  8091           0.00245027    0.01504966
  8092           0.00656521    0.04476917
  8093           0.00231086    0.01395432
  8094           0.00297886    0.01907952
  8095           0.00181749    0.00985322
  8096           0.00448687    0.03005904
  8097           0.00293746    0.01876944
  8098           0.00212176    0.01243067
  8099           0.00568647    0.03857932
  8100           0.00259254    0.01615253
  8101           0.00307556    0.01980057
  8102           0.00317658    0.02055132
  8103           0.00308610    0.01987901
  8104           0.00267395    0.01677611
  8105           0.00300102    0.01924455
  8106           0.00479749    0.03227605
  8107           0.00285834    0.01817477
  8108           0.00254148    0.01575782
  8109           0.00667038    0.04550798
  8110           0.00227752    0.01368920
  8111           0.00294540    0.01882891
  8112           0.00206853    0.01199297
  8113           0.00549514    0.03722690
  8114           0.00265282    0.01661481
  8115           0.00303075    0.01946648
  8116           0.00431704    0.02884256
  8117           0.00297586    0.01905700
  8118           0.00184184    0.01006748
  8119           0.00459069    0.03080104
  8120           0.00291218    0.01857968
  8121           0.00227651    0.01367974
  8122           0.00617699    0.04203829
  8123           0.00243523    0.01493333
  8124           0.00306975    0.01975749
  8125           0.00113901    0.00781559
  8126           0.00117340    0.00781513
  8127           0.00137828    0.00781559
  8128           0.00185922    0.01021946
  8129           0.00466418    0.03132564
  8130           0.00289355    0.01843971
  8131           0.00237741    0.01447878
  8132           0.00642821    0.04380602
  8133           0.00235455    0.01429999
  8134           0.00301741    0.01936745
  8135           0.00147565    0.00781558
  8136           0.00293462    0.01874819
  8137           0.00305932    0.01967952
  8138           0.00368823    0.02430369
  8139           0.00307583    0.01980279
  8140           0.00118430    0.00781513
  8141           0.00135464    0.00781558
  8142           0.00234286    0.01420696
  8143           0.00287175    0.01827493
  8144           0.00600843    0.04085084
  8145           0.00248950    0.01535615
  8146           0.00308830    0.01989550
  8147           0.00152671    0.00781558
  8148           0.00212065    0.01242154
  8149           0.00568258    0.03855176
  8150           0.00259378    0.01616202
  8151           0.00307495    0.01979603
  8152           0.00319958    0.02072153
  8153           0.00308745    0.01988907
  8154           0.00258240    0.01607405
  8155           0.00297207    0.01902799
  8156           0.00516607    0.03489586
  8157           0.00275334    0.01738072
  8158           0.00287136    0.01827200
  8159           0.00601073    0.04086706
  8160           0.00248875    0.01535035
  8161           0.00308815    0.01989436
  8162           0.00151808    0.00781512
  8163           0.00210722    0.01231148
  8164           0.00563518    0.03821687
  8165           0.00260880    0.01627741
  8166           0.00306658    0.01973365
  8167           0.00348135    0.02279452
  8168           0.00308944    0.01990396
  8169           0.00160244    0.00786427
  8170           0.00223113    0.01331666
  8171           0.00604475    0.04110674
  8172           0.00247781    0.01526527
  8173           0.00308559    0.01987536
  8174           0.00139994    0.00781511
  8175           0.00190194    0.01058941
  8176           0.00484222    0.03259446
  8177           0.00284616    0.01808290
  8178           0.00259104    0.01613990
  8179           0.00669001    0.04564574
  8180           0.00227133    0.01363975
  8181           0.00293882    0.01877957
  8182           0.00211278    0.01235704
  8183           0.00565487    0.03835589
  8184           0.00260257    0.01622949
  8185           0.00307028    0.01976113
  8186           0.00336392    0.02193333
  8187           0.00309173    0.01992092
  8188           0.00197171    0.01118461
  8189           0.00262853    0.01642778
  8190           0.00668409    0.04560411
  8191           0.00227320    0.01365461
  8192           0.00294082    0.01879447
  8193           0.00209954    0.01224840
  8194           0.00560778    0.03802310
  8195           0.00261746    0.01634379
  8196           0.00306090    0.01969124
  8197           0.00364529    0.02399120
  8198           0.00307959    0.01983061
  8199           0.00123953    0.00781555
  8200           0.00152909    0.00781511
  8201           0.00318801    0.02063584
  8202           0.00308679    0.01988410
  8203           0.00262831    0.01642673
  8204           0.00298719    0.01914101
  8205           0.00498352    0.03359950
  8206           0.00280659    0.01778401
  8207           0.00272991    0.01720172
  8208           0.00655920    0.04472664
  8209           0.00231277    0.01396937
  8210           0.00298068    0.01909295
  8211           0.00180259    0.00972106
  8212           0.00442277    0.02960009
  8213           0.00295241    0.01888133
  8214           0.00201959    0.01158636
  8215           0.00531114    0.03592414
  8216           0.00270963    0.01704834
  8217           0.00295571    0.01890537
  8218           0.00534309    0.03615046
  8219           0.00269987    0.01697394
  8220           0.00297119    0.01902131
  8221           0.00517602    0.03496626
  8222           0.00275037    0.01735808
  8223           0.00287791    0.01832121
  8224           0.00597051    0.04058333
  8225           0.00250169    0.01545063
  8226           0.00309031    0.01991025
  8227           0.00167818    0.00858800
  8228           0.00232984    0.01410336
  8229           0.00631777    0.04302893
  8230           0.00238996    0.01457856
  8231           0.00304364    0.01956294
  8232           0.00123781    0.00781509
  8233           0.00173643    0.00912609
  8234           0.00239888    0.01464741
  8235           0.00647286    0.04411965
  8236           0.00234028    0.01418717
  8237           0.00300553    0.01927859
  8238           0.00158597    0.00781509
  8239           0.00345326    0.02258874
  8240           0.00309037    0.01991069
  8241           0.00168411    0.00864340
  8242           0.00233713    0.01416096
  8243           0.00633566    0.04315472
  8244           0.00238422    0.01453346
  8245           0.00303972    0.01953368
  8246           0.00127054    0.00781509
  8247           0.00191105    0.01066810
  8248           0.00257600    0.01602396
  8249           0.00668717    0.04562552
  8250           0.00227223    0.01364679
  8251           0.00293978    0.01878660
  8252           0.00210644    0.01230497
  8253           0.00563238    0.03819679
  8254           0.00260969    0.01628404
  8255           0.00306603    0.01972933
  8256           0.00349806    0.02291664
  8257           0.00308878    0.01989883
  8258           0.00155614    0.00781509
  8259           0.00216513    0.01278382
  8260           0.00583456    0.03962443
  8261           0.00254531    0.01578831
  8262           0.00309019    0.01990926
  8263           0.00233726    0.01416258
  8264           0.00286893    0.01825355
  8265           0.00602520    0.04096872
  8266           0.00248410    0.01531399
  8267           0.00308714    0.01988666
  8268           0.00146571    0.00781508
  8269           0.00202142    0.01160159
  8270           0.00531814    0.03597359
  8271           0.00270750    0.01703198
  8272           0.00295919    0.01893139
  8273           0.00530699    0.03589457
  8274           0.00271090    0.01705786
  8275           0.00295362    0.01888962
  8276           0.00536432    0.03630066
  8277           0.00269335    0.01692417
  8278           0.00298090    0.01909380
  8279           0.00506185    0.03415575
  8280           0.00278400    0.01761295
  8281           0.00279566    0.01770039
  8282           0.00637087    0.04340223
  8283           0.00237292    0.01444452
  8284           0.00303161    0.01947316
  8285           0.00134284    0.00781551
  8286           0.00228347    0.01373558
  8287           0.00284069    0.01804067
  8288           0.00617829    0.04204702
  8289           0.00243481    0.01492985
  8290           0.00306955    0.01975573
  8291           0.00113824    0.00781550
  8292           0.00116977    0.00781508
  8293           0.00135749    0.00781550
  8294           0.00181638    0.00984325
  8295           0.00448207    0.03002436
  8296           0.00293860    0.01877768
  8297           0.00211429    0.01236932
  8298           0.00566018    0.03839316
  8299           0.00260088    0.01621639
  8300           0.00307122    0.01976798
  8301           0.00333228    0.02170045
  8302           0.00309161    0.01991983
  8303           0.00208218    0.01210598
  8304           0.00271406    0.01708106
  8305           0.00659066    0.04494741
  8306           0.00230277    0.01388989
  8307           0.00297105    0.01902075
  8308           0.00188010    0.01040072
  8309           0.00475162    0.03194882
  8310           0.00287065    0.01826717
  8311           0.00248780    0.01534163
  8312           0.00661828    0.04514139
  8313           0.00229401    0.01382023
  8314           0.00296236    0.01895567
  8315           0.00194682    0.01097319
  8316           0.00502507    0.03389443
  8317           0.00279466    0.01769356
  8318           0.00276575    0.01747380
  8319           0.00646879    0.04409075
  8320           0.00234158    0.01419731
  8321           0.00300664    0.01928672
  8322           0.00157579    0.00781507
  8323           0.00340612    0.02224297
  8324           0.00309139    0.01991815
  8325           0.00183102    0.00997273
  8326           0.00249992    0.01543570
  8327           0.00663260    0.04524193
  8328           0.00228948    0.01378411
  8329           0.00295777    0.01892126
  8330           0.00198086    0.01126128
  8331           0.00516057    0.03485640
  8332           0.00275497    0.01739276
  8333           0.00286770    0.01824415
  8334           0.00603245    0.04101953
  8335           0.00248176    0.01529572
  8336           0.00308659    0.01988240
  8337           0.00144062    0.00781548
  8338           0.00197752    0.01123313
  8339           0.00514741    0.03476300
  8340           0.00275887    0.01742237
  8341           0.00285877    0.01817690
  8342           0.00608344    0.04137878
  8343           0.00246535    0.01516800
  8344           0.00308190    0.01984754
  8345           0.00128828    0.00781548
  8346           0.00165855    0.00840280
  8347           0.00378544    0.02500934
  8348           0.00306566    0.01972674
  8349           0.00113036    0.00781548
  8350           0.00113091    0.00781506
  8351           0.00113392    0.00781548
  8352           0.00114899    0.00781506
  8353           0.00123750    0.00781547
  8354           0.00152326    0.00781506
  8355           0.00316057    0.02043236
  8356           0.00308504    0.01987085
  8357           0.00273842    0.01726701
  8358           0.00301862    0.01937574
  8359           0.00452867    0.03035754
  8360           0.00292744    0.01869398
  8361           0.00218574    0.01295071
  8362           0.00590227    0.04010191
  8363           0.00252361    0.01562045
  8364           0.00309174    0.01992073
  8365           0.00199019    0.01134026
  8366           0.00264373    0.01654401
  8367           0.00667606    0.04554728
  8368           0.00227574    0.01367469
  8369           0.00294351    0.01881444
  8370           0.00208144    0.01209934
  8371           0.00554241    0.03756068
  8372           0.00263803    0.01650132
  8373           0.00304478    0.01957081
  8374           0.00403658    0.02682539
  8375           0.00302976    0.01945932
  8376           0.00135996    0.00781505
  8377           0.00236945    0.01441649
  8378           0.00288480    0.01837288
  8379           0.00592649    0.04027262
  8380           0.00251584    0.01556022
  8381           0.00309157    0.01991941
  8382           0.00187445    0.01035210
  8383           0.00254220    0.01576308
  8384           0.00667085    0.04551062
  8385           0.00227738    0.01368778
  8386           0.00294524    0.01882742
  8387           0.00206961    0.01200169
  8388           0.00549910    0.03725432
  8389           0.00265159    0.01660509
  8390           0.00303200    0.01947549
  8391           0.00429371    0.02867479
  8392           0.00298083    0.01909379
  8393           0.00180141    0.00971046
  8394           0.00441767    0.02956326
  8395           0.00295358    0.01888984
  8396           0.00201127    0.01151661
  8397           0.00527911    0.03569682
  8398           0.00271938    0.01712229
  8399           0.00293910    0.01878066
  8400           0.00550418    0.03729019
  8401           0.00265000    0.01659293
  8402           0.00303359    0.01948731
  8403           0.00426373    0.02845959
  8404           0.00298708    0.01914057
  8405           0.00174902    0.00924007
  8406           0.00418936    0.02792530
  8407           0.00300201    0.01925210
  8408           0.00161804    0.00801540
  8409           0.00360091    0.02366756
  8410           0.00308298    0.01985557
  8411           0.00131564    0.00781545
  8412           0.00172407    0.00901258
  8413           0.00407914    0.02713215
  8414           0.00302245    0.01940473
  8415           0.00142838    0.00781544
  8416           0.00270670    0.01702558
  8417           0.00301024    0.01931309
  8418           0.00466174    0.03130780
  8419           0.00289418    0.01844416
  8420           0.00237418    0.01445317
  8421           0.00642121    0.04375613
  8422           0.00235680    0.01431747
  8423           0.00301922    0.01938060
  8424           0.00145875    0.00781503
  8425           0.00285352    0.01813807
  8426           0.00304474    0.01957053
  8427           0.00403749    0.02683192
  8428           0.00302962    0.01945820
  8429           0.00136137    0.00781544
  8430           0.00237651    0.01447207
  8431           0.00288818    0.01839831
  8432           0.00590417    0.04011517
  8433           0.00252301    0.01561573
  8434           0.00309174    0.01992070
  8435           0.00198098    0.01126266
  8436           0.00263620    0.01648632
  8437           0.00668048    0.04557817
  8438           0.00227435    0.01366357
  8439           0.00294204    0.01880335
  8440           0.00209140    0.01218137
  8441           0.00557854    0.03781602
  8442           0.00262668    0.01641429
  8443           0.00305415    0.01964066
  8444           0.00382050    0.02526349
  8445           0.00306146    0.01969545
  8446           0.00113460    0.00781503
  8447           0.00115464    0.00781543
  8448           0.00124175    0.00781503
  8449           0.00175767    0.00931872
  8450           0.00242270    0.01483392
  8451           0.00651833    0.04443889
  8452           0.00232579    0.01407237
  8453           0.00299275    0.01918295
  8454           0.00170029    0.00879346
  8455           0.00397327    0.02636851
  8456           0.00304003    0.01953585
  8457           0.00126796    0.00781543
  8458           0.00189740    0.01055056
  8459           0.00256358    0.01592815
  8460           0.00668276    0.04559423
  8461           0.00227363    0.01365783
  8462           0.00294127    0.01879763
  8463           0.00209655    0.01222364
  8464           0.00559704    0.03794680
  8465           0.00262085    0.01636960
  8466           0.00305851    0.01967318
  8467           0.00370964    0.02445894
  8468           0.00307379    0.01978726
  8469           0.00116389    0.00781542
  8470           0.00127894    0.00781502
  8471           0.00195519    0.01104459
  8472           0.00261464    0.01632096
  8473           0.00668854    0.04563479
  8474           0.00227180    0.01364328
  8475           0.00293933    0.01878305
  8476           0.00210950    0.01232992
  8477           0.00564324    0.03827320
  8478           0.00260626    0.01625758
  8479           0.00306814    0.01974488
  8480           0.00343325    0.02244188
  8481           0.00309089    0.01991438
  8482           0.00174506    0.00920442
  8483           0.00240863    0.01472374
  8484           0.00649202    0.04425391
  8485           0.00233418    0.01413872
  8486           0.00300023    0.01923881
  8487           0.00163407    0.00816970
  8488           0.00367419    0.02420118
  8489           0.00307712    0.01981197
  8490           0.00120030    0.00781502
  8491           0.00140908    0.00781541
  8492           0.00261252    0.01630529
  8493           0.00298213    0.01910290
  8494           0.00504692    0.03404953
  8495           0.00278835    0.01764577
  8496           0.00278373    0.01760994
  8497           0.00641264    0.04369576
  8498           0.00235955    0.01433910
  8499           0.00302140    0.01939685
  8500           0.00143826    0.00781501
  8501           0.00275463    0.01739005
  8502           0.00302271    0.01940614
  8503           0.00446019    0.02986760
  8504           0.00294375    0.01881621
  8505           0.00207982    0.01208595
  8506           0.00553653    0.03751894
  8507           0.00263988    0.01651544
  8508           0.00304314    0.01955859
  8509           0.00407171    0.02707849
  8510           0.00302375    0.01941442
  8511           0.00141614    0.00781540
  8512           0.00264705    0.01657005
  8513           0.00299301    0.01918428
  8514           0.00490767    0.03305969
  8515           0.00282803    0.01794579
  8516           0.00265867    0.01665828
  8517           0.00666479    0.04546785
  8518           0.00227930    0.01370305
  8519           0.00294726    0.01884248
  8520           0.00205575    0.01188694
  8521           0.00544779    0.03689114
  8522           0.00266758    0.01672727
  8523           0.00301463    0.01934572
  8524           0.00459340    0.03081983
  8525           0.00291151    0.01857425
  8526           0.00228037    0.01371020
  8527           0.00618772    0.04211301
  8528           0.00243178    0.01490609
  8529           0.00306808    0.01974469
  8530           0.00113373    0.00781500
  8531           0.00114803    0.00781539
  8532           0.00123189    0.00781500
  8533           0.00150698    0.00781539
  8534           0.00308365    0.01986100
  8535           0.00307861    0.01982282
  8536           0.00305467    0.01964530
  8537           0.00307558    0.01980030
  8538           0.00317615    0.02054772
  8539           0.00308608    0.01987845
  8540           0.00267572    0.01678919
  8541           0.00300154    0.01924801
  8542           0.00479028    0.03222405
  8543           0.00286030    0.01818914
  8544           0.00253324    0.01569371
  8545           0.00666436    0.04546483
  8546           0.00227944    0.01370413
  8547           0.00294741    0.01884355
  8548           0.00205477    0.01187882
  8549           0.00544414    0.03686532
  8550           0.00266871    0.01673593
  8551           0.00301330    0.01933578
  8552           0.00461443    0.03096998
  8553           0.00290623    0.01853461
  8554           0.00230992    0.01394515
  8555           0.00626714    0.04267208
  8556           0.00240623    0.01470608
  8557           0.00305405    0.01964018
  8558           0.00116504    0.00781500
  8559           0.00133025    0.00781538
  8560           0.00175728    0.00931479
  8561           0.00422564    0.02818590
  8562           0.00299484    0.01919852
  8563           0.00168198    0.00862301
  8564           0.00389117    0.02577503
  8565           0.00305216    0.01962614
  8566           0.00117625    0.00781499
  8567           0.00139452    0.00781538
  8568           0.00189141    0.01049837
  8569           0.00479864    0.03228356
  8570           0.00285804    0.01817212
  8571           0.00254279    0.01576755
  8572           0.00667128    0.04551341
  8573           0.00227725    0.01368670
  8574           0.00294511    0.01882633
  8575           0.00207058    0.01200959
  8576           0.00550266    0.03727934
  8577           0.00265048    0.01659655
  8578           0.00303312    0.01948377
  8579           0.00427273    0.02852400
  8580           0.00298523    0.01912663
  8581           0.00176477    0.00938243
  8582           0.00425846    0.02842160
  8583           0.00298818    0.01914869
  8584           0.00173976    0.00915584
  8585           0.00414856    0.02763175
  8586           0.00300982    0.01931040
  8587           0.00154657    0.00781537
  8588           0.00326997    0.02124115
  8589           0.00309042    0.01991078
  8590           0.00231044    0.01394987
  8591           0.00285513    0.01814935
  8592           0.00610355    0.04152029
  8593           0.00245889    0.01511763
  8594           0.00307968    0.01983097
  8595           0.00124109    0.00781536
  8596           0.00153349    0.00781499
  8597           0.00320863    0.02078807
  8598           0.00308794    0.01989229
  8599           0.00254674    0.01579865
  8600           0.00295948    0.01893327
  8601           0.00530421    0.03587451
  8602           0.00271176    0.01706426
  8603           0.00295222    0.01887886
  8604           0.00537859    0.03640130
  8605           0.00268898    0.01689065
  8606           0.00298716    0.01914046
  8607           0.00498397    0.03360209
  8608           0.00280647    0.01778279
  8609           0.00273031    0.01720443
  8610           0.00655838    0.04472012
  8611           0.00231304    0.01397124
  8612           0.00298094    0.01909451
  8613           0.00180056    0.00970271
  8614           0.00441395    0.02953646
  8615           0.00295443    0.01889614
  8616           0.00200519    0.01146555
  8617           0.00525560    0.03552994
  8618           0.00272650    0.01717640
  8619           0.00292619    0.01868372
  8620           0.00561800    0.03809466
  8621           0.00261424    0.01631876
  8622           0.00306310    0.01970724
  8623           0.00358411    0.02354482
  8624           0.00308413    0.01986399
  8625           0.00134917    0.00781535
  8626           0.00179869    0.00968614
  8627           0.00440591    0.02947887
  8628           0.00295626    0.01890983
  8629           0.00199197    0.01135462
  8630           0.00520417    0.03516529
  8631           0.00274198    0.01729401
  8632           0.00289582    0.01845555
  8633           0.00585202    0.03974695
  8634           0.00253974    0.01574497
  8635           0.00309089    0.01991417
  8636           0.00224496    0.01342771
  8637           0.00281912    0.01787748
  8638           0.00627796    0.04274806
  8639           0.00240276    0.01467878
  8640           0.00305192    0.01962427
  8641           0.00117773    0.00781534
  8642           0.00140291    0.00781497
  8643           0.00190765    0.01063817
  8644           0.00486568    0.03276074
  8645           0.00283971    0.01803379
  8646           0.00261596    0.01633091
  8647           0.00668823    0.04563225
  8648           0.00227190    0.01364393
  8649           0.00293943    0.01878367
  8650           0.00210881    0.01232419
  8651           0.00564080    0.03825565
  8652           0.00260703    0.01626337
  8653           0.00306768    0.01974126
  8654           0.00344781    0.02254841
  8655           0.00309053    0.01991150
  8656           0.00170050    0.00879564
  8657           0.00235696    0.01431727
  8658           0.00638259    0.04348412
  8659           0.00236917    0.01441480
  8660           0.00302882    0.01945204
  8661           0.00136876    0.00781534
  8662           0.00241335    0.01476111
  8663           0.00290525    0.01852641
  8664           0.00578402    0.03926701
  8665           0.00256149    0.01591285
  8666           0.00308701    0.01988518
  8667           0.00261414    0.01631755
  8668           0.00298265    0.01910661
  8669           0.00504045    0.03400323
  8670           0.00279022    0.01765977
  8671           0.00277847    0.01756992
  8672           0.00642989    0.04381663
  8673           0.00235403    0.01429541
  8674           0.00301699    0.01936372
  8675           0.00147972    0.00781533
  8676           0.00295397    0.01889276
  8677           0.00306236    0.01970164
  8678           0.00360507    0.02369759
  8679           0.00308269    0.01985319
  8680           0.00130776    0.00781496
  8681           0.00170564    0.00884275
  8682           0.00399710    0.02654030
  8683           0.00303626    0.01950753
  8684           0.00130091    0.00781496
  8685           0.00206942    0.01200037
  8686           0.00270481    0.01701030
  8687           0.00660687    0.04506062
  8688           0.00229764    0.01384891
  8689           0.00296599    0.01898259
  8690           0.00191941    0.01073904
  8691           0.00491389    0.03310363
  8692           0.00282630    0.01793248
  8693           0.00266480    0.01670497
  8694           0.00665914    0.04542780
  8695           0.00228109    0.01371713
  8696           0.00294913    0.01885627
  8697           0.00204279    0.01177924
  8698           0.00539923    0.03654713
  8699           0.00268262    0.01684193
  8700           0.00299585    0.01920522
  8701           0.00486946    0.03278749
  8702           0.00283866    0.01802577
  8703           0.00261990    0.01636111
  8704           0.00668716    0.04562449
  8705           0.00227224    0.01364653
  8706           0.00293979    0.01878624
  8707           0.00210642    0.01230450
  8708           0.00563229    0.03819534
  8709           0.00260972    0.01628392
  8710           0.00306602    0.01972878
  8711           0.00349861    0.02292019
  8712           0.00308876    0.01989824
  8713           0.00155466    0.00781531
  8714           0.00216293    0.01276564
  8715           0.00582721    0.03957171
  8716           0.00254768    0.01580616
  8717           0.00308985    0.01990621
  8718           0.00237673    0.01447357
  8719           0.00288829    0.01839880
  8720           0.00590346    0.04010955
  8721           0.00252324    0.01561721
  8722           0.00309174    0.01992035
  8723           0.00198442    0.01129143
  8724           0.00263902    0.01650763
  8725           0.00667891    0.04556645
  8726           0.00227484    0.01366726
  8727           0.00294256    0.01880695
  8728           0.00208788    0.01215212
  8729           0.00556576    0.03772510
  8730           0.00263070    0.01644481
  8731           0.00305097    0.01961658
  8732           0.00389701    0.02581703
  8733           0.00305134    0.01961972
  8734           0.00118144    0.00781495
  8735           0.00142404    0.00781531
  8736           0.00194739    0.01097771
  8737           0.00502731    0.03390974
  8738           0.00279402    0.01768839
  8739           0.00276763    0.01748768
  8740           0.00646332    0.04405152
  8741           0.00234334    0.01421089
  8742           0.00300813    0.01929750
  8743           0.00156214    0.00781530
  8744           0.00334263    0.02177608
  8745           0.00309170    0.01991997
  8746           0.00204566    0.01180352
  8747           0.00268716    0.01687563
  8748           0.00663331    0.04524612
  8749           0.00228926    0.01378210
  8750           0.00295755    0.01891923
  8751           0.00198254    0.01127517
  8752           0.00516717    0.03490257
  8753           0.00275302    0.01737759
  8754           0.00287210    0.01827693
  8755           0.00600629    0.04083442
  8756           0.00249019    0.01536089
  8757           0.00308844    0.01989576
  8758           0.00153476    0.00781494
  8759           0.00213301    0.01252202
  8760           0.00572552    0.03885375
  8761           0.00258014    0.01605639
  8762           0.00308101    0.01984033
  8763           0.00294794    0.01884743
  8764           0.00306143    0.01969453
  8765           0.00363097    0.02388616
  8766           0.00308074    0.01983856
  8767           0.00126209    0.00781529
  8768           0.00159124    0.00781494
  8769           0.00347759    0.02276628
  8770           0.00308959    0.01990433
  8771           0.00161313    0.00796791
  8772           0.00224572    0.01343313
  8773           0.00608838    0.04141287
  8774           0.00246377    0.01515546
  8775           0.00308139    0.01984335
  8776           0.00127601    0.00781494
  8777           0.00162760    0.00810737
  8778           0.00364461    0.02398553
  8779           0.00307965    0.01983051
  8780           0.00124060    0.00781494
  8781           0.00153208    0.00781529
  8782           0.00320200    0.02073880
  8783           0.00308759    0.01988944
  8784           0.00257286    0.01600003
  8785           0.00296878    0.01900272
  8786           0.00520339    0.03515950
  8787           0.00274222    0.01729563
  8788           0.00289534    0.01845177
  8789           0.00585538    0.03977036
  8790           0.00253866    0.01573650
  8791           0.00309100    0.01991482
  8792           0.00222737    0.01328644
  8793           0.00280886    0.01779980
  8794           0.00632050    0.04304699
  8795           0.00238910    0.01457140
  8796           0.00304307    0.01955812
  8797           0.00124259    0.00781528
  8798           0.00176213    0.00935878
  8799           0.00242761    0.01487206
  8800           0.00652713    0.04450003
  8801           0.00232299    0.01404991
  8802           0.00299020    0.01916352
  8803           0.00172244    0.00899739
  8804           0.00407188    0.02707929
  8805           0.00302373    0.01941391
  8806           0.00141642    0.00781493
  8807           0.00264838    0.01657991
  8808           0.00299342    0.01918699
  8809           0.00490230    0.03302100
  8810           0.00282954    0.01795685
  8811           0.00265335    0.01661726
  8812           0.00666921    0.04549826
  8813           0.00227791    0.01369170
  8814           0.00294580    0.01883120
  8815           0.00206587    0.01197050
  8816           0.00548530    0.03715601
  8817           0.00265591    0.01663777
  8818           0.00302758    0.01944209
  8819           0.00437499    0.02925698
  8820           0.00296321    0.01896160
  8821           0.00194053    0.01091932
  8822           0.00499968    0.03371331
  8823           0.00280197    0.01774849
  8824           0.00274412    0.01730916
  8825           0.00652669    0.04449682
  8826           0.00232313    0.01405095
  8827           0.00299033    0.01916440
  8828           0.00172134    0.00898727
  8829           0.00406698    0.02704398
  8830           0.00302458    0.01942018
  8831           0.00140843    0.00781527
  8832           0.00260930    0.01628024
  8833           0.00298108    0.01909466
  8834           0.00505977    0.03414018
  8835           0.00278462    0.01761715
  8836           0.00279402    0.01768753
  8837           0.00637687    0.04344342
  8838           0.00237101    0.01442908
  8839           0.00303020    0.01946208
  8840           0.00135602    0.00781492
  8841           0.00234966    0.01426007
  8842           0.00287514    0.01829972
  8843           0.00598784    0.04070424
  8844           0.00249613    0.01540700
  8845           0.00308951    0.01990364
  8846           0.00160680    0.00790632
  8847           0.00223710    0.01336396
  8848           0.00606268    0.04123169
  8849           0.00247205    0.01521980
  8850           0.00308399    0.01986268
  8851           0.00134498    0.00781526
  8852           0.00178967    0.00960553
  8853           0.00436684    0.02919851
  8854           0.00296502    0.01897512
  8855           0.00192682    0.01080232
  8856           0.00494409    0.03331812
  8857           0.00281780    0.01786808
  8858           0.00269383    0.01692640
  8859           0.00662398    0.04518032
  8860           0.00229222    0.01380559
  8861           0.00296056    0.01894164
  8862           0.00196041    0.01108812
  8863           0.00507947    0.03427998
  8864           0.00277888    0.01757360
  8865           0.00280940    0.01780377
  8866           0.00631830    0.04303130
  8867           0.00238980    0.01457679
  8868           0.00304354    0.01956149
  8869           0.00123875    0.00781525
  8870           0.00174137    0.00917068
  8871           0.00240448    0.01469079
  8872           0.00648392    0.04419605
  8873           0.00233676    0.01415883
  8874           0.00300249    0.01925523
  8875           0.00161372    0.00797328
  8876           0.00358106    0.02352220
  8877           0.00308433    0.01986513
  8878           0.00135553    0.00781491
  8879           0.00181221    0.00980595
  8880           0.00446412    0.02989507
  8881           0.00294284    0.01880891
  8882           0.00208605    0.01213697
  8883           0.00555914    0.03767805
  8884           0.00263279    0.01646070
  8885           0.00304927    0.01960377
  8886           0.00393668    0.02610362
  8887           0.00304561    0.01957691
  8888           0.00122241    0.00781491
  8889           0.00165254    0.00834585
  8890           0.00229761    0.01384711
  8891           0.00623466    0.04244271
  8892           0.00241669    0.01478767
  8893           0.00306014    0.01968517
  8894           0.00113817    0.00781491
  8895           0.00117494    0.00781524
  8896           0.00132086    0.00781491
  8897           0.00217183    0.01283824
  8898           0.00277479    0.01754184
  8899           0.00644159    0.04389846
  8900           0.00235030    0.01426575
  8901           0.00301394    0.01934076
  8902           0.00150830    0.00781491
  8903           0.00308984    0.01990666
  8904           0.00307922    0.01982694
  8905           0.00302889    0.01945266
  8906           0.00307261    0.01977774
  8907           0.00328515    0.02135270
  8908           0.00309084    0.01991351
  8909           0.00225369    0.01349734
  8910           0.00282411    0.01791495
  8911           0.00625620    0.04259437
  8912           0.00240977    0.01473346
  8913           0.00305616    0.01965555
  8914           0.00115404    0.00781491
  8915           0.00126663    0.00781523
  8916           0.00160327    0.00787154
  8917           0.00353301    0.02317147
  8918           0.00308715    0.01988619
  8919           0.00146544    0.00781523
  8920           0.00202095    0.01159720
  8921           0.00531631    0.03595963
  8922           0.00270808    0.01703591
  8923           0.00295830    0.01892409
  8924           0.00531658    0.03596155
  8925           0.00270799    0.01703525
  8926           0.00295843    0.01892510
  8927           0.00531516    0.03595146
  8928           0.00270843    0.01703854
  8929           0.00295773    0.01891980
  8930           0.00532249    0.03600337
  8931           0.00270619    0.01702148
  8932           0.00296134    0.01894688
  8933           0.00528451    0.03573427
  8934           0.00271775    0.01710952
  8935           0.00294198    0.01880181
  8936           0.00547758    0.03710118
  8937           0.00265832    0.01665614
  8938           0.00302502    0.01942293
  8939           0.00442030    0.02958136
  8940           0.00295299    0.01888497
  8941           0.00201556    0.01155218
  8942           0.00529563    0.03581301
  8943           0.00271437    0.01708377
  8944           0.00294781    0.01884547
  8945           0.00542201    0.03670796
  8946           0.00267558    0.01678799
  8947           0.00300495    0.01927301
  8948           0.00474105    0.03187253
  8949           0.00287347    0.01828786
  8950           0.00247502    0.01524172
  8951           0.00660166    0.04502335
  8952           0.00229930    0.01386180
  8953           0.00296763    0.01899454
  8954           0.00190683    0.01063091
  8955           0.00486228    0.03273597
  8956           0.00284065    0.01804051
  8957           0.00261240    0.01630328
  8958           0.00668899    0.04563671
  8959           0.00227167    0.01364177
  8960           0.00293918    0.01878139
  8961           0.00211050    0.01233775
  8962           0.00564674    0.03829698
  8963           0.00260515    0.01624859
  8964           0.00306880    0.01974923
  8965           0.00341233    0.02228786
  8966           0.00309131    0.01991688
  8967           0.00181105    0.00979602
  8968           0.00247964    0.01527765
  8969           0.00660784    0.04506668
  8970           0.00229734    0.01384615
  8971           0.00296569    0.01897989
  8972           0.00192177    0.01075905
  8973           0.00492351    0.03317147
  8974           0.00282360    0.01791172
  8975           0.00267418    0.01677631
  8976           0.00664931    0.04535792
  8977           0.00228420    0.01374161
  8978           0.00295236    0.01888007
  8979           0.00202003    0.01158945
  8980           0.00531276    0.03593416
  8981           0.00270915    0.01704386
  8982           0.00295653    0.01891068
  8983           0.00533477    0.03609010
  8984           0.00270243    0.01699261
  8985           0.00296728    0.01899115
  8986           0.00522007    0.03527726
  8987           0.00273721    0.01725725
  8988           0.00290553    0.01852812
  8989           0.00578188    0.03925110
  8990           0.00256217    0.01591769
  8991           0.00308683    0.01988338
  8992           0.00262606    0.01640870
  8993           0.00298648    0.01913479
  8994           0.00499260    0.03366260
  8995           0.00280400    0.01776352
  8996           0.00273794    0.01726200
  8997           0.00654131    0.04459899
  8998           0.00231847    0.01401382
  8999           0.00298603    0.01913199
  9000           0.00175801    0.00932106
  9001           0.00422878    0.02820766
  9002           0.00299421    0.01919316
  9003           0.00168753    0.00867448
  9004           0.00391603    0.02595410
  9005           0.00304863    0.01959921
  9006           0.00119987    0.00781489
  9007           0.00152784    0.00781520
  9008           0.00212238    0.01243497
  9009           0.00568855    0.03859212
  9010           0.00259190    0.01614663
  9011           0.00307589    0.01980191
  9012           0.00316435    0.02045966
  9013           0.00308531    0.01987203
  9014           0.00272318    0.01715047
  9015           0.00301467    0.01934542
  9016           0.00459281    0.03081471
  9017           0.00291166    0.01857483
  9018           0.00227953    0.01370303
  9019           0.00618534    0.04209510
  9020           0.00243256    0.01491164
  9021           0.00306846    0.01974690
  9022           0.00113472    0.00781488
  9023           0.00115279    0.00781519
  9024           0.00125939    0.00781488
  9025           0.00158401    0.00781519
  9026           0.00344411    0.02252076
  9027           0.00309063    0.01991182
  9028           0.00171177    0.00889947
  9029           0.00237032    0.01442224
  9030           0.00641271    0.04369505
  9031           0.00235954    0.01433849
  9032           0.00302139    0.01939612
  9033           0.00143845    0.00781519
  9034           0.00275549    0.01739601
  9035           0.00302293    0.01940712
  9036           0.00445661    0.02984109
  9037           0.00294460    0.01882194
  9038           0.00207413    0.01203853
  9039           0.00551566    0.03737029
  9040           0.00264643    0.01656501
  9041           0.00303710    0.01951286
  9042           0.00419582    0.02797085
  9043           0.00300076    0.01924215
  9044           0.00162942    0.00812464
  9045           0.00365287    0.02404532
  9046           0.00307897    0.01982515
  9047           0.00122848    0.00781519
  9048           0.00149689    0.00781488
  9049           0.00303571    0.01950340
  9050           0.00307342    0.01978365
  9051           0.00325625    0.02113937
  9052           0.00308999    0.01990699
  9053           0.00236241    0.01436052
  9054           0.00288140    0.01834669
  9055           0.00594859    0.04042717
  9056           0.00250876    0.01550481
  9057           0.00309110    0.01991530
  9058           0.00177356    0.00946149
  9059           0.00244007    0.01496924
  9060           0.00654861    0.04465037
  9061           0.00231616    0.01399558
  9062           0.00298388    0.01911598
  9063           0.00177621    0.00948494
  9064           0.00430834    0.02877884
  9065           0.00297774    0.01907011
  9066           0.00182681    0.00993472
  9067           0.00452661    0.03034179
  9068           0.00292795    0.01869714
  9069           0.00218264    0.01292513
  9070           0.00589220    0.04002950
  9071           0.00252686    0.01564501
  9072           0.00309171    0.01991981
  9073           0.00203985    0.01175500
  9074           0.00268276    0.01684177
  9075           0.00663910    0.04528614
  9076           0.00228744    0.01376738
  9077           0.00295569    0.01890502
  9078           0.00199616    0.01138949
  9079           0.00522049    0.03528020
  9080           0.00273709    0.01725637
  9081           0.00290579    0.01853000
  9082           0.00578007    0.03923827
  9083           0.00256276    0.01592222
  9084           0.00308669    0.01988232
  9085           0.00263628    0.01648702
  9086           0.00298970    0.01915881
  9087           0.00495139    0.03336964
  9088           0.00281574    0.01785227
  9089           0.00270067    0.01697830
  9090           0.00661358    0.04510674
  9091           0.00229552    0.01383164
  9092           0.00296387    0.01896623
  9093           0.00193557    0.01087681
  9094           0.00497958    0.03356994
  9095           0.00280773    0.01779169
  9096           0.00272640    0.01717418
  9097           0.00656662    0.04477675
  9098           0.00231043    0.01395000
  9099           0.00297845    0.01907527
  9100           0.00182101    0.00988355
  9101           0.00450181    0.03016432
  9102           0.00293392    0.01874174
  9103           0.00214489    0.01261863
  9104           0.00576631    0.03914103
  9105           0.00256715    0.01595599
  9106           0.00308546    0.01987311
  9107           0.00271387    0.01707956
  9108           0.00301219    0.01932683
  9109           0.00463181    0.03109303
  9110           0.00290184    0.01850097
  9111           0.00233388    0.01413451
  9112           0.00632768    0.04309671
  9113           0.00238679    0.01455295
  9114           0.00304150    0.01954599
  9115           0.00125558    0.00781516
  9116           0.00183164    0.00997765
  9117           0.00250053    0.01543981
  9118           0.00663330    0.04524514
  9119           0.00228927    0.01378188
  9120           0.00295756    0.01891891
  9121           0.00198251    0.01127461
  9122           0.00516701    0.03490074
  9123           0.00275307    0.01737763
  9124           0.00287200    0.01827577
  9125           0.00600695    0.04083830
  9126           0.00248998    0.01535894
  9127           0.00308840    0.01989507
  9128           0.00153227    0.00781486
  9129           0.00212920    0.01249061
  9130           0.00571230    0.03875964
  9131           0.00258435    0.01608846
  9132           0.00307930    0.01982720
  9133           0.00302495    0.01942297
  9134           0.00307213    0.01977377
  9135           0.00330183    0.02147534
  9136           0.00309120    0.01991582
  9137           0.00219210    0.01300203
  9138           0.00278753    0.01763800
  9139           0.00639977    0.04360373
  9140           0.00236368    0.01437102
  9141           0.00302462    0.01942011
  9142           0.00140804    0.00781486
  9143           0.00260732    0.01626473
  9144           0.00298043    0.01908946
  9145           0.00506767    0.03419563
  9146           0.00278233    0.01759941
  9147           0.00280025    0.01773426
  9148           0.00635394    0.04328132
  9149           0.00237837    0.01448667
  9150           0.00303559    0.01950187
  9151           0.00130694    0.00781515
  9152           0.00210047    0.01225578
  9153           0.00272705    0.01717908
  9154           0.00656526    0.04476702
  9155           0.00231086    0.01395337
  9156           0.00297886    0.01907827
  9157           0.00181764    0.00985377
  9158           0.00448739    0.03006104
  9159           0.00293735    0.01876742
  9160           0.00212258    0.01243649
  9161           0.00568923    0.03859668
  9162           0.00259168    0.01614483
  9163           0.00307600    0.01980255
  9164           0.00316031    0.02042959
  9165           0.00308503    0.01986983
  9166           0.00273949    0.01727431
  9167           0.00301890    0.01937690
  9168           0.00452424    0.03032453
  9169           0.00292853    0.01870122
  9170           0.00217906    0.01289603
  9171           0.00588049    0.03994653
  9172           0.00253062    0.01567387
  9173           0.00309158    0.01991861
  9174           0.00209844    0.01223914
  9175           0.00272563    0.01716824
  9176           0.00656821    0.04478767
  9177           0.00230992    0.01394592
  9178           0.00297797    0.01907155
  9179           0.00182494    0.00991814
  9180           0.00451861    0.03028425
  9181           0.00292988    0.01871139
  9182           0.00217054    0.01282700
  9183           0.00585247    0.03974886
  9184           0.00253960    0.01574327
  9185           0.00309091    0.01991356
  9186           0.00224257    0.01340810
  9187           0.00281774    0.01786645
  9188           0.00628385    0.04278808
  9189           0.00240088    0.01466341
  9190           0.00305075    0.01961477
  9191           0.00118536    0.00781514
  9192           0.00144616    0.00781485
  9193           0.00198737    0.01131546
  9194           0.00518609    0.03503594
  9195           0.00274739    0.01733442
  9196           0.00288443    0.01836927
  9197           0.00592895    0.04028826
  9198           0.00251506    0.01555342
  9199           0.00309154    0.01991825
  9200           0.00186301    0.01025208
  9201           0.00253129    0.01567798
  9202           0.00666280    0.04545210
  9203           0.00227994    0.01370748
  9204           0.00294793    0.01884662
  9205           0.00205120    0.01184866
  9206           0.00543074    0.03676909
  9207           0.00267287    0.01676697
  9208           0.00300830    0.01929764
  9209           0.00469127    0.03151708
  9210           0.00288655    0.01838585
  9211           0.00241275    0.01475532
  9212           0.00649983    0.04430699
  9213           0.00233169    0.01411835
  9214           0.00299804    0.01922151
  9215           0.00165376    0.00835691
  9216           0.00376365    0.02485018
  9217           0.00306815    0.01974430
  9218           0.00113390    0.00781484
  9219           0.00114873    0.00781513
  9220           0.00123586    0.00781484
  9221           0.00151846    0.00781513
  9222           0.00313782    0.02026271
  9223           0.00308338    0.01985753
  9224           0.00283091    0.01796672
  9225           0.00304013    0.01953528
  9226           0.00413472    0.02753115
  9227           0.00301242    0.01932897
  9228           0.00152258    0.00781484
  9229           0.00315722    0.02040657
  9230           0.00308482    0.01986825
  9231           0.00275204    0.01736964
  9232           0.00302207    0.01940055
  9233           0.00447123    0.02994538
  9234           0.00294118    0.01879610
  9235           0.00209728    0.01222905
  9236           0.00559962    0.03796351
  9237           0.00262005    0.01636274
  9238           0.00305911    0.01967675
  9239           0.00369424    0.02434604
  9240           0.00307529    0.01979751
  9241           0.00117812    0.00781512
  9242           0.00133246    0.00781484
  9243           0.00223084    0.01331399
  9244           0.00281091    0.01781484
  9245           0.00631229    0.04298824
  9246           0.00239175    0.01459180
  9247           0.00304485    0.01957087
  9248           0.00122842    0.00781484
  9249           0.00168532    0.00865409
  9250           0.00233860    0.01417180
  9251           0.00633923    0.04317777
  9252           0.00238310    0.01452385
  9253           0.00303894    0.01952687
  9254           0.00127744    0.00781484
  9255           0.00194716    0.01097580
  9256           0.00260777    0.01626749
  9257           0.00668976    0.04564154
  9258           0.00227144    0.01363970
  9259           0.00293893    0.01877925
  9260           0.00211222    0.01235162
  9261           0.00565282    0.03833941
  9262           0.00260324    0.01623365
  9263           0.00306993    0.01975733
  9264           0.00337617    0.02202209
  9265           0.00309171    0.01991958
  9266           0.00193013    0.01083075
  9267           0.00259297    0.01615375
  9268           0.00669018    0.04564446
  9269           0.00227130    0.01363860
  9270           0.00293879    0.01877814
  9271           0.00211316    0.01235936
  9272           0.00565616    0.03836296
  9273           0.00260218    0.01622548
  9274           0.00307053    0.01976178
  9275           0.00335628    0.02187587
  9276           0.00309175    0.01991984
  9277           0.00199811    0.01140618
  9278           0.00265013    0.01659216
  9279           0.00667168    0.04551448
  9280           0.00227714    0.01368515
  9281           0.00294499    0.01882458
  9282           0.00207150    0.01201663
  9283           0.00550599    0.03730145
  9284           0.00264945    0.01658794
  9285           0.00303416    0.01949067
  9286           0.00425308    0.02838183
  9287           0.00298929    0.01915618
  9288           0.00173030    0.00906910
  9289           0.00410670    0.02732941
  9290           0.00301755    0.01936723
  9291           0.00147457    0.00781510
  9292           0.00292929    0.01870710
  9293           0.00305847    0.01967193
  9294           0.00371122    0.02446943
  9295           0.00307365    0.01978530
  9296           0.00116260    0.00781483
  9297           0.00127381    0.00781510
  9298           0.00192813    0.01081367
  9299           0.00259122    0.01614022
  9300           0.00669006    0.04564354
  9301           0.00227134    0.01363894
  9302           0.00293883    0.01877848
  9303           0.00211288    0.01235699
  9304           0.00565515    0.03835579
  9305           0.00260250    0.01622796
  9306           0.00307035    0.01976043
  9307           0.00336231    0.02192022
  9308           0.00309175    0.01991986
  9309           0.00197731    0.01123116
  9310           0.00263318    0.01646239
  9311           0.00668203    0.04558715
  9312           0.00227387    0.01365910
  9313           0.00294153    0.01879867
  9314           0.00209491    0.01220954
  9315           0.00559112    0.03790326
  9316           0.00262274    0.01638325
  9317           0.00305716    0.01966214
  9318           0.00374523    0.02471637
  9319           0.00307016    0.01975929
  9320           0.00114069    0.00781482
  9321           0.00118100    0.00781510
  9322           0.00142143    0.00781482
  9323           0.00194255    0.01093620
  9324           0.00500782    0.03377032
  9325           0.00279965    0.01773047
  9326           0.00275115    0.01736208
  9327           0.00650909    0.04437203
  9328           0.00232875    0.01409510
  9329           0.00299542    0.01920197
  9330           0.00167704    0.00857627
  9331           0.00386886    0.02561258
  9332           0.00305522    0.01964812
  9333           0.00115879    0.00781509
  9334           0.00129403    0.00781482
  9335           0.00167265    0.00853508
  9336           0.00384907    0.02546933
  9337           0.00305784    0.01966768
  9338           0.00114650    0.00781482
  9339           0.00122291    0.00781509
  9340           0.00148023    0.00781482
  9341           0.00295635    0.01890993
  9342           0.00306274    0.01970384
  9343           0.00359496    0.02362311
  9344           0.00308341    0.01985798
  9345           0.00132731    0.00781509
  9346           0.00175065    0.00925426
  9347           0.00419646    0.02797516
  9348           0.00300065    0.01924117
  9349           0.00163053    0.00813520
  9350           0.00365796    0.02408207
  9351           0.00307855    0.01982189
  9352           0.00122137    0.00781482
  9353           0.00147556    0.00781509
  9354           0.00293405    0.01874282
  9355           0.00305925    0.01967790
  9356           0.00369082    0.02432117
  9357           0.00307562    0.01980008
  9358           0.00118164    0.00781482
  9359           0.00134509    0.00781508
  9360           0.00229468    0.01382404
  9361           0.00284678    0.01808566
  9362           0.00614788    0.04183110
  9363           0.00244464    0.01500596
  9364           0.00307404    0.01978831
  9365           0.00116586    0.00781508
  9366           0.00128650    0.00781482
  9367           0.00199457    0.01137642
  9368           0.00264728    0.01657042
  9369           0.00667381    0.04552961
  9370           0.00227648    0.01368003
  9371           0.00294429    0.01881956
  9372           0.00207629    0.01205625
  9373           0.00552362    0.03742624
  9374           0.00264395    0.01654598
  9375           0.00303946    0.01953037
  9376           0.00414871    0.02763184
  9377           0.00300981    0.01930965
  9378           0.00154683    0.00781481
  9379           0.00327110    0.02124866
  9380           0.00309047    0.01991045
  9381           0.00230629    0.01391635
  9382           0.00285296    0.01813226
  9383           0.00611542    0.04160246
  9384           0.00245509    0.01508746
  9385           0.00307828    0.01981986
  9386           0.00121700    0.00781481
  9387           0.00146219    0.00781507
  9388           0.00286995    0.01826105
  9389           0.00304796    0.01959376
  9390           0.00396690    0.02632151
  9391           0.00304104    0.01954263
  9392           0.00125958    0.00781481
  9393           0.00185289    0.01016380
  9394           0.00252152    0.01560236
  9395           0.00665458    0.04539457
  9396           0.00228256    0.01372844
  9397           0.00295066    0.01886722
  9398           0.00203223    0.01169096
  9399           0.00535930    0.03626344
  9400           0.00269493    0.01693542
  9401           0.00297866    0.01907616
  9402           0.00508929    0.03434908
  9403           0.00277602    0.01755172
  9404           0.00281689    0.01786000
  9405           0.00628759    0.04281441
  9406           0.00239969    0.01465418
  9407           0.00305000    0.01960934
  9408           0.00119042    0.00781481
  9409           0.00147474    0.00781507
  9410           0.00203673    0.01172845
  9411           0.00537637    0.03638426
  9412           0.00268968    0.01689538
  9413           0.00298621    0.01913262
  9414           0.00499628    0.03368843
  9415           0.00280296    0.01775561
  9416           0.00274117    0.01728628
  9417           0.00653390    0.04454652
  9418           0.00232085    0.01403260
  9419           0.00298824    0.01914837
  9420           0.00173941    0.00915214
  9421           0.00414695    0.02761912
  9422           0.00301014    0.01931202
  9423           0.00154378    0.00781506
  9424           0.00325679    0.02114308
  9425           0.00309002    0.01990696
  9426           0.00236039    0.01434433
  9427           0.00288042    0.01833905
  9428           0.00595493    0.04047140
  9429           0.00250673    0.01548890
  9430           0.00309092    0.01991370
  9431           0.00174551    0.00920800
  9432           0.00240914    0.01472701
  9433           0.00649302    0.04425911
  9434           0.00233388    0.01413576
  9435           0.00299998    0.01923607
  9436           0.00163656    0.00819299
  9437           0.00368546    0.02428214
  9438           0.00307611    0.01980366
  9439           0.00118735    0.00781506
  9440           0.00136521    0.00781480
  9441           0.00239557    0.01462113
  9442           0.00289714    0.01846481
  9443           0.00584287    0.03968108
  9444           0.00254269    0.01576719
  9445           0.00309057    0.01991108
  9446           0.00229325    0.01381257
  9447           0.00284600    0.01807975
  9448           0.00615181    0.04185858
  9449           0.00244337    0.01499597
  9450           0.00307348    0.01978408
  9451           0.00116118    0.00781506
  9452           0.00126815    0.00781480
  9453           0.00189829    0.01055756
  9454           0.00256440    0.01593362
  9455           0.00668316    0.04559510
  9456           0.00227353    0.01365638
  9457           0.00294116    0.01879597
  9458           0.00209743    0.01223020
  9459           0.00560017    0.03796727
  9460           0.00261989    0.01636147
  9461           0.00305924    0.01967768
  9462           0.00369103    0.02432260
  9463           0.00307560    0.01979978
  9464           0.00118141    0.00781480
  9465           0.00134429    0.00781505
  9466           0.00229063    0.01379177
  9467           0.00284459    0.01806912
  9468           0.00615899    0.04190912
  9469           0.00244106    0.01497791
  9470           0.00307246    0.01977645
  9471           0.00115349    0.00781505
  9472           0.00123687    0.00781480
  9473           0.00173115    0.00907710
  9474           0.00239284    0.01459906
  9475           0.00646067    0.04403167
  9476           0.00234421    0.01421743
  9477           0.00300888    0.01930255
  9478           0.00155549    0.00781480
  9479           0.00331153    0.02154660
  9480           0.00309139    0.01991714
  9481           0.00215681    0.01271596
  9482           0.00276513    0.01746815
  9483           0.00647080    0.04410291
  9484           0.00234098    0.01419184
  9485           0.00300613    0.01928200
  9486           0.00158079    0.00781479
  9487           0.00342917    0.02241094
  9488           0.00309101    0.01991435
  9489           0.00175784    0.00931971
  9490           0.00242289    0.01483464
  9491           0.00651869    0.04443954
  9492           0.00232570    0.01407096
  9493           0.00299267    0.01918145
  9494           0.00170120    0.00880126
  9495           0.00397724    0.02639600
  9496           0.00303943    0.01953048
  9497           0.00127330    0.00781504
  9498           0.00192541    0.01079027
  9499           0.00258881    0.01612164
  9500           0.00668984    0.04564191
  9501           0.00227142    0.01363956
  9502           0.00293892    0.01877910
  9503           0.00211237    0.01235281
  9504           0.00565338    0.03834322
  9505           0.00260307    0.01623231
  9506           0.00307004    0.01975809
  9507           0.00337290    0.02199792
  9508           0.00309173    0.01991970
  9509           0.00194124    0.01092534
  9510           0.00260267    0.01622816
  9511           0.00669027    0.04564488
  9512           0.00227128    0.01363843
  9513           0.00293877    0.01877795
  9514           0.00211334    0.01236072
  9515           0.00565680    0.03836726
  9516           0.00260199    0.01622397
  9517           0.00307065    0.01976261
  9518           0.00335258    0.02184859
  9519           0.00309175    0.01991979
  9520           0.00201095    0.01151368
  9521           0.00266036    0.01667034
  9522           0.00666336    0.04545580
  9523           0.00227978    0.01370615
  9524           0.00294776    0.01884530
  9525           0.00205246    0.01185900
  9526           0.00543547    0.03680233
  9527           0.00267142    0.01675583
  9528           0.00301009    0.01931093
  9529           0.00466434    0.03132479
  9530           0.00289353    0.01843830
  9531           0.00237763    0.01447947
  9532           0.00642868    0.04380651
  9533           0.00235444    0.01429800
  9534           0.00301732    0.01936540
  9535           0.00147678    0.00781503
  9536           0.00293987    0.01878628
  9537           0.00306018    0.01968457
  9538           0.00366576    0.02413868
  9539           0.00307788    0.01981664
  9540           0.00121093    0.00781479
  9541           0.00144323    0.00781503
  9542           0.00277858    0.01757079
  9543           0.00302851    0.01944844
  9544           0.00435860    0.02913869
  9545           0.00296686    0.01898833
  9546           0.00191291    0.01068276
  9547           0.00488722    0.03291269
  9548           0.00283376    0.01798810
  9549           0.00263817    0.01650052
  9550           0.00667946    0.04556884
  9551           0.00227469    0.01366556
  9552           0.00294240    0.01880509
  9553           0.00208911    0.01216173
  9554           0.00557020    0.03775521
  9555           0.00262933    0.01643371
  9556           0.00305211    0.01962437
  9557           0.00387058    0.02562484
  9558           0.00305499    0.01964630
  9559           0.00116000    0.00781502
  9560           0.00130104    0.00781478
  9561           0.00168960    0.00869349
  9562           0.00392529    0.02602061
  9563           0.00304730    0.01958903
  9564           0.00120967    0.00781478
  9565           0.00158231    0.00781502
  9566           0.00220298    0.01308914
  9567           0.00595749    0.04048917
  9568           0.00250591    0.01548241
  9569           0.00309083    0.01991293
  9570           0.00173430    0.00910587
  9571           0.00239644    0.01462730
  9572           0.00646799    0.04408287
  9573           0.00234187    0.01419884
  9574           0.00300689    0.01928760
  9575           0.00157375    0.00781502
  9576           0.00339654    0.02217147
  9577           0.00309155    0.01991824
  9578           0.00186235    0.01024623
  9579           0.00253067    0.01567299
  9580           0.00666236    0.04544870
  9581           0.00228010    0.01370864
  9582           0.00294809    0.01884773
  9583           0.00205017    0.01183998
  9584           0.00542691    0.03674171
  9585           0.00267408    0.01677605
  9586           0.00300685    0.01928667
  9587           0.00471323    0.03167342
  9588           0.00288082    0.01834268
  9589           0.00244064    0.01497333
  9590           0.00654956    0.04465614
  9591           0.00231587    0.01399292
  9592           0.00298360    0.01911348
  9593           0.00177859    0.00950602
  9594           0.00431868    0.02885235
  9595           0.00297554    0.01905320
  9596           0.00184467    0.01009134
  9597           0.00460258    0.03088383
  9598           0.00290923    0.01855621
  9599           0.00229333    0.01381260
  9600           0.00622316    0.04236051
  9601           0.00242040    0.01481627
  9602           0.00306220    0.01969985
  9603           0.00113312    0.00781501
  9604           0.00114608    0.00781478
  9605           0.00120517    0.00781501
  9606           0.00155732    0.00781478
  9607           0.00216684    0.01279677
  9608           0.00584022    0.03966200
  9609           0.00254354    0.01577357
  9610           0.00309046    0.01991005
  9611           0.00230729    0.01392411
  9612           0.00285348    0.01813598
  9613           0.00611257    0.04158181
  9614           0.00245600    0.01509436
  9615           0.00307863    0.01982212
  9616           0.00122255    0.00781477
  9617           0.00147911    0.00781501
  9618           0.00295098    0.01886948
  9619           0.00306192    0.01969751
  9620           0.00361804    0.02379111
  9621           0.00308175    0.01984543
  9622           0.00128417    0.00781477
  9623           0.00164824    0.00830431
  9624           0.00373859    0.02466801
  9625           0.00307087    0.01976452
  9626           0.00114402    0.00781477
  9627           0.00119605    0.00781501
  9628           0.00150637    0.00781477
  9629           0.00208865    0.01215794
  9630           0.00556856    0.03774362
  9631           0.00262985    0.01643776
  9632           0.00305170    0.01962137
  9633           0.00388046    0.02569635
  9634           0.00305366    0.01963638
  9635           0.00116742    0.00781500
  9636           0.00134377    0.00781477
  9637           0.00178701    0.00958136
  9638           0.00435528    0.02911481
  9639           0.00296760    0.01899387
  9640           0.00190727    0.01063429
  9641           0.00486406    0.03274787
  9642           0.00284018    0.01803658
  9643           0.00261427    0.01631717
  9644           0.00668870    0.04563368
  9645           0.00227178    0.01364237
  9646           0.00293930    0.01878190
  9647           0.00210983    0.01233190
  9648           0.00564440    0.03827949
  9649           0.00260592    0.01625412
  9650           0.00306838    0.01974564
  9651           0.00342650    0.02239117
  9652           0.00309106    0.01991462
  9653           0.00176621    0.00939511
  9654           0.00243209    0.01490644
  9655           0.00653502    0.04455394
  9656           0.00232050    0.01402968
  9657           0.00298791    0.01914576
  9658           0.00174221    0.00917746
  9659           0.00415927    0.02770744
  9660           0.00300782    0.01929451
  9661           0.00156524    0.00781500
  9662           0.00335698    0.02188078
  9663           0.00309176    0.01991980
  9664           0.00199574    0.01138612
  9665           0.00264823    0.01657742
  9666           0.00667313    0.04552424
  9667           0.00227670    0.01368153
  9668           0.00294452    0.01882096
  9669           0.00207476    0.01204342
  9670           0.00551799    0.03738591
  9671           0.00264572    0.01655922
  9672           0.00303780    0.01951769
  9673           0.00418214    0.02787187
  9674           0.00300344    0.01926174
  9675           0.00160533    0.00789129
  9676           0.00354246    0.02323973
  9677           0.00308666    0.01988189
  9678           0.00144245    0.00781476
  9679           0.00198075    0.01125953
  9680           0.00516010    0.03485117
  9681           0.00275515    0.01739315
  9682           0.00286739    0.01824076
  9683           0.00603452    0.04103190
  9684           0.00248114    0.01528999
  9685           0.00308646    0.01988037
  9686           0.00143376    0.00781476
  9687           0.00196514    0.01112766
  9688           0.00509828    0.03441246
  9689           0.00277339    0.01753151
  9690           0.00282364    0.01791075
  9691           0.00625839    0.04260840
  9692           0.00240908    0.01472756
  9693           0.00305576    0.01965191
  9694           0.00115610    0.00781476
  9695           0.00127845    0.00781499
  9696           0.00163381    0.00816648
  9697           0.00367289    0.02419039
  9698           0.00307726    0.01981196
  9699           0.00120195    0.00781499
  9700           0.00141440    0.00781476
  9701           0.00263843    0.01650308
  9702           0.00299038    0.01916355
  9703           0.00494280    0.03330788
  9704           0.00281818    0.01787044
  9705           0.00269262    0.01691655
  9706           0.00662584    0.04519198
  9707           0.00229166    0.01380064
  9708           0.00295998    0.01893677
  9709           0.00196481    0.01112487
  9710           0.00509698    0.03440314
  9711           0.00277378    0.01753440
  9712           0.00282266    0.01790336
  9713           0.00626269    0.04263865
  9714           0.00240769    0.01471670
  9715           0.00305493    0.01964575
  9716           0.00116035    0.00781476
  9717           0.00130304    0.00781498
  9718           0.00169440    0.00873806
  9719           0.00394680    0.02617590
  9720           0.00304411    0.01956516
  9721           0.00123434    0.00781498
  9722           0.00171745    0.00895141
  9723           0.00237698    0.01447426
  9724           0.00642730    0.04379662
  9725           0.00235488    0.01430150
  9726           0.00301768    0.01936805
  9727           0.00147343    0.00781498
  9728           0.00292382    0.01866575
  9729           0.00305757    0.01966509
  9730           0.00373487    0.02464090
  9731           0.00307126    0.01976737
  9732           0.00114609    0.00781476
  9733           0.00120520    0.00781498
  9734           0.00155743    0.00781476
  9735           0.00216701    0.01279806
  9736           0.00584079    0.03966596
  9737           0.00254336    0.01577222
  9738           0.00309049    0.01991027
  9739           0.00230432    0.01390042
  9740           0.00285192    0.01812411
  9741           0.00612101    0.04164120
  9742           0.00245329    0.01507322
  9743           0.00307759    0.01981443
  9744           0.00120664    0.00781475
  9745           0.00142958    0.00781498
  9746           0.00271240    0.01706795
  9747           0.00301181    0.01932371
  9748           0.00463809    0.03113731
  9749           0.00290026    0.01848885
  9750           0.00234244    0.01420186
  9751           0.00634850    0.04324237
  9752           0.00238014    0.01450040
  9753           0.00303686    0.01951110
  9754           0.00129580    0.00781475
  9755           0.00204287    0.01177975
  9756           0.00268506    0.01685887
  9757           0.00663623    0.04526489
  9758           0.00228837    0.01377446
  9759           0.00295664    0.01891171
  9760           0.00198938    0.01133209
  9761           0.00519397    0.03509127
  9762           0.00274506    0.01731649
  9763           0.00288945    0.01840667
  9764           0.00589591    0.04005468
  9765           0.00252569    0.01563550
  9766           0.00309175    0.01991956
  9767           0.00202155    0.01160216
  9768           0.00266868    0.01673375
  9769           0.00665535    0.04539911
  9770           0.00228232    0.01372622
  9771           0.00295040    0.01886493
  9772           0.00203401    0.01170554
  9773           0.00536602    0.03631037
  9774           0.00269287    0.01691933
  9775           0.00298167    0.01909827
  9776           0.00505282    0.03408948
  9777           0.00278666    0.01763189
  9778           0.00278849    0.01764487
  9779           0.00639655    0.04358013
  9780           0.00236473    0.01437899
  9781           0.00302544    0.01942579
  9782           0.00140054    0.00781475
  9783           0.00257049    0.01598098
  9784           0.00296797    0.01899570
  9785           0.00521270    0.03522398
  9786           0.00273944    0.01727376
  9787           0.00290108    0.01849403
  9788           0.00581477    0.03948206
  9789           0.00255168    0.01583632
  9790           0.00308918    0.01990031
  9791           0.00244431    0.01500242
  9792           0.00291889    0.01862780
  9793           0.00567859    0.03852070
  9794           0.00259508    0.01617061
  9795           0.00307434    0.01978982
  9796           0.00322326    0.02089497
  9797           0.00308867    0.01989648
  9798           0.00248955    0.01535471
  9799           0.00293765    0.01876854
  9800           0.00551773    0.03738378
  9801           0.00264580    0.01655966
  9802           0.00303772    0.01951692
  9803           0.00418364    0.02788247
  9804           0.00300315    0.01925936
  9805           0.00160799    0.00791704
  9806           0.00355464    0.02332847
  9807           0.00308597    0.01987659
  9808           0.00141376    0.00781475
  9809           0.00192821    0.01081365
  9810           0.00494972    0.03335679
  9811           0.00281623    0.01785547
  9812           0.00269911    0.01696589
  9813           0.00661610    0.04512318
  9814           0.00229474    0.01382502
  9815           0.00296309    0.01895984
  9816           0.00194158    0.01092768
  9817           0.00500388    0.03374172
  9818           0.00280079    0.01773871
  9819           0.00274777    0.01733602
  9820           0.00651775    0.04443209
  9821           0.00232600    0.01407301
  9822           0.00299294    0.01918305
  9823           0.00169885    0.00877930
  9824           0.00396671    0.02631945
  9825           0.00304107    0.01954227
  9826           0.00125934    0.00781474
  9827           0.00185154    0.01015175
  9828           0.00252020    0.01559175
  9829           0.00665334    0.04538470
  9830           0.00228295    0.01373115
  9831           0.00295106    0.01886971
  9832           0.00202936    0.01166677
  9833           0.00534836    0.03618511
  9834           0.00269829    0.01696049
  9835           0.00297366    0.01903826
  9836           0.00514805    0.03476525
  9837           0.00275872    0.01741998
  9838           0.00285922    0.01817899
  9839           0.00608116    0.04136008
  9840           0.00246612    0.01517290
  9841           0.00308217    0.01984818
  9842           0.00129421    0.00781474
  9843           0.00167307    0.00853881
  9844           0.00385095    0.02548237
  9845           0.00305760    0.01966542
  9846           0.00114754    0.00781474
  9847           0.00122888    0.00781495
  9848           0.00149802    0.00781474
  9849           0.00304104    0.01954240
  9850           0.00307406    0.01978767
  9851           0.00323379    0.02097277
  9852           0.00308914    0.01989994
  9853           0.00244866    0.01503631
  9854           0.00292075    0.01864173
  9855           0.00566348    0.03841387
  9856           0.00259987    0.01620743
  9857           0.00307183    0.01977103
  9858           0.00331285    0.02155584
  9859           0.00309141    0.01991685
  9860           0.00215205    0.01267697
  9861           0.00276203    0.01744423
  9862           0.00647970    0.04416455
  9863           0.00233814    0.01416908
  9864           0.00300369    0.01926335
  9865           0.00160309    0.00786924
  9866           0.00353210    0.02316377
  9867           0.00308721    0.01988573
  9868           0.00146775    0.00781474
  9869           0.00202488    0.01162941
  9870           0.00533130    0.03606429
  9871           0.00270351    0.01700036
  9872           0.00296563    0.01897808
  9873           0.00523854    0.03540696
  9874           0.00273168    0.01721466
  9875           0.00291646    0.01860948
  9876           0.00569809    0.03865820
  9877           0.00258889    0.01612296
  9878           0.00307733    0.01981198
  9879           0.00310835    0.02004339
  9880           0.00308094    0.01983890
  9881           0.00295212    0.01887776
  9882           0.00306210    0.01969855
  9883           0.00361316    0.02375521
  9884           0.00308212    0.01984787
  9885           0.00129290    0.00781494
  9886           0.00166987    0.00850863
  9887           0.00383648    0.02537758
  9888           0.00305948    0.01967942
  9889           0.00114040    0.00781494
  9890           0.00118757    0.00781473
  9891           0.00136594    0.00781494
  9892           0.00239915    0.01464892
  9893           0.00289880    0.01847686
  9894           0.00583117    0.03959771
  9895           0.00254644    0.01579584
  9896           0.00309007    0.01990687
  9897           0.00235564    0.01430653
  9898           0.00287810    0.01832116
  9899           0.00596964    0.04057425
  9900           0.00250201    0.01545192
  9901           0.00309038    0.01990927
  9902           0.00168204    0.00862313
  9903           0.00233458    0.01413961
  9904           0.00632945    0.04310798
  9905           0.00238625    0.01454828
  9906           0.00304113    0.01954275
  9907           0.00125883    0.00781494
  9908           0.00184888    0.01012843
  9909           0.00251760    0.01557159
  9910           0.00665095    0.04536790
  9911           0.00228371    0.01373721
  9912           0.00295185    0.01887561
  9913           0.00202382    0.01162050
  9914           0.00532723    0.03603542
  9915           0.00270476    0.01700981
  9916           0.00296366    0.01896336
  9917           0.00525987    0.03555812
  9918           0.00272524    0.01716568
  9919           0.00292860    0.01870056
  9920           0.00559774    0.03794926
  9921           0.00262066    0.01636696
  9922           0.00305869    0.01967314
  9923           0.00370558    0.02442783
  9924           0.00307421    0.01978901
  9925           0.00116744    0.00781493
  9926           0.00129259    0.00781473
  9927           0.00202617    0.01164062
  9928           0.00267227    0.01676102
  9929           0.00665154    0.04537195
  9930           0.00228352    0.01373569
  9931           0.00295166    0.01887411
  9932           0.00202519    0.01163191
  9933           0.00533246    0.03607237
  9934           0.00270316    0.01699759
  9935           0.00296618    0.01898218
  9936           0.00523245    0.03536366
  9937           0.00273351    0.01722854
  9938           0.00291290    0.01858270
  9939           0.00572609    0.03885582
  9940           0.00257998    0.01605436
  9941           0.00308110    0.01983998
  9942           0.00294480    0.01882285
  9943           0.00306096    0.01969001
  9944           0.00364460    0.02398415
  9945           0.00307967    0.01982960
  9946           0.00124067    0.00781473
  9947           0.00153224    0.00781493
  9948           0.00320265    0.02074247
  9949           0.00308765    0.01988875
  9950           0.00257039    0.01598008
  9951           0.00296794    0.01899531
  9952           0.00521312    0.03522663
  9953           0.00273932    0.01727272
  9954           0.00290133    0.01849577
  9955           0.00581298    0.03946913
  9956           0.00255226    0.01584065
  9957           0.00308908    0.01989939
  9958           0.00245410    0.01507866
  9959           0.00292306    0.01865898
  9960           0.00564446    0.03827929
  9961           0.00260590    0.01625364
  9962           0.00306839    0.01974535
  9963           0.00342609    0.02238782
  9964           0.00309107    0.01991431
  9965           0.00176748    0.00940636
  9966           0.00243347    0.01491699
  9967           0.00653741    0.04456994
  9968           0.00231974    0.01402339
  9969           0.00298721    0.01914015
  9970           0.00174819    0.00923167
  9971           0.00418563    0.02789651
  9972           0.00300277    0.01925637
  9973           0.00161147    0.00795084
  9974           0.00357065    0.02344511
  9975           0.00308501    0.01986930
  9976           0.00137783    0.00781472
  9977           0.00185825    0.01020983
  9978           0.00465997    0.03129296
  9979           0.00289467    0.01844646
  9980           0.00237183    0.01443351
  9981           0.00641607    0.04371698
  9982           0.00235848    0.01432961
  9983           0.00302056    0.01938919
  9984           0.00144643    0.00781472
  9985           0.00279399    0.01768703
  9986           0.00303208    0.01947465
  9987           0.00429296    0.02866734
  9988           0.00298102    0.01909387
  9989           0.00180009    0.00969777
  9990           0.00441187    0.02951966
  9991           0.00295493    0.01889864
  9992           0.00200176    0.01143597
  9993           0.00524227    0.03543325
  9994           0.00273055    0.01720605
  9995           0.00291862    0.01862561
  9996           0.00568080    0.03853592
  9997           0.00259438    0.01616512
  9998           0.00307470    0.01979231
  9999           0.00321025    0.02079864
 10000           0.00308804    0.01989165
 10001           0.00254045    0.01574895
 10002           0.00295719    0.01891480
 10003           0.00532828    0.03604264
 10004           0.00270444    0.01700730
 10005           0.00296417    0.01896706
 10006           0.00525441    0.03551923
 10007           0.00272689    0.01717815
 10008           0.00292554    0.01867751
 10009           0.00562377    0.03813300
 10010           0.00261244    0.01630384
 10011           0.00306432    0.01971497
 10012           0.00354971    0.02329221
 10013           0.00308626    0.01987849
 10014           0.00142524    0.00781472
 10015           0.00194958    0.01099554
 10016           0.00503607    0.03397010
 10017           0.00279152    0.01766843
 10018           0.00277490    0.01754166
 10019           0.00644137    0.04389474
 10020           0.00235039    0.01426570
 10021           0.00301402    0.01934033
 10022           0.00150775    0.00781472
 10023           0.00308717    0.01988573
 10024           0.00307897    0.01982409
 10025           0.00304011    0.01953529
 10026           0.00307395    0.01978672
 10027           0.00323774    0.02100174
 10028           0.00308930    0.01990102
 10029           0.00243343    0.01491720
 10030           0.00291418    0.01859219
 10031           0.00571618    0.03878568
 10032           0.00258315    0.01607863
 10033           0.00307984    0.01983052
 10034           0.00300250    0.01925455
 10035           0.00306929    0.01975198
 10036           0.00339748    0.02217784
 10037           0.00309154    0.01991773
 10038           0.00185930    0.01021933
 10039           0.00252772    0.01564985
 10040           0.00665996    0.04543083
 10041           0.00228086    0.01371441
 10042           0.00294889    0.01885328
 10043           0.00204465    0.01179385
 10044           0.00540620    0.03659428
 10045           0.00268049    0.01682463
 10046           0.00299871    0.01922535
 10047           0.00483053    0.03250836
 10048           0.00284940    0.01810557
 10049           0.00257836    0.01604072
 10050           0.00668787    0.04562675
 10051           0.00227205    0.01364407
 10052           0.00293958    0.01878347
 10053           0.00210799    0.01231651
 10054           0.00563785    0.03823232
 10055           0.00260799    0.01626958
 10056           0.00306713    0.01973579
 10057           0.00346555    0.02267678
 10058           0.00309002    0.01990634
 10059           0.00164791    0.00830127
 10060           0.00229166    0.01379896
 10061           0.00621865    0.04232777
 10062           0.00242186    0.01482733
 10063           0.00306299    0.01970527
 10064           0.00113182    0.00781471
 10065           0.00113876    0.00781490
 10066           0.00117199    0.00781471
 10067           0.00136992    0.00781490
 10068           0.00184215    0.01006901
 10069           0.00459189    0.03080686
 10070           0.00291192    0.01857594
 10071           0.00227823    0.01369197
 10072           0.00618174    0.04206800
 10073           0.00243374    0.01492024
 10074           0.00306905    0.01975043
 10075           0.00113644    0.00781490
 10076           0.00116102    0.00781471
 10077           0.00130687    0.00781490
 10078           0.00170348    0.00882202
 10079           0.00398738    0.02646846
 10080           0.00303784    0.01951801
 10081           0.00128721    0.00781490
 10082           0.00199819    0.01140640
 10083           0.00265020    0.01659213
 10084           0.00667172    0.04551334
 10085           0.00227715    0.01368481
 10086           0.00294500    0.01882411
 10087           0.00207155    0.01201658
 10088           0.00550618    0.03730160
 10089           0.00264942    0.01658716
 10090           0.00303423    0.01949060
 10091           0.00425213    0.02837415
 10092           0.00298950    0.01915720
 10093           0.00172864    0.00905344
 10094           0.00409928    0.02727511
 10095           0.00301890    0.01937676
 10096           0.00146201    0.00781471
 10097           0.00286904    0.01825359
 10098           0.00304779    0.01959176
 10099           0.00397082    0.02634887
 10100           0.00304044    0.01953741
 10101           0.00126473    0.00781489
 10102           0.00188013    0.01040034
 10103           0.00254756    0.01580313
 10104           0.00667441    0.04553223
 10105           0.00227630    0.01367804
 10106           0.00294410    0.01881739
 10107           0.00207766    0.01206704
 10108           0.00552858    0.03746004
 10109           0.00264240    0.01653349
 10110           0.00304091    0.01954040
 10111           0.00411920    0.02741853
 10112           0.00301529    0.01934981
 10113           0.00149587    0.00781489
 10114           0.00303081    0.01946591
 10115           0.00307286    0.01977853
 10116           0.00327711    0.02129222
 10117           0.00309065    0.01991102
 10118           0.00228378    0.01373672
 10119           0.00284088    0.01804050
 10120           0.00617768    0.04203942
 10121           0.00243505    0.01493051
 10122           0.00306968    0.01975515
 10123           0.00113868    0.00781489
 10124           0.00117162    0.00781471
 10125           0.00136779    0.00781489
 10126           0.00183777    0.01003060
 10127           0.00457331    0.03067415
 10128           0.00291654    0.01861069
 10129           0.00225159    0.01347918
 10130           0.00610565    0.04153218
 10131           0.00245824    0.01511149
 10132           0.00307946    0.01982792
 10133           0.00123671    0.00781489
 10134           0.00152088    0.00781470
 10135           0.00314919    0.02034632
 10136           0.00308426    0.01986348
 10137           0.00278470    0.01761660
 10138           0.00302994    0.01945870
 10139           0.00433263    0.02895176
 10140           0.00297255    0.01903043
 10141           0.00186865    0.01030025
 10142           0.00470366    0.03160441
 10143           0.00288335    0.01836127
 10144           0.00242856    0.01487850
 10145           0.00652885    0.04450961
 10146           0.00232247    0.01404497
 10147           0.00298973    0.01915889
 10148           0.00172673    0.00903596
 10149           0.00409083    0.02721424
 10150           0.00302041    0.01938806
 10151           0.00144782    0.00781488
 10152           0.00280068    0.01773756
 10153           0.00303359    0.01948590
 10154           0.00426440    0.02846221
 10155           0.00298699    0.01913842
 10156           0.00175017    0.00924951
 10157           0.00419432    0.02795885
 10158           0.00300108    0.01924373
 10159           0.00162677    0.00809861
 10160           0.00364072    0.02395573
 10161           0.00308000    0.01983195
 10162           0.00124662    0.00781470
 10163           0.00154901    0.00781488
 10164           0.00328124    0.02132270
 10165           0.00309077    0.01991194
 10166           0.00226836    0.01361377
 10167           0.00283239    0.01797641
 10168           0.00621866    0.04232799
 10169           0.00242187    0.01482746
 10170           0.00306300    0.01970544
 10171           0.00113183    0.00781488
 10172           0.00113877    0.00781470
 10173           0.00117202    0.00781488
 10174           0.00137010    0.00781470
 10175           0.00184252    0.01007218
 10176           0.00459346    0.03081808
 10177           0.00291154    0.01857319
 10178           0.00228044    0.01370961
 10179           0.00618793    0.04211165
 10180           0.00243176    0.01490484
 10181           0.00306809    0.01974338
 10182           0.00113371    0.00781470
 10183           0.00114774    0.00781488
 10184           0.00123003    0.00781470
 10185           0.00150143    0.00781488
 10186           0.00305720    0.01966266
 10187           0.00307589    0.01980123
 10188           0.00316569    0.02046870
 10189           0.00308543    0.01987224
 10190           0.00271793    0.01710973
 10191           0.00301330    0.01933454
 10192           0.00461501    0.03097201
 10193           0.00290613    0.01853259
 10194           0.00231072    0.01395037
 10195           0.00626925    0.04268410
 10196           0.00240560    0.01470008
 10197           0.00305368    0.01963611
 10198           0.00116739    0.00781470
 10199           0.00134351    0.00781487
 10200           0.00178645    0.00957602
 10201           0.00435281    0.02909646
 10202           0.00296815    0.01899762
 10203           0.00190307    0.01059793
 10204           0.00484679    0.03262423
 10205           0.00284495    0.01807217
 10206           0.00259597    0.01617620
 10207           0.00669045    0.04564492
 10208           0.00227125    0.01363779
 10209           0.00293873    0.01877719
 10210           0.00211371    0.01236333
 10211           0.00565811    0.03837552
 10212           0.00260159    0.01622050
 10213           0.00307089    0.01976394
 10214           0.00334489    0.02179141
 10215           0.00309174    0.01991919
 10216           0.00203784    0.01173768
 10217           0.00268125    0.01682938
 10218           0.00664114    0.04529855
 10219           0.00228682    0.01376190
 10220           0.00295506    0.01889950
 10221           0.00200091    0.01142869
 10222           0.00523896    0.03540957
 10223           0.00273156    0.01721364
 10224           0.00291671    0.01861112
 10225           0.00569623    0.03864467
 10226           0.00258949    0.01612744
 10227           0.00307707    0.01980984
 10228           0.00311936    0.02012488
 10229           0.00308191    0.01984590
 10230           0.00290676    0.01853720
 10231           0.00305468    0.01964311
 10232           0.00380839    0.02517380
 10233           0.00306298    0.01970528
 10234           0.00113185    0.00781469
 10235           0.00113890    0.00781487
 10236           0.00117263    0.00781469
 10237           0.00137361    0.00781487
 10238           0.00184969    0.01013497
 10239           0.00462384    0.03103495
 10240           0.00290389    0.01851575
 10241           0.00232294    0.01404723
 10242           0.00630053    0.04290404
 10243           0.00239555    0.01462118
 10244           0.00304735    0.01958893
 10245           0.00120940    0.00781486
 10246           0.00158073    0.00781469
 10247           0.00220073    0.01307056
 10248           0.00595037    0.04043791
 10249           0.00250822    0.01549990
 10250           0.00309107    0.01991421
 10251           0.00176577    0.00939079
 10252           0.00243160    0.01490223
 10253           0.00653420    0.04454713
 10254           0.00232077    0.01403151
 10255           0.00298817    0.01914721
 10256           0.00174013    0.00915831
 10257           0.00415011    0.02764091
 10258           0.00300956    0.01930706
 10259           0.00154927    0.00781486
 10260           0.00328246    0.02133162
 10261           0.00309080    0.01991212
 10262           0.00226382    0.01357746
 10263           0.00282985    0.01795720
 10264           0.00623046    0.04241094
 10265           0.00241807    0.01479771
 10266           0.00306092    0.01968997
 10267           0.00113606    0.00781486
 10268           0.00116269    0.00781469
 10269           0.00127408    0.00781486
 10270           0.00192944    0.01082434
 10271           0.00259238    0.01614850
 10272           0.00669025    0.04564339
 10273           0.00227131    0.01363822
 10274           0.00293879    0.01877760
 10275           0.00211327    0.01235971
 10276           0.00565656    0.03836447
 10277           0.00260208    0.01622420
 10278           0.00307062    0.01976181
 10279           0.00335409    0.02185898
 10280           0.00309177    0.01991934
 10281           0.00200577    0.01146992
 10282           0.00265626    0.01663845
 10283           0.00666698    0.04547991
 10284           0.00227865    0.01369675
 10285           0.00294658    0.01883589
 10286           0.00206074    0.01192714
 10287           0.00546628    0.03701923
 10288           0.00266187    0.01668233
 10289           0.00302120    0.01939330
 10290           0.00448643    0.03005300
 10291           0.00293760    0.01876863
 10292           0.00212109    0.01242366
 10293           0.00568403    0.03855840
 10294           0.00259336    0.01615716
 10295           0.00307521    0.01979598
 10296           0.00319121    0.02065754
 10297           0.00308701    0.01988384
 10298           0.00261575    0.01632868
 10299           0.00298320    0.01910932
 10300           0.00503418    0.03395634
 10301           0.00279207    0.01767251
 10302           0.00277333    0.01752965
 10303           0.00644628    0.04392890
 10304           0.00234882    0.01425327
 10305           0.00301273    0.01933058
 10306           0.00151982    0.00781469
 10307           0.00314417    0.02030898
 10308           0.00308389    0.01986055
 10309           0.00280510    0.01777093
 10310           0.00303458    0.01949314
 10311           0.00424547    0.02832614
 10312           0.00299087    0.01916731
 10313           0.00171692    0.00894584
 10314           0.00404725    0.02690006
 10315           0.00302800    0.01944454
 10316           0.00137671    0.00781469
 10317           0.00245276    0.01506797
 10318           0.00292250    0.01865451
 10319           0.00564923    0.03831255
 10320           0.00260440    0.01624196
 10321           0.00306929    0.01975182
 10322           0.00339773    0.02217946
 10323           0.00309155    0.01991761
 10324           0.00185851    0.01021233
 10325           0.00252696    0.01564381
 10326           0.00665935    0.04542614
 10327           0.00228106    0.01371591
 10328           0.00294910    0.01885472
 10329           0.00204322    0.01178186
 10330           0.00540083    0.03655599
 10331           0.00268215    0.01683721
 10332           0.00299653    0.01920893
 10333           0.00486068    0.03272269
 10334           0.00284112    0.01804305
 10335           0.00261071    0.01628932
 10336           0.00668939    0.04563702
 10337           0.00227157    0.01364020
 10338           0.00293908    0.01877955
 10339           0.00211137    0.01234406
 10340           0.00564982    0.03831656
 10341           0.00260421    0.01624040
 10342           0.00306939    0.01975250
 10343           0.00339418    0.02215336
 10344           0.00309158    0.01991777
 10345           0.00187015    0.01031359
 10346           0.00253812    0.01573002
 10347           0.00666807    0.04548721
 10348           0.00227830    0.01369384
 10349           0.00294621    0.01883297
 10350           0.00206323    0.01194773
 10351           0.00547551    0.03708430
 10352           0.00265899    0.01666015
 10353           0.00302435    0.01941661
 10354           0.00443249    0.02966682
 10355           0.00295021    0.01886294
 10356           0.00203540    0.01171672
 10357           0.00537126    0.03634647
 10358           0.00269126    0.01690658
 10359           0.00298399    0.01911505
 10360           0.00502427    0.03388571
 10361           0.00279493    0.01769396
 10362           0.00276510    0.01746711
 10363           0.00647090    0.04410170
 10364           0.00234095    0.01419094
 10365           0.00300611    0.01928093
 10366           0.00158105    0.00781468
 10367           0.00343032    0.02241840
 10368           0.00309099    0.01991326
 10369           0.00175428    0.00928697
 10370           0.00241893    0.01480298
 10371           0.00651144    0.04438662
 10372           0.00232802    0.01408865
 10373           0.00299476    0.01919619
 10374           0.00168295    0.00863103
 10375           0.00389539    0.02580336
 10376           0.00305159    0.01962020
 10377           0.00118000    0.00781484
 10378           0.00141563    0.00781468
 10379           0.00193171    0.01084321
 10380           0.00496392    0.03345685
 10381           0.00281221    0.01782460
 10382           0.00271224    0.01706541
 10383           0.00659413    0.04496767
 10384           0.00230172    0.01388007
 10385           0.00297001    0.01901112
 10386           0.00188853    0.01047238
 10387           0.00478658    0.03219496
 10388           0.00286132    0.01819516
 10389           0.00252899    0.01565939
 10390           0.00666099    0.04543727
 10391           0.00228054    0.01371154
 10392           0.00294855    0.01885038
 10393           0.00204702    0.01181334
 10394           0.00541509    0.03665658
 10395           0.00267774    0.01680333
 10396           0.00300225    0.01925151
 10397           0.00478038    0.03215070
 10398           0.00286299    0.01820767
 10399           0.00252181    0.01560376
 10400           0.00665479    0.04539367
 10401           0.00228249    0.01372709
 10402           0.00295059    0.01886558
 10403           0.00203274    0.01169455
 10404           0.00536118    0.03627486
 10405           0.00269436    0.01693003
 10406           0.00297951    0.01908143
 10407           0.00507907    0.03427470
 10408           0.00277902    0.01757335
 10409           0.00280910    0.01780015
 10410           0.00631963    0.04303765
 10411           0.00238940    0.01457251
 10412           0.00304328    0.01955806
 10413           0.00124109    0.00781483
 10414           0.00175385    0.00928305
 10415           0.00241845    0.01479915
 10416           0.00651053    0.04437996
 10417           0.00232830    0.01409079
 10418           0.00299502    0.01919794
 10419           0.00168067    0.00860971
 10420           0.00388514    0.02572909
 10421           0.00305301    0.01963063
 10422           0.00117120    0.00781467
 10423           0.00136540    0.00781483
 10424           0.00183283    0.00998696
 10425           0.00455223    0.03052298
 10426           0.00292173    0.01864919
 10427           0.00222082    0.01323215
 10428           0.00601316    0.04087976
 10429           0.00248801    0.01534274
 10430           0.00308802    0.01989108
 10431           0.00150923    0.00781483
 10432           0.00209320    0.01219477
 10433           0.00558492    0.03785763
 10434           0.00262470    0.01639748
 10435           0.00305571    0.01965034
 10436           0.00378241    0.02498500
 10437           0.00306604    0.01972765
 10438           0.00113062    0.00781467
 10439           0.00113202    0.00781483
 10440           0.00113983    0.00781467
 10441           0.00117696    0.00781483
 10442           0.00139830    0.00781467
 10443           0.00189870    0.01056011
 10444           0.00482872    0.03249494
 10445           0.00284989    0.01810899
 10446           0.00257639    0.01602521
 10447           0.00668735    0.04562230
 10448           0.00227221    0.01364515
 10449           0.00293976    0.01878447
 10450           0.00210683    0.01230672
 10451           0.00563370    0.03820235
 10452           0.00260931    0.01627938
 10453           0.00306632    0.01972941
 10454           0.00349034    0.02285778
 10455           0.00308913    0.01989934
 10456           0.00157744    0.00781467
 10457           0.00219604    0.01303248
 10458           0.00593538    0.04033153
 10459           0.00251302    0.01553679
 10460           0.00309144    0.01991649
 10461           0.00183341    0.00999243
 10462           0.00250230    0.01545252
 10463           0.00663530    0.04525663
 10464           0.00228866    0.01377621
 10465           0.00295694    0.01891315
 10466           0.00198721    0.01131337
 10467           0.00518543    0.03502936
 10468           0.00274761    0.01733513
 10469           0.00288402    0.01836509
 10470           0.00593184    0.04030645
 10471           0.00251416    0.01554555
 10472           0.00309151    0.01991693
 10473           0.00184973    0.01013552
 10474           0.00251843    0.01557749
 10475           0.00665170    0.04537172
 10476           0.00228348    0.01373484
 10477           0.00295160    0.01887312
 10478           0.00202556    0.01163467
 10479           0.00533386    0.03608124
 10480           0.00270273    0.01699379
 10481           0.00296685    0.01898664
 10482           0.00522505    0.03531021
 10483           0.00273574    0.01724490
 10484           0.00290852    0.01854928
 10485           0.00575966    0.03909172
 10486           0.00256929    0.01597145
 10487           0.00308484    0.01986717
 10488           0.00275172    0.01736613
 10489           0.00302200    0.01939884
 10490           0.00447266    0.02995396
 10491           0.00294085    0.01879252
 10492           0.00209955    0.01224689
 10493           0.00560771    0.03801852
 10494           0.00261752    0.01634227
 10495           0.00306092    0.01968902
 10496           0.00364583    0.02399244
 10497           0.00307957    0.01982820
 10498           0.00123882    0.00781467
 10499           0.00152694    0.00781482
 10500           0.00317770    0.02055714
 10501           0.00308620    0.01987732
 10502           0.00266964    0.01674109
 10503           0.00299979    0.01923295
 10504           0.00481542    0.03240003
 10505           0.00285352    0.01813618
 10506           0.00256169    0.01591181
 10507           0.00668195    0.04558410
 10508           0.00227392    0.01365863
 10509           0.00294157    0.01879793
 10510           0.00209472    0.01220719
 10511           0.00559039    0.03789606
 10512           0.00262298    0.01638418
 10513           0.00305700    0.01965983
 10514           0.00374966    0.02474717
 10515           0.00306970    0.01975473
 10516           0.00113876    0.00781467
 10517           0.00117198    0.00781481
 10518           0.00136982    0.00781467
 10519           0.00184195    0.01006696
 10520           0.00459101    0.03079982
 10521           0.00291214    0.01857715
 10522           0.00227697    0.01368161
 10523           0.00617822    0.04204226
 10524           0.00243488    0.01492873
 10525           0.00306960    0.01975399
 10526           0.00113836    0.00781467
 10527           0.00117011    0.00781481
 10528           0.00135914    0.00781467
 10529           0.00181979    0.00987200
 10530           0.00449654    0.03012475
 10531           0.00293520    0.01875020
 10532           0.00213676    0.01255147
 10533           0.00573844    0.03894193
 10534           0.00257606    0.01602364
 10535           0.00308258    0.01985040
 10536           0.00287337    0.01828570
 10537           0.00304861    0.01959740
 10538           0.00395221    0.02621386
 10539           0.00304330    0.01955822
 10540           0.00124095    0.00781466
 10541           0.00175310    0.00927617
 10542           0.00241762    0.01479255
 10543           0.00650902    0.04436920
 10544           0.00232879    0.01409465
 10545           0.00299546    0.01920122
 10546           0.00167685    0.00857385
 10547           0.00386793    0.02560450
 10548           0.00305536    0.01964810
 10549           0.00115816    0.00781481
 10550           0.00129028    0.00781466
 10551           0.00166342    0.00844756
 10552           0.00380732    0.02516550
 10553           0.00306311    0.01970580
 10554           0.00113168    0.00781466
 10555           0.00113790    0.00781481
 10556           0.00116790    0.00781466
 10557           0.00134646    0.00781481
 10558           0.00179281    0.00963265
 10559           0.00438039    0.02929348
 10560           0.00296204    0.01895140
 10561           0.00194958    0.01099524
 10562           0.00503607    0.03396931
 10563           0.00279153    0.01766812
 10564           0.00277490    0.01754123
 10565           0.00644144    0.04389426
 10566           0.00235037    0.01426529
 10567           0.00301401    0.01933984
 10568           0.00150791    0.00781466
 10569           0.00308789    0.01989063
 10570           0.00307905    0.01982424
 10571           0.00303715    0.01951272
 10572           0.00307362    0.01978376
 10573           0.00325032    0.02109416
 10574           0.00308980    0.01990428
 10575           0.00238514    0.01453833
 10576           0.00289229    0.01842725
 10577           0.00587678    0.03991823
 10578           0.00253184    0.01568246
 10579           0.00309155    0.01991730
 10580           0.00211736    0.01239344
 10581           0.00273878    0.01726718
 10582           0.00653958    0.04458405
 10583           0.00231906    0.01401762
 10584           0.00298658    0.01913495
 10585           0.00175362    0.00928055
 10586           0.00420947    0.02806712
 10587           0.00299810    0.01922103
 10588           0.00165347    0.00835348
 10589           0.00376228    0.02483884
 10590           0.00306833    0.01974468
 10591           0.00113432    0.00781480
 10592           0.00115069    0.00781466
 10593           0.00124706    0.00781480
 10594           0.00155020    0.00781466
 10595           0.00328681    0.02136331
 10596           0.00309091    0.01991257
 10597           0.00224765    0.01344785
 10598           0.00282067    0.01788759
 10599           0.00627150    0.04269897
 10600           0.00240488    0.01469407
 10601           0.00305324    0.01963236
 10602           0.00116996    0.00781466
 10603           0.00135824    0.00781480
 10604           0.00181790    0.00985530
 10605           0.00448846    0.03006705
 10606           0.00293713    0.01876481
 10607           0.00212424    0.01244920
 10608           0.00569505    0.03863565
 10609           0.00258987    0.01613007
 10610           0.00307690    0.01980822
 10611           0.00312632    0.02017621
 10612           0.00308249    0.01984989
 10613           0.00287815    0.01832173
 10614           0.00304952    0.01960429
 10615           0.00393167    0.02606549
 10616           0.00304638    0.01958133
 10617           0.00121672    0.00781480
 10618           0.00162112    0.00804427
 10619           0.00225647    0.01351795
 10620           0.00611990    0.04163174
 10621           0.00245367    0.01507552
 10622           0.00307774    0.01981478
 10623           0.00120869    0.00781480
 10624           0.00143610    0.00781466
 10625           0.00274397    0.01730730
 10626           0.00302007    0.01938461
 10627           0.00450552    0.03018908
 10628           0.00293306    0.01873432
 10629           0.00215058    0.01266402
 10630           0.00578567    0.03927543
 10631           0.00256100    0.01590774
 10632           0.00308717    0.01988475
 10633           0.00260511    0.01624675
 10634           0.00297973    0.01908314
 10635           0.00507664    0.03425738
 10636           0.00277974    0.01757892
 10637           0.00280723    0.01778594
 10638           0.00632723    0.04309105
 10639           0.00238697    0.01455354
 10640           0.00304163    0.01954590
 10641           0.00125473    0.00781479
 10642           0.00182696    0.00993562
 10643           0.00249584    0.01540231
 10644           0.00662805    0.04520562
 10645           0.00229097    0.01379460
 10646           0.00295929    0.01893077
 10647           0.00197004    0.01116854
 10648           0.00511774    0.03454904
 10649           0.00276769    0.01748753
 10650           0.00283791    0.01801764
 10651           0.00619231    0.04214150
 10652           0.00243035    0.01489341
 10653           0.00306739    0.01973765
 10654           0.00113227    0.00781465
 10655           0.00114049    0.00781479
 10656           0.00118805    0.00781465
 10657           0.00136758    0.00781479
 10658           0.00240729    0.01471220
 10659           0.00290253    0.01850424
 10660           0.00580439    0.03940746
 10661           0.00255502    0.01586153
 10662           0.00308854    0.01989488
 10663           0.00250125    0.01544494
 10664           0.00294229    0.01880267
 10665           0.00547502    0.03708042
 10666           0.00265915    0.01666123
 10667           0.00302419    0.01941524
 10668           0.00443544    0.02968757
 10669           0.00294954    0.01885775
 10670           0.00204016    0.01175616
 10671           0.00538927    0.03647358
 10672           0.00268573    0.01686419
 10673           0.00299173    0.01917280
 10674           0.00492515    0.03318084
 10675           0.00282317    0.01790727
 10676           0.00267578    0.01678720
 10677           0.00664767    0.04534327
 10678           0.00228476    0.01374509
 10679           0.00295293    0.01888309
 10680           0.00201616    0.01155612
 10681           0.00529789    0.03582630
 10682           0.00271372    0.01707744
 10683           0.00294899    0.01885280
 10684           0.00541081    0.03662589
 10685           0.00267907    0.01681337
 10686           0.00300056    0.01923868
 10687           0.00480465    0.03232324
 10688           0.00285645    0.01815822
 10689           0.00254961    0.01581855
 10690           0.00667565    0.04553970
 10691           0.00227591    0.01367453
 10692           0.00294369    0.01881375
 10693           0.00208048    0.01208992
 10694           0.00553885    0.03753163
 10695           0.00263919    0.01650837
 10696           0.00304382    0.01956153
 10697           0.00405803    0.02697718
 10698           0.00302615    0.01943028
 10699           0.00139394    0.00781478
 10700           0.00253793    0.01572888
 10701           0.00295626    0.01890721
 10702           0.00533791    0.03610971
 10703           0.00270150    0.01698433
 10704           0.00296878    0.01900095
 10705           0.00520373    0.03515884
 10706           0.00274214    0.01729349
 10707           0.00289556    0.01845174
 10708           0.00585405    0.03975751
 10709           0.00253912    0.01573857
 10710           0.00309099    0.01991286
 10711           0.00223446    0.01334208
 10712           0.00281304    0.01782971
 10713           0.00630370    0.04292512
 10714           0.00239452    0.01461262
 10715           0.00304668    0.01958327
 10716           0.00121440    0.00781465
 10717           0.00160832    0.00792016
 10718           0.00223916    0.01337921
 10719           0.00606885    0.04127172
 10720           0.00247009    0.01520326
 10721           0.00308343    0.01985675
 10722           0.00132745    0.00781465
 10723           0.00175093    0.00925610
 10724           0.00419764    0.02798185
 10725           0.00300043    0.01923824
 10726           0.00163261    0.00815452
 10727           0.00366739    0.02414920
 10728           0.00307775    0.01981458
 10729           0.00120886    0.00781478
 10730           0.00143664    0.00781465
 10731           0.00274660    0.01732714
 10732           0.00302073    0.01938929
 10733           0.00449437    0.03010907
 10734           0.00293572    0.01875402
 10735           0.00213341    0.01252403
 10736           0.00572689    0.03886014
 10737           0.00257974    0.01605192
 10738           0.00308121    0.01984010
 10739           0.00294021    0.01878777
 10740           0.00306025    0.01968399
 10741           0.00366438    0.02412730
 10742           0.00307802    0.01981657
 10743           0.00121277    0.00781478
 10744           0.00144898    0.00781465
 10745           0.00280626    0.01777924
 10746           0.00303484    0.01949463
 10747           0.00424056    0.02829027
 10748           0.00299187    0.01917437
 10749           0.00170827    0.00886599
 10750           0.00400875    0.02662188
 10751           0.00303441    0.01949190
 10752           0.00131781    0.00781465
 10753           0.00215611    0.01270942
 10754           0.00276468    0.01746365
 10755           0.00647220    0.04411019
 10756           0.00234055    0.01418758
 10757           0.00300576    0.01927813
 10758           0.00158428    0.00781465
 10759           0.00344526    0.02252750
 10760           0.00309063    0.01991039
 10761           0.00170838    0.00886738
 10762           0.00236633    0.01438959
 10763           0.00640388    0.04362983
 10764           0.00236240    0.01436001
 10765           0.00302364    0.01941153
 10766           0.00141758    0.00781465
 10767           0.00265389    0.01662053
 10768           0.00299511    0.01919797
 10769           0.00488002    0.03285967
 10770           0.00283578    0.01800235
 10771           0.00263082    0.01644321
 10772           0.00668324    0.04559289
 10773           0.00227352    0.01365545
 10774           0.00294115    0.01879473
 10775           0.00209759    0.01223068
 10776           0.00560072    0.03796887
 10777           0.00261973    0.01635923
 10778           0.00305937    0.01967747
 10779           0.00368782    0.02429777
 10780           0.00307591    0.01980088
 10781           0.00118483    0.00781477
 10782           0.00135635    0.00781464
 10783           0.00235115    0.01427044
 10784           0.00287589    0.01830374
 10785           0.00598349    0.04067022
 10786           0.00249757    0.01541682
 10787           0.00308976    0.01990384
 10788           0.00162456    0.00807735
 10789           0.00226106    0.01355449
 10790           0.00613314    0.04172455
 10791           0.00244940    0.01504204
 10792           0.00307604    0.01980187
 10793           0.00118637    0.00781477
 10794           0.00136175    0.00781464
 10795           0.00237821    0.01448374
 10796           0.00288901    0.01840247
 10797           0.00589896    0.04007426
 10798           0.00252473    0.01562728
 10799           0.00309177    0.01991875
 10800           0.00200663    0.01147673
 10801           0.00265694    0.01664316
 10802           0.00666641    0.04547464
 10803           0.00227883    0.01369779
 10804           0.00294677    0.01883677
 10805           0.00205944    0.01191602
 10806           0.00546144    0.03698395
 10807           0.00266338    0.01669336
 10808           0.00301952    0.01938017
 10809           0.00451460    0.03025358
 10810           0.00293088    0.01871763
 10811           0.00216445    0.01277657
 10812           0.00583225    0.03960363
 10813           0.00254610    0.01579249
 10814           0.00309012    0.01990639
 10815           0.00234987    0.01426033
 10816           0.00287526    0.01829892
 10817           0.00598737    0.04069741
 10818           0.00249632    0.01540705
 10819           0.00308956    0.01990228
 10820           0.00160884    0.00792517
 10821           0.00223987    0.01338485
 10822           0.00607098    0.04128656
 10823           0.00246941    0.01519792
 10824           0.00308322    0.01985516
 10825           0.00132153    0.00781477
 10826           0.00173752    0.00913416
 10827           0.00413854    0.02755676
 10828           0.00301173    0.01932258
 10829           0.00152917    0.00781477
 10830           0.00318819    0.02063464
 10831           0.00308684    0.01988197
 10832           0.00262776    0.01642037
 10833           0.00298704    0.01913751
 10834           0.00498596    0.03361284
 10835           0.00280593    0.01777685
 10836           0.00273209    0.01721609
 10837           0.00655467    0.04468952
 10838           0.00231426    0.01397937
 10839           0.00298209    0.01910111
 10840           0.00179130    0.00961897
 10841           0.00437380    0.02924586
 10842           0.00296351    0.01896208
 10843           0.00193854    0.01090115
 10844           0.00499157    0.03365263
 10845           0.00280433    0.01776469
 10846           0.00273704    0.01725368
 10847           0.00654359    0.04461160
 10848           0.00231778    0.01400728
 10849           0.00298539    0.01912577
 10850           0.00176366    0.00937109
 10851           0.00425346    0.02838270
 10852           0.00298924    0.01915451
 10853           0.00173097    0.00907442
 10854           0.00410960    0.02734843
 10855           0.00301705    0.01936221
 10856           0.00147948    0.00781464
 10857           0.00295271    0.01888132
 10858           0.00306220    0.01969842
 10859           0.00361068    0.02373611
 10860           0.00308231    0.01984842
 10861           0.00129744    0.00781476
 10862           0.00168089    0.00861158
 10863           0.00388614    0.02573592
 10864           0.00305289    0.01962949
 10865           0.00117203    0.00781476
 10866           0.00137007    0.00781464
 10867           0.00184246    0.01007130
 10868           0.00459319    0.03081506
 10869           0.00291160    0.01857301
 10870           0.00228006    0.01370606
 10871           0.00618685    0.04210261
 10872           0.00243211    0.01490700
 10873           0.00306826    0.01974392
 10874           0.00113414    0.00781464
 10875           0.00114981    0.00781476
 10876           0.00124195    0.00781464
 10877           0.00153585    0.00781476
 10878           0.00321958    0.02086682
 10879           0.00308851    0.01989446
 10880           0.00250397    0.01546589
 10881           0.00294336    0.01881049
 10882           0.00546502    0.03700929
 10883           0.00266227    0.01668490
 10884           0.00302077    0.01938953
 10885           0.00449381    0.03010490
 10886           0.00293586    0.01875501
 10887           0.00213253    0.01251680
 10888           0.00572388    0.03883870
 10889           0.00258071    0.01605931
 10890           0.00308084    0.01983728
 10891           0.00295776    0.01891917
 10892           0.00306297    0.01970423
 10893           0.00358902    0.02357819
 10894           0.00308384    0.01985981
 10895           0.00133924    0.00781476
 10896           0.00177712    0.00949211
 10897           0.00431223    0.02880446
 10898           0.00297695    0.01906270
 10899           0.00183351    0.00999277
 10900           0.00455517    0.03054350
 10901           0.00292102    0.01864372
 10902           0.00222513    0.01326655
 10903           0.00602644    0.04097278
 10904           0.00248375    0.01530951
 10905           0.00308710    0.01988401
 10906           0.00146159    0.00781463
 10907           0.00201430    0.01154044
 10908           0.00529074    0.03577535
 10909           0.00271590    0.01709392
 10910           0.00294528    0.01882483
 10911           0.00544679    0.03688026
 10912           0.00266793    0.01672816
 10913           0.00301429    0.01934114
 10914           0.00459941    0.03085942
 10915           0.00291005    0.01856131
 10916           0.00228886    0.01377615
 10917           0.00621106    0.04227296
 10918           0.00242432    0.01484606
 10919           0.00306430    0.01971440
 10920           0.00113053    0.00781463
 10921           0.00113157    0.00781475
 10922           0.00113691    0.00781463
 10923           0.00116752    0.00781475
 10924           0.00129282    0.00781463
 10925           0.00202733    0.01164971
 10926           0.00267317    0.01676716
 10927           0.00665064    0.04536372
 10928           0.00228383    0.01373754
 10929           0.00295197    0.01887571
 10930           0.00202306    0.01161360
 10931           0.00532434    0.03601334
 10932           0.00270566    0.01701594
 10933           0.00296226    0.01895205
 10934           0.00527510    0.03566453
 10935           0.00272064    0.01712997
 10936           0.00293697    0.01876245
 10937           0.00552413    0.03742719
 10938           0.00264381    0.01654367
 10939           0.00303962    0.01953012
 10940           0.00414578    0.02760882
 10941           0.00301038    0.01931245
 10942           0.00154174    0.00781463
 10943           0.00324720    0.02107079
 10944           0.00308969    0.01990312
 10945           0.00239709    0.01463197
 10946           0.00289786    0.01846884
 10947           0.00583800    0.03964406
 10948           0.00254427    0.01577828
 10949           0.00309039    0.01990831
 10950           0.00231919    0.01401758
 10951           0.00285971    0.01818179
 10952           0.00607862    0.04134026
 10953           0.00246696    0.01517878
 10954           0.00308245    0.01984942
 10955           0.00130092    0.00781475
 10956           0.00168929    0.00868987
 10957           0.00392384    0.02600846
 10958           0.00304753    0.01958955
 10959           0.00120811    0.00781475
 10960           0.00157352    0.00781463
 10961           0.00219042    0.01298686
 10962           0.00591740    0.04020402
 10963           0.00251881    0.01558141
 10964           0.00309172    0.01991824
 10965           0.00191755    0.01072223
 10966           0.00258183    0.01606679
 10967           0.00668874    0.04563119
 10968           0.00227179    0.01364153
 10969           0.00293931    0.01878075
 10970           0.00210991    0.01233168
 10971           0.00564465    0.03827894
 10972           0.00260586    0.01625261
 10973           0.00306844    0.01974484
 10974           0.00342509    0.02237948
 10975           0.00309111    0.01991369
 10976           0.00177067    0.00943461
 10977           0.00243695    0.01494346
 10978           0.00654339    0.04461008
 10979           0.00231785    0.01400780
 10980           0.00298546    0.01912621
 10981           0.00176315    0.00936648
 10982           0.00425125    0.02836673
 10983           0.00298970    0.01915789
 10984           0.00172708    0.00903880
 10985           0.00409237    0.02722432
 10986           0.00302015    0.01938530
 10987           0.00145040    0.00781474
 10988           0.00281313    0.01783103
 10989           0.00303635    0.01950573
 10990           0.00421114    0.02807865
 10991           0.00299778    0.01921829
 10992           0.00165641    0.00838115
 10993           0.00377559    0.02493502
 10994           0.00306684    0.01973328
 10995           0.00113142    0.00781474
 10996           0.00113612    0.00781463
 10997           0.00116300    0.00781474
 10998           0.00127528    0.00781463
 10999           0.00193573    0.01087760
 11000           0.00259789    0.01619028
 11001           0.00669049    0.04564350
 11002           0.00227124    0.01363718
 11003           0.00293872    0.01877638
 11004           0.00211380    0.01236360
 11005           0.00565843    0.03837634
 11006           0.00260149    0.01621912
 11007           0.00307096    0.01976361
 11008           0.00334301    0.02177672
 11009           0.00309174    0.01991836
 11010           0.00204448    0.01179234
 11011           0.00268628    0.01686715
 11012           0.00663469    0.04525152
 11013           0.00228887    0.01377765
 11014           0.00295715    0.01891445
 11015           0.00198574    0.01130075
 11016           0.00517969    0.03498798
 11017           0.00274934    0.01734797
 11018           0.00288032    0.01833688
 11019           0.00595575    0.04047432
 11020           0.00250649    0.01548585
 11021           0.00309091    0.01991216
 11022           0.00174199    0.00917518
 11023           0.00240517    0.01469473
 11024           0.00648534    0.04420202
 11025           0.00233635    0.01415424
 11026           0.00300214    0.01925082
 11027           0.00161724    0.00800631
 11028           0.00359709    0.02363688
 11029           0.00308328    0.01985553
 11030           0.00132318    0.00781463
 11031           0.00174128    0.00916829
 11032           0.00415512    0.02767590
 11033           0.00300862    0.01929928
 11034           0.00155801    0.00781463
 11035           0.00332320    0.02163094
 11036           0.00309156    0.01991704
 11037           0.00211479    0.01237216
 11038           0.00273702    0.01725346
 11039           0.00654368    0.04461202
 11040           0.00231776    0.01400708
 11041           0.00298538    0.01912558
 11042           0.00176386    0.00937284
 11043           0.00425435    0.02838895
 11044           0.00298906    0.01915314
 11045           0.00173253    0.00908860
 11046           0.00411650    0.02739801
 11047           0.00301580    0.01935283
 11048           0.00149125    0.00781462
 11049           0.00300880    0.01930084
 11050           0.00307012    0.01975740
 11051           0.00337067    0.02198001
 11052           0.00309176    0.01991854
 11053           0.00194888    0.01098949
 11054           0.00260926    0.01627762
 11055           0.00668967    0.04563760
 11056           0.00227150    0.01363917
 11057           0.00293900    0.01877836
 11058           0.00211198    0.01234865
 11059           0.00565200    0.03833076
 11060           0.00260353    0.01623470
 11061           0.00306980    0.01975493
 11062           0.00338129    0.02205802
 11063           0.00309171    0.01991808
 11064           0.00191301    0.01068326
 11065           0.00257776    0.01603539
 11066           0.00668778    0.04562426
 11067           0.00227209    0.01364388
 11068           0.00293963    0.01878308
 11069           0.00210777    0.01231407
 11070           0.00563705    0.03822512
 11071           0.00260826    0.01627099
 11072           0.00306698    0.01973392
 11073           0.00347042    0.02271149
 11074           0.00308987    0.01990444
 11075           0.00163381    0.00816616
 11076           0.00227331    0.01365210
 11077           0.00616799    0.04196942
 11078           0.00243818    0.01495431
 11079           0.00307116    0.01976527
 11080           0.00114545    0.00781462
 11081           0.00120234    0.00781473
 11082           0.00154144    0.00781462
 11083           0.00214314    0.01260317
 11084           0.00576034    0.03909575
 11085           0.00256909    0.01596969
 11086           0.00308492    0.01986747
 11087           0.00274801    0.01733759
 11088           0.00302109    0.01939171
 11089           0.00448844    0.03006624
 11090           0.00293714    0.01876439
 11091           0.00212421    0.01244870
 11092           0.00569495    0.03863407
 11093           0.00258990    0.01612993
 11094           0.00307688    0.01980763
 11095           0.00312690    0.02018004
 11096           0.00308254    0.01984977
 11097           0.00287578    0.01830345
 11098           0.00304908    0.01960050
 11099           0.00394189    0.02613877
 11100           0.00304487    0.01956954
 11101           0.00122850    0.00781473
 11102           0.00168557    0.00865554
 11103           0.00233890    0.01417297
 11104           0.00633999    0.04317987
 11105           0.00238288    0.01452104
 11106           0.00303880    0.01952433
 11107           0.00127890    0.00781473
 11108           0.00195473    0.01103914
 11109           0.00261426    0.01631594
 11110           0.00668876    0.04563102
 11111           0.00227178    0.01364142
 11112           0.00293930    0.01878060
 11113           0.00210994    0.01233188
 11114           0.00564477    0.03827957
 11115           0.00260582    0.01625222
 11116           0.00306846    0.01974489
 11117           0.00342437    0.02237405
 11118           0.00309112    0.01991368
 11119           0.00177295    0.00945496
 11120           0.00243941    0.01496261
 11121           0.00654755    0.04463902
 11122           0.00231653    0.01399723
 11123           0.00298422    0.01911686
 11124           0.00177354    0.00945988
 11125           0.00429662    0.02869218
 11126           0.00298026    0.01908723
 11127           0.00180646    0.00975374
 11128           0.00443929    0.02971450
 11129           0.00294865    0.01885066
 11130           0.00204638    0.01180757
 11131           0.00541268    0.03663844
 11132           0.00267850    0.01680868
 11133           0.00300131    0.01924390
 11134           0.00479413    0.03224773
 11135           0.00285930    0.01817936
 11136           0.00253766    0.01572592
 11137           0.00666776    0.04548344
 11138           0.00227841    0.01369417
 11139           0.00294632    0.01883311
 11140           0.00206253    0.01194143
 11141           0.00547290    0.03706451
 11142           0.00265981    0.01666582
 11143           0.00302347    0.01940936
 11144           0.00444779    0.02977528
 11145           0.00294668    0.01883579
 11146           0.00206005    0.01192086
 11147           0.00546369    0.03699930
 11148           0.00266268    0.01668773
 11149           0.00302030    0.01938572
 11150           0.00450150    0.03015941
 11151           0.00293402    0.01874089
 11152           0.00214440    0.01261336
 11153           0.00576463    0.03912576
 11154           0.00256772    0.01595897
 11155           0.00308533    0.01987036
 11156           0.00272360    0.01715197
 11157           0.00301480    0.01934463
 11158           0.00459123    0.03080059
 11159           0.00291209    0.01857632
 11160           0.00227728    0.01368370
 11161           0.00617910    0.04204736
 11162           0.00243460    0.01492620
 11163           0.00306947    0.01975254
 11164           0.00113787    0.00781462
 11165           0.00116777    0.00781472
 11166           0.00134568    0.00781462
 11167           0.00179112    0.00961721
 11168           0.00437302    0.02923985
 11169           0.00296368    0.01896313
 11170           0.00193723    0.01088981
 11171           0.00498626    0.03361445
 11172           0.00280585    0.01777592
 11173           0.00273236    0.01721785
 11174           0.00655409    0.04468476
 11175           0.00231445    0.01398062
 11176           0.00298227    0.01910210
 11177           0.00178986    0.00960594
 11178           0.00436755    0.02920061
 11179           0.00296490    0.01897217
 11180           0.00192803    0.01081126
 11181           0.00494892    0.03334898
 11182           0.00281647    0.01785612
 11183           0.00269837    0.01695909
 11184           0.00661731    0.04512889
 11185           0.00229437    0.01382117
 11186           0.00296272    0.01895582
 11187           0.00194449    0.01095157
 11188           0.00501555    0.03382249
 11189           0.00279745    0.01771230
 11190           0.00275776    0.01741072
 11191           0.00649162    0.04424558
 11192           0.00233435    0.01413815
 11193           0.00300038    0.01923743
 11194           0.00163304    0.00815838
 11195           0.00366931    0.02416262
 11196           0.00307758    0.01981285
 11197           0.00120643    0.00781472
 11198           0.00142884    0.00781462
 11199           0.00270874    0.01703883
 11200           0.00301083    0.01931487
 11201           0.00465343    0.03124451
 11202           0.00289636    0.01845807
 11203           0.00236312    0.01436396
 11204           0.00639664    0.04357785
 11205           0.00236471    0.01437788
 11206           0.00302543    0.01942440
 11207           0.00140074    0.00781472
 11208           0.00257139    0.01598677
 11209           0.00296829    0.01899679
 11210           0.00520929    0.03519746
 11211           0.00274048    0.01728045
 11212           0.00289900    0.01847711
 11213           0.00582984    0.03958576
 11214           0.00254688    0.01579812
 11215           0.00309001    0.01990510
 11216           0.00236284    0.01436232
 11217           0.00288162    0.01834643
 11218           0.00594739    0.04041482
 11219           0.00250917    0.01550639
 11220           0.00309116    0.01991369
 11221           0.00177899    0.00950916
 11222           0.00244593    0.01501339
 11223           0.00655827    0.04471393
 11224           0.00231311    0.01396996
 11225           0.00298101    0.01909258
 11226           0.00180027    0.00969866
 11227           0.00441258    0.02952300
 11228           0.00295478    0.01889631
 11229           0.00200293    0.01144503
 11230           0.00524678    0.03546311
 11231           0.00272920    0.01719470
 11232           0.00292121    0.01864394
 11233           0.00565978    0.03838521
 11234           0.00260106    0.01621540
 11235           0.00307119    0.01976492
 11236           0.00333488    0.02171659
 11237           0.00309167    0.01991748
 11238           0.00207311    0.01202928
 11239           0.00270752    0.01702872
 11240           0.00660243    0.04502413
 11241           0.00229909    0.01385858
 11242           0.00296742    0.01899090
 11243           0.00190868    0.01064549
 11244           0.00486982    0.03278619
 11245           0.00283860    0.01802307
 11246           0.00262029    0.01636197
 11247           0.00668714    0.04561902
 11248           0.00227229    0.01364516
 11249           0.00293984    0.01878427
 11250           0.00210635    0.01230230
 11251           0.00563200    0.03818881
 11252           0.00260985    0.01628289
 11253           0.00306599    0.01972612
 11254           0.00350055    0.02293158
 11255           0.00308871    0.01989542
 11256           0.00154954    0.00781461
 11257           0.00215530    0.01270192
 11258           0.00580157    0.03938612
 11259           0.00255592    0.01586780
 11260           0.00308835    0.01989261
 11261           0.00251675    0.01556456
 11262           0.00294830    0.01884697
 11263           0.00541758    0.03667263
 11264           0.00267698    0.01679678
 11265           0.00300324    0.01925802
 11266           0.00476635    0.03204939
 11267           0.00286676    0.01823527
 11268           0.00250537    0.01547566
 11269           0.00663862    0.04527818
 11270           0.00228762    0.01376728
 11271           0.00295587    0.01890434
 11272           0.00199503    0.01137865
 11273           0.00521602    0.03524485
 11274           0.00273846    0.01726491
 11275           0.00290310    0.01850779
 11276           0.00580014    0.03937592
 11277           0.00255637    0.01587124
 11278           0.00308825    0.01989179
 11279           0.00252462    0.01562545
 11280           0.00295129    0.01886933
 11281           0.00538812    0.03646405
 11282           0.00268608    0.01686612
 11283           0.00299125    0.01916834
 11284           0.00493144    0.03322436
 11285           0.00282139    0.01789308
 11286           0.00268183    0.01683281
 11287           0.00664033    0.04529005
 11288           0.00228708    0.01376291
 11289           0.00295531    0.01890010
 11290           0.00199904    0.01141233
 11291           0.00523165    0.03535561
 11292           0.00273376    0.01722912
 11293           0.00291244    0.01857791
 11294           0.00572970    0.03887865
 11295           0.00257884    0.01604435
 11296           0.00308155    0.01984185
 11297           0.00292385    0.01866441
 11298           0.00305758    0.01966337
 11299           0.00373475    0.02463799
 11300           0.00307128    0.01976571
 11301           0.00114618    0.00781471
 11302           0.00120552    0.00781461
 11303           0.00155914    0.00781471
 11304           0.00216951    0.01281724
 11305           0.00584904    0.03972085
 11306           0.00254073    0.01575043
 11307           0.00309082    0.01991089
 11308           0.00226075    0.01355209
 11309           0.00282811    0.01794302
 11310           0.00623833    0.04246373
 11311           0.00241554    0.01477685
 11312           0.00305950    0.01967806
 11313           0.00114034    0.00781470
 11314           0.00118718    0.00781461
 11315           0.00136456    0.00781470
 11316           0.00239220    0.01459319
 11317           0.00289558    0.01845129
 11318           0.00585392    0.03975533
 11319           0.00253916    0.01573837
 11320           0.00309098    0.01991216
 11321           0.00223514    0.01334703
 11322           0.00281343    0.01783209
 11323           0.00630209    0.04291240
 11324           0.00239504    0.01461620
 11325           0.00304702    0.01958514
 11326           0.00121186    0.00781461
 11327           0.00159429    0.00781470
 11328           0.00221981    0.01322343
 11329           0.00601006    0.04085614
 11330           0.00248902    0.01534989
 11331           0.00308823    0.01989179
 11332           0.00152077    0.00781461
 11333           0.00211138    0.01234349
 11334           0.00564985    0.03831477
 11335           0.00260420    0.01623946
 11336           0.00306940    0.01975147
 11337           0.00339401    0.02215096
 11338           0.00309159    0.01991671
 11339           0.00187072    0.01031798
 11340           0.00253866    0.01573336
 11341           0.00666846    0.04548757
 11342           0.00227819    0.01369213
 11343           0.00294609    0.01883099
 11344           0.00206413    0.01195445
 11345           0.00547880    0.03710559
 11346           0.00265797    0.01665145
 11347           0.00302545    0.01942377
 11348           0.00441331    0.02952792
 11349           0.00295461    0.01889486
 11350           0.00200413    0.01145492
 11351           0.00525140    0.03549553
 11352           0.00272781    0.01718391
 11353           0.00292384    0.01866350
 11354           0.00563804    0.03823126
 11355           0.00260794    0.01626811
 11356           0.00306717    0.01973482
 11357           0.00346445    0.02266728
 11358           0.00309006    0.01990536
 11359           0.00165116    0.00833156
 11360           0.00229584    0.01383124
 11361           0.00622990    0.04240429
 11362           0.00241826    0.01479810
 11363           0.00306102    0.01968935
 11364           0.00113581    0.00781461
 11365           0.00116122    0.00781470
 11366           0.00126822    0.00781461
 11367           0.00189852    0.01055842
 11368           0.00256460    0.01593363
 11369           0.00668326    0.04559149
 11370           0.00227351    0.01365486
 11371           0.00294114    0.01879394
 11372           0.00209765    0.01223080
 11373           0.00560094    0.03796910
 11374           0.00261966    0.01635808
 11375           0.00305942    0.01967708
 11376           0.00368650    0.02428734
 11377           0.00307603    0.01980105
 11378           0.00118626    0.00781460
 11379           0.00136134    0.00781470
 11380           0.00237610    0.01446662
 11381           0.00288800    0.01839426
 11382           0.00590567    0.04012025
 11383           0.00252257    0.01561001
 11384           0.00309177    0.01991804
 11385           0.00197384    0.01120062
 11386           0.00263031    0.01643871
 11387           0.00668344    0.04559272
 11388           0.00227346    0.01365439
 11389           0.00294108    0.01879348
 11390           0.00209806    0.01223411
 11391           0.00560239    0.03797932
 11392           0.00261921    0.01635456
 11393           0.00305975    0.01967949
 11394           0.00367781    0.02422412
 11395           0.00307682    0.01980694
 11396           0.00119608    0.00781460
 11397           0.00139491    0.00781470
 11398           0.00254268    0.01576503
 11399           0.00295801    0.01891963
 11400           0.00531986    0.03598056
 11401           0.00270702    0.01702575
 11402           0.00296007    0.01893502
 11403           0.00529833    0.03582803
 11404           0.00271358    0.01707569
 11405           0.00294922    0.01885377
 11406           0.00540855    0.03660850
 11407           0.00267977    0.01681798
 11408           0.00299966    0.01923113
 11409           0.00481733    0.03241228
 11410           0.00285300    0.01813151
 11411           0.00256382    0.01592756
 11412           0.00668292    0.04558896
 11413           0.00227362    0.01365565
 11414           0.00294126    0.01879472
 11415           0.00209689    0.01222450
 11416           0.00559820    0.03794964
 11417           0.00262053    0.01636464
 11418           0.00305880    0.01967241
 11419           0.00370290    0.02440646
 11420           0.00307448    0.01978945
 11421           0.00116988    0.00781469
 11422           0.00130183    0.00781460
 11423           0.00207395    0.01203603
 11424           0.00270812    0.01703315
 11425           0.00660140    0.04501633
 11426           0.00229942    0.01386103
 11427           0.00296775    0.01899312
 11428           0.00190617    0.01062378
 11429           0.00485948    0.03271228
 11430           0.00284146    0.01804440
 11431           0.00260946    0.01627872
 11432           0.00668957    0.04563560
 11433           0.00227152    0.01363888
 11434           0.00293902    0.01877791
 11435           0.00211179    0.01234672
 11436           0.00565127    0.03832454
 11437           0.00260375    0.01623587
 11438           0.00306966    0.01975325
 11439           0.00338554    0.02208863
 11440           0.00309167    0.01991715
 11441           0.00189878    0.01056066
 11442           0.00256485    0.01593542
 11443           0.00668335    0.04559183
 11444           0.00227348    0.01365453
 11445           0.00294111    0.01879358
 11446           0.00209785    0.01223236
 11447           0.00560164    0.03797384
 11448           0.00261944    0.01635626
 11449           0.00305958    0.01967811
 11450           0.00368228    0.02425650
 11451           0.00307642    0.01980379
 11452           0.00119093    0.00781460
 11453           0.00137749    0.00781469
 11454           0.00245655    0.01509660
 11455           0.00292410    0.01866534
 11456           0.00563590    0.03821597
 11457           0.00260862    0.01627324
 11458           0.00306676    0.01973163
 11459           0.00347723    0.02276073
 11460           0.00308963    0.01990203
 11461           0.00161426    0.00797755
 11462           0.00224723    0.01344336
 11463           0.00609283    0.04143900
 11464           0.00246238    0.01514256
 11465           0.00308093    0.01983736
 11466           0.00126542    0.00781460
 11467           0.00159998    0.00783820
 11468           0.00351776    0.02305717
 11469           0.00308794    0.01988948
 11470           0.00150409    0.00781460
 11471           0.00208497    0.01212642
 11472           0.00555518    0.03764557
 11473           0.00263407    0.01646846
 11474           0.00304825    0.01959378
 11475           0.00396055    0.02627289
 11476           0.00304203    0.01954786
 11477           0.00125141    0.00781469
 11478           0.00180920    0.00977822
 11479           0.00247773    0.01526089
 11480           0.00660537    0.04504422
 11481           0.00229816    0.01385102
 11482           0.00296650    0.01898378
 11483           0.00191578    0.01070628
 11484           0.00489895    0.03299305
 11485           0.00283051    0.01796179
 11486           0.00265002    0.01658953
 11487           0.00667186    0.04551114
 11488           0.00227711    0.01368348
 11489           0.00294496    0.01882241
 11490           0.00207187    0.01201838
 11491           0.00550735    0.03730728
 11492           0.00264906    0.01658317
 11493           0.00303460    0.01949189
 11494           0.00424522    0.02832250
 11495           0.00299092    0.01916639
 11496           0.00171647    0.00894116
 11497           0.00404525    0.02688395
 11498           0.00302834    0.01944575
 11499           0.00137357    0.00781468
 11500           0.00243707    0.01494454
 11501           0.00291577    0.01860276
 11502           0.00570371    0.03869490
 11503           0.00258712    0.01610799
 11504           0.00307815    0.01981644
 11505           0.00307540    0.01979675
 11506           0.00307781    0.01981395
 11507           0.00308930    0.01990016
 11508           0.00307919    0.01982423
 11509           0.00303127    0.01946795
 11510           0.00307292    0.01977755
 11511           0.00327521    0.02127678
 11512           0.00309061    0.01990925
 11513           0.00229090    0.01379247
 11514           0.00284475    0.01806840
 11515           0.00615834    0.04190032
 11516           0.00244129    0.01497814
 11517           0.00307257    0.01977522
 11518           0.00115419    0.00781460
 11519           0.00123969    0.00781468
 11520           0.00174624    0.00921350
 11521           0.00240995    0.01473178
 11522           0.00649458    0.04426569
 11523           0.00233341    0.01413049
 11524           0.00299956    0.01923095
 11525           0.00164049    0.00822950
 11526           0.00370326    0.02440907
 11527           0.00307445    0.01978925
 11528           0.00116956    0.00781460
 11529           0.00130059    0.00781468
 11530           0.00206753    0.01198301
 11531           0.00270344    0.01699747
 11532           0.00660929    0.04507172
 11533           0.00229692    0.01384120
 11534           0.00296527    0.01897458
 11535           0.00192521    0.01078700
 11536           0.00493748    0.03326700
 11537           0.00281970    0.01788023
 11538           0.00268759    0.01687655
 11539           0.00663291    0.04523760
 11540           0.00228943    0.01378161
 11541           0.00295772    0.01891807
 11542           0.00198156    0.01126521
 11543           0.00516325    0.03487027
 11544           0.00275423    0.01738449
 11545           0.00286951    0.01825492
 11546           0.00602216    0.04094110
 11547           0.00248513    0.01531952
 11548           0.00308741    0.01988549
 11549           0.00147665    0.00781468
 11550           0.00203993    0.01175365
 11551           0.00538838    0.03646548
 11552           0.00268600    0.01686543
 11553           0.00299136    0.01916899
 11554           0.00493010    0.03321450
 11555           0.00282178    0.01789583
 11556           0.00268055    0.01682282
 11557           0.00664197    0.04530112
 11558           0.00228656    0.01375872
 11559           0.00295479    0.01889601
 11560           0.00200287    0.01144431
 11561           0.00524654    0.03546079
 11562           0.00272928    0.01719492
 11563           0.00292108    0.01864259
 11564           0.00566089    0.03839232
 11565           0.00260071    0.01621240
 11566           0.00307138    0.01976600
 11567           0.00332832    0.02166787
 11568           0.00309162    0.01991666
 11569           0.00209647    0.01222147
 11570           0.00272425    0.01715579
 11571           0.00657118    0.04480373
 11572           0.00230901    0.01393713
 11573           0.00297710    0.01906293
 11574           0.00183224    0.00998118
 11575           0.00454972    0.03050332
 11576           0.00292235    0.01865283
 11577           0.00221711    0.01320154
 11578           0.00600170    0.04079674
 11579           0.00249171    0.01537057
 11580           0.00308876    0.01989543
 11581           0.00155242    0.00781468
 11582           0.00215958    0.01273649
 11583           0.00581597    0.03948704
 11584           0.00255132    0.01583201
 11585           0.00308926    0.01989909
 11586           0.00243785    0.01495057
 11587           0.00291610    0.01860520
 11588           0.00570101    0.03867562
 11589           0.00258797    0.01611448
 11590           0.00307776    0.01981345
 11591           0.00309123    0.01991440
 11592           0.00307937    0.01982546
 11593           0.00302323    0.01940786
 11594           0.00307194    0.01977013
 11595           0.00330931    0.02152791
 11596           0.00309136    0.01991476
 11597           0.00216496    0.01278069
 11598           0.00277040    0.01750621
 11599           0.00645526    0.04398900
 11600           0.00234596    0.01422961
 11601           0.00301035    0.01931137
 11602           0.00154204    0.00781459
 11603           0.00324857    0.02108008
 11604           0.00308974    0.01990264
 11605           0.00239185    0.01459027
 11606           0.00289543    0.01844984
 11607           0.00585507    0.03976293
 11608           0.00253880    0.01573535
 11609           0.00309102    0.01991220
 11610           0.00222915    0.01329881
 11611           0.00280992    0.01780534
 11612           0.00631643    0.04301269
 11613           0.00239044    0.01457990
 11614           0.00304398    0.01956223
 11615           0.00123549    0.00781467
 11616           0.00172353    0.00900625
 11617           0.00238405    0.01452837
 11618           0.00644239    0.04389852
 11619           0.00235007    0.01426208
 11620           0.00301376    0.01933687
 11621           0.00151025    0.00781467
 11622           0.00309892    0.01997158
 11623           0.00308010    0.01983088
 11624           0.00299127    0.01916913
 11625           0.00306779    0.01973924
 11626           0.00344547    0.02252799
 11627           0.00309063    0.01990936
 11628           0.00170775    0.00886112
 11629           0.00236557    0.01438298
 11630           0.00640218    0.04361584
 11631           0.00236295    0.01436359
 11632           0.00302406    0.01941373
 11633           0.00141362    0.00781467
 11634           0.00263449    0.01647123
 11635           0.00298916    0.01915249
 11636           0.00495883    0.03341863
 11637           0.00281366    0.01783446
 11638           0.00270757    0.01702876
 11639           0.00660237    0.04502276
 11640           0.00229911    0.01385850
 11641           0.00296745    0.01899072
 11642           0.00190851    0.01064381
 11643           0.00486913    0.03278061
 11644           0.00283879    0.01802419
 11645           0.00261956    0.01635610
 11646           0.00668737    0.04561977
 11647           0.00227222    0.01364433
 11648           0.00293976    0.01878333
 11649           0.00210687    0.01230630
 11650           0.00563385    0.03820113
 11651           0.00260927    0.01627810
 11652           0.00306636    0.01972847
 11653           0.00348952    0.02285044
 11654           0.00308917    0.01989843
 11655           0.00157974    0.00781467
 11656           0.00219931    0.01305806
 11657           0.00594580    0.04040264
 11658           0.00250968    0.01550996
 11659           0.00309120    0.01991351
 11660           0.00178612    0.00957272
 11661           0.00245355    0.01507246
 11662           0.00657037    0.04479788
 11663           0.00230927    0.01393910
 11664           0.00297734    0.01906469
 11665           0.00183025    0.00996365
 11666           0.00454124    0.03044261
 11667           0.00292442    0.01866830
 11668           0.00220455    0.01310027
 11669           0.00596239    0.04051952
 11670           0.00250435    0.01546860
 11671           0.00309067    0.01990956
 11672           0.00171307    0.00891018
 11673           0.00237185    0.01443237
 11674           0.00641610    0.04371350
 11675           0.00235848    0.01432835
 11676           0.00302056    0.01938750
 11677           0.00144649    0.00781467
 11678           0.00279424    0.01768748
 11679           0.00303214    0.01947342
 11680           0.00429191    0.02865738
 11681           0.00298125    0.01909393
 11682           0.00179826    0.00968057
 11683           0.00440391    0.02946022
 11684           0.00295675    0.01891058
 11685           0.00198867    0.01132499
 11686           0.00519117    0.03506804
 11687           0.00274590    0.01732115
 11688           0.00288769    0.01839157
 11689           0.00590779    0.04013458
 11690           0.00252189    0.01560448
 11691           0.00309177    0.01991768
 11692           0.00196356    0.01111354
 11693           0.00262172    0.01637260
 11694           0.00668671    0.04561497
 11695           0.00227243    0.01364594
 11696           0.00293998    0.01878493
 11697           0.00210539    0.01229412
 11698           0.00562858    0.03816382
 11699           0.00261094    0.01629082
 11700           0.00306531    0.01972059
 11701           0.00352098    0.02308040
 11702           0.00308778    0.01988805
 11703           0.00149581    0.00781467
 11704           0.00207160    0.01201600
 11705           0.00550635    0.03729979
 11706           0.00264937    0.01658541
 11707           0.00303429    0.01948938
 11708           0.00425116    0.02836492
 11709           0.00298971    0.01915712
 11710           0.00172694    0.00903707
 11711           0.00409170    0.02721837
 11712           0.00302026    0.01938529
 11713           0.00144929    0.00781466
 11714           0.00280773    0.01778949
 11715           0.00303517    0.01949598
 11716           0.00423424    0.02824343
 11717           0.00299315    0.01918287
 11718           0.00169715    0.00876253
 11719           0.00395902    0.02626156
 11720           0.00304227    0.01954941
 11721           0.00124947    0.00781466
 11722           0.00179880    0.00968575
 11723           0.00246693    0.01517666
 11724           0.00659040    0.04493857
 11725           0.00230291    0.01388863
 11726           0.00297118    0.01901862
 11727           0.00187943    0.01039296
 11728           0.00474872    0.03192313
 11729           0.00287147    0.01827034
 11730           0.00248432    0.01531194
 11731           0.00661398    0.04510411
 11732           0.00229543    0.01382917
 11733           0.00296378    0.01896319
 11734           0.00193649    0.01088315
 11735           0.00498326    0.03359203
 11736           0.00280671    0.01778178
 11737           0.00272969    0.01719702
 11738           0.00655985    0.04472378
 11739           0.00231261    0.01396560
 11740           0.00298053    0.01908849
 11741           0.00180419    0.00973320
 11742           0.00442948    0.02964315
 11743           0.00295092    0.01886682
 11744           0.00203051    0.01167514
 11745           0.00535269    0.03621245
 11746           0.00269697    0.01694888
 11747           0.00297567    0.01905143
 11748           0.00512494    0.03459804
 11749           0.00276557    0.01747028
 11750           0.00284307    0.01805550
 11751           0.00616677    0.04195912
 11752           0.00243857    0.01495667
 11753           0.00307133    0.01976571
 11754           0.00114645    0.00781459
 11755           0.00120668    0.00781466
 11756           0.00156560    0.00781459
 11757           0.00217895    0.01289349
 11758           0.00588013    0.03993939
 11759           0.00253077    0.01567312
 11760           0.00309161    0.01991639
 11761           0.00210039    0.01225357
 11762           0.00272701    0.01717662
 11763           0.00656551    0.04476347
 11764           0.00231082    0.01395131
 11765           0.00297882    0.01907567
 11766           0.00181822    0.00985745
 11767           0.00448978    0.03007455
 11768           0.00293682    0.01876114
 11769           0.00212629    0.01246516
 11770           0.00570216    0.03868340
 11771           0.00258761    0.01611154
 11772           0.00307793    0.01981451
 11773           0.00308450    0.01986419
 11774           0.00307872    0.01982045
 11775           0.00305127    0.01961682
 11776           0.00307523    0.01979449
 11777           0.00319066    0.02065182
 11778           0.00308699    0.01988200
 11779           0.00261798    0.01634451
 11780           0.00298392    0.01911315
 11781           0.00502527    0.03389047
 11782           0.00279465    0.01769056
 11783           0.00276595    0.01747225
 11784           0.00646850    0.04408173
 11785           0.00234173    0.01419604
 11786           0.00300677    0.01928450
 11787           0.00157504    0.00781466
 11788           0.00340244    0.02221229
 11789           0.00309149    0.01991555
 11790           0.00184315    0.01007727
 11791           0.00251197    0.01552648
 11792           0.00664549    0.04532531
 11793           0.00228545    0.01374971
 11794           0.00295365    0.01888722
 11795           0.00201110    0.01151307
 11796           0.00527837    0.03568591
 11797           0.00271965    0.01712151
 11798           0.00293872    0.01877470
 11799           0.00550807    0.03731182
 11800           0.00264883    0.01658121
 11801           0.00303482    0.01949325
 11802           0.00424097    0.02829163
 11803           0.00299179    0.01917256
 11804           0.00170901    0.00887223
 11805           0.00401199    0.02664375
 11806           0.00303388    0.01948677
 11807           0.00132261    0.00781466
 11808           0.00218055    0.01290689
 11809           0.00278032    0.01758121
 11810           0.00642410    0.04376956
 11811           0.00235592    0.01430810
 11812           0.00301852    0.01937218
 11813           0.00146570    0.00781466
 11814           0.00288671    0.01838495
 11815           0.00305110    0.01961472
 11816           0.00389479    0.02579721
 11817           0.00305169    0.01961948
 11818           0.00117947    0.00781458
 11819           0.00141256    0.00781466
 11820           0.00192595    0.01079313
 11821           0.00494047    0.03328777
 11822           0.00281886    0.01787359
 11823           0.00269042    0.01689792
 11824           0.00662902    0.04520961
 11825           0.00229067    0.01379122
 11826           0.00295898    0.01892717
 11827           0.00197235    0.01118736
 11828           0.00512688    0.03461178
 11829           0.00276500    0.01746593
 11830           0.00284446    0.01806591
 11831           0.00615980    0.04190997
 11832           0.00244082    0.01497419
 11833           0.00307236    0.01977330
 11834           0.00115273    0.00781458
 11835           0.00123361    0.00781465
 11836           0.00171337    0.00891284
 11837           0.00237220    0.01443503
 11838           0.00641688    0.04371878
 11839           0.00235824    0.01432634
 11840           0.00302036    0.01938596
 11841           0.00144836    0.00781465
 11842           0.00280324    0.01775543
 11843           0.00303417    0.01948847
 11844           0.00425347    0.02838139
 11845           0.00298924    0.01915357
 11846           0.00173100    0.00907412
 11847           0.00410968    0.02734765
 11848           0.00301704    0.01936118
 11849           0.00147962    0.00781465
 11850           0.00295332    0.01888495
 11851           0.00306230    0.01969815
 11852           0.00360810    0.02371611
 11853           0.00308251    0.01984886
 11854           0.00130222    0.00781458
 11855           0.00169239    0.00871827
 11856           0.00393771    0.02610755
 11857           0.00304549    0.01957339
 11858           0.00122362    0.00781458
 11859           0.00165893    0.00840495
 11860           0.00230574    0.01390968
 11861           0.00625625    0.04258899
 11862           0.00240979    0.01473159
 11863           0.00305619    0.01965306
 11864           0.00115410    0.00781458
 11865           0.00126676    0.00781465
 11866           0.00160353    0.00787272
 11867           0.00353411    0.02317629
 11868           0.00308713    0.01988328
 11869           0.00146285    0.00781465
 11870           0.00201647    0.01155800
 11871           0.00529907    0.03583273
 11872           0.00271337    0.01707383
 11873           0.00294961    0.01885636
 11874           0.00540489    0.03658202
 11875           0.00268091    0.01682647
 11876           0.00299819    0.01921989
 11877           0.00483801    0.03255893
 11878           0.00284737    0.01808880
 11879           0.00258651    0.01610202
 11880           0.00668959    0.04563510
 11881           0.00227152    0.01363877
 11882           0.00293902    0.01877773
 11883           0.00211181    0.01234670
 11884           0.00565138    0.03832478
 11885           0.00260373    0.01623549
 11886           0.00306969    0.01975323
 11887           0.00338496    0.02208402
 11888           0.00309168    0.01991701
 11889           0.00190075    0.01057745
 11890           0.00256666    0.01594910
 11891           0.00668414    0.04559675
 11892           0.00227324    0.01365246
 11893           0.00294086    0.01879145
 11894           0.00209961    0.01224660
 11895           0.00560797    0.03801802
 11896           0.00261745    0.01634082
 11897           0.00306099    0.01968836
 11898           0.00364444    0.02398081
 11899           0.00307970    0.01982799
 11900           0.00124095    0.00781458
 11901           0.00153299    0.00781465
 11902           0.00320613    0.02076627
 11903           0.00308784    0.01988841
 11904           0.00255676    0.01587345
 11905           0.00296312    0.01895752
 11906           0.00526597    0.03559804
 11907           0.00272342    0.01715021
 11908           0.00293198    0.01872415
 11909           0.00556858    0.03773967
 11910           0.00262986    0.01643600
 11911           0.00305172    0.01961931
 11912           0.00388045    0.02569350
 11913           0.00305368    0.01963433
 11914           0.00116743    0.00781458
 11915           0.00134370    0.00781465
 11916           0.00178683    0.00957858
 11917           0.00435445    0.02910569
 11918           0.00296780    0.01899326
 11919           0.00190586    0.01062089
 11920           0.00485822    0.03270276
 11921           0.00284181    0.01804687
 11922           0.00260813    0.01626819
 11923           0.00668983    0.04563668
 11924           0.00227145    0.01363815
 11925           0.00293894    0.01877710
 11926           0.00211234    0.01235100
 11927           0.00565325    0.03833790
 11928           0.00260314    0.01623092
 11929           0.00307003    0.01975572
 11930           0.00337385    0.02200238
 11931           0.00309175    0.01991749
 11932           0.00193809    0.01089721
 11933           0.00259994    0.01620529
 11934           0.00669046    0.04564102
 11935           0.00227125    0.01363654
 11936           0.00293873    0.01877548
 11937           0.00211374    0.01236244
 11938           0.00565818    0.03837270
 11939           0.00260157    0.01621888
 11940           0.00307091    0.01976226
 11941           0.00334448    0.02178650
 11942           0.00309174    0.01991739
 11943           0.00203931    0.01174881
 11944           0.00268236    0.01683640
 11945           0.00663975    0.04528489
 11946           0.00228727    0.01376418
 11947           0.00295552    0.01890120
 11948           0.00199766    0.01140040
 11949           0.00522629    0.03531673
 11950           0.00273538    0.01724110
 11951           0.00290927    0.01855363
 11952           0.00575418    0.03905050
 11953           0.00257105    0.01598403
 11954           0.00308430    0.01986189
 11955           0.00278310    0.01760290
 11956           0.00302958    0.01945414
 11957           0.00433949    0.02899837
 11958           0.00297106    0.01901758
 11959           0.00188039    0.01040116
 11960           0.00475272    0.03195131
 11961           0.00287041    0.01826221
 11962           0.00248913    0.01534915
 11963           0.00662000    0.04514607
 11964           0.00229352    0.01381389
 11965           0.00296187    0.01894871
 11966           0.00195091    0.01100571
 11967           0.00504137    0.03400460
 11968           0.00279000    0.01765525
 11969           0.00277924    0.01757291
 11970           0.00642762    0.04379406
 11971           0.00235480    0.01429914
 11972           0.00301761    0.01936532
 11973           0.00147421    0.00781464
 11974           0.00292745    0.01869095
 11975           0.00305819    0.01966740
 11976           0.00371929    0.02452500
 11977           0.00307287    0.01977707
 11978           0.00115636    0.00781458
 11979           0.00124861    0.00781464
 11980           0.00179421    0.00964478
 11981           0.00246211    0.01513900
 11982           0.00658339    0.04488886
 11983           0.00230514    0.01390619
 11984           0.00297336    0.01903469
 11985           0.00186228    0.01024385
 11986           0.00467688    0.03141062
 11987           0.00289032    0.01841198
 11988           0.00239411    0.01460715
 11989           0.00646325    0.04404454
 11990           0.00234341    0.01420924
 11991           0.00300820    0.01929505
 11992           0.00156192    0.00781458
 11993           0.00334145    0.02176415
 11994           0.00309173    0.01991717
 11995           0.00204994    0.01183711
 11996           0.00269040    0.01689765
 11997           0.00662906    0.04520958
 11998           0.00229066    0.01379106
 11999           0.00295897    0.01892698
 12000           0.00197244    0.01118798
 12001           0.00512721    0.03461387
 12002           0.00276490    0.01746510
 12003           0.00284469    0.01806754
 12004           0.00615864    0.04190151
 12005           0.00244119    0.01497703
 12006           0.00307253    0.01977444
 12007           0.00115389    0.00781464
 12008           0.00123842    0.00781458
 12009           0.00173941    0.00915120
 12010           0.00240225    0.01467104
 12011           0.00647959    0.04415932
 12012           0.00233819    0.01416800
 12013           0.00300373    0.01926170
 12014           0.00160280    0.00786549
 12015           0.00353071    0.02315130
 12016           0.00308730    0.01988430
 12017           0.00147124    0.00781464
 12018           0.00203080    0.01167745
 12019           0.00535381    0.03622007
 12020           0.00269664    0.01694618
 12021           0.00297618    0.01905510
 12022           0.00511895    0.03455528
 12023           0.00276734    0.01748356
 12024           0.00283879    0.01802301
 12025           0.00618805    0.04210854
 12026           0.00243173    0.01490309
 12027           0.00306807    0.01974130
 12028           0.00113369    0.00781458
 12029           0.00114754    0.00781464
 12030           0.00122877    0.00781458
 12031           0.00149766    0.00781464
 12032           0.00303925    0.01952707
 12033           0.00307387    0.01978421
 12034           0.00324144    0.02102707
 12035           0.00308947    0.01990036
 12036           0.00241925    0.01480490
 12037           0.00290792    0.01854347
 12038           0.00576442    0.03912271
 12039           0.00256779    0.01595887
 12040           0.00308532    0.01986943
 12041           0.00272481    0.01716043
 12042           0.00301513    0.01934624
 12043           0.00458620    0.03076341
 12044           0.00291335    0.01858502
 12045           0.00227011    0.01362593
 12046           0.00615897    0.04190392
 12047           0.00244109    0.01497625
 12048           0.00307248    0.01977415
 12049           0.00115356    0.00781464
 12050           0.00123705    0.00781457
 12051           0.00173197    0.00908337
 12052           0.00239378    0.01460457
 12053           0.00646261    0.04403999
 12054           0.00234362    0.01421093
 12055           0.00300838    0.01929641
 12056           0.00156030    0.00781457
 12057           0.00333390    0.02170855
 12058           0.00309168    0.01991681
 12059           0.00207665    0.01205804
 12060           0.00271009    0.01704771
 12061           0.00659804    0.04499171
 12062           0.00230049    0.01386927
 12063           0.00296881    0.01900065
 12064           0.00189801    0.01055331
 12065           0.00482586    0.03247217
 12066           0.00285069    0.01811364
 12067           0.00257325    0.01599979
 12068           0.00668648    0.04561278
 12069           0.00227251    0.01364646
 12070           0.00294007    0.01878540
 12071           0.00210485    0.01228948
 12072           0.00562666    0.03814974
 12073           0.00261155    0.01629538
 12074           0.00306492    0.01971752
 12075           0.00353257    0.02316479
 12076           0.00308720    0.01988357
 12077           0.00146664    0.00781464
 12078           0.00202297    0.01161219
 12079           0.00532399    0.03600878
 12080           0.00270577    0.01701573
 12081           0.00296210    0.01894964
 12082           0.00527693    0.03567539
 12083           0.00272009    0.01712474
 12084           0.00293795    0.01876874
 12085           0.00551519    0.03736187
 12086           0.00264661    0.01656408
 12087           0.00303698    0.01950924
 12088           0.00419882    0.02798855
 12089           0.00300021    0.01923532
 12090           0.00163469    0.00817386
 12091           0.00367686    0.02421648
 12092           0.00307692    0.01980710
 12093           0.00119722    0.00781463
 12094           0.00139870    0.00781457
 12095           0.00256137    0.01590884
 12096           0.00296476    0.01896964
 12097           0.00524820    0.03547184
 12098           0.00272878    0.01719088
 12099           0.00292203    0.01864932
 12100           0.00565319    0.03833720
 12101           0.00260315    0.01623092
 12102           0.00307002    0.01975548
 12103           0.00337418    0.02200463
 12104           0.00309175    0.01991732
 12105           0.00193698    0.01088761
 12106           0.00259897    0.01619769
 12107           0.00669047    0.04564076
 12108           0.00227125    0.01363640
 12109           0.00293873    0.01877528
 12110           0.00211377    0.01236261
 12111           0.00565830    0.03837321
 12112           0.00260154    0.01621847
 12113           0.00307093    0.01976225
 12114           0.00334380    0.02178128
 12115           0.00309174    0.01991720
 12116           0.00204172    0.01176873
 12117           0.00268419    0.01685022
 12118           0.00663742    0.04526813
 12119           0.00228801    0.01376995
 12120           0.00295627    0.01890672
 12121           0.00199217    0.01135422
 12122           0.00520488    0.03516464
 12123           0.00274181    0.01728978
 12124           0.00289628    0.01845586
 12125           0.00584913    0.03972018
 12126           0.00254070    0.01574976
 12127           0.00309083    0.01991032
 12128           0.00226030    0.01354809
 12129           0.00282787    0.01794056
 12130           0.00623952    0.04247064
 12131           0.00241517    0.01477347
 12132           0.00305930    0.01967588
 12133           0.00114108    0.00781463
 12134           0.00119141    0.00781457
 12135           0.00137911    0.00781463
 12136           0.00246459    0.01515878
 12137           0.00292747    0.01869012
 12138           0.00560757    0.03801479
 12139           0.00261758    0.01634161
 12140           0.00306090    0.01968749
 12141           0.00364683    0.02399794
 12142           0.00307951    0.01982631
 12143           0.00123737    0.00781463
 12144           0.00152275    0.00781457
 12145           0.00315793    0.02040920
 12146           0.00308490    0.01986626
 12147           0.00274929    0.01734642
 12148           0.00302141    0.01939309
 12149           0.00448305    0.03002608
 12150           0.00293842    0.01877301
 12151           0.00211581    0.01237926
 12152           0.00566547    0.03842387
 12153           0.00259926    0.01620102
 12154           0.00307218    0.01977158
 12155           0.00330118    0.02146764
 12156           0.00309122    0.01991336
 12157           0.00219464    0.01302066
 12158           0.00278912    0.01764758
 12159           0.00639454    0.04356125
 12160           0.00236540    0.01438264
 12161           0.00302596    0.01942750
 12162           0.00139589    0.00781457
 12163           0.00254751    0.01580185
 12164           0.00295978    0.01893229
 12165           0.00530147    0.03584923
 12166           0.00271264    0.01706799
 12167           0.00295084    0.01886531
 12168           0.00539271    0.03649529
 12169           0.00268467    0.01685488
 12170           0.00299318    0.01918216
 12171           0.00490607    0.03304276
 12172           0.00282853    0.01794637
 12173           0.00265711    0.01664329
 12174           0.00666629    0.04547081
 12175           0.00227888    0.01369720
 12176           0.00294681    0.01883583
 12177           0.00205916    0.01191293
 12178           0.00546041    0.03697425
 12179           0.00266370    0.01669472
 12180           0.00301916    0.01937619
 12181           0.00452061    0.03029452
 12182           0.00292944    0.01870555
 12183           0.00217356    0.01284962
 12184           0.00586245    0.03981405
 12185           0.00253644    0.01571674
 12186           0.00309124    0.01991337
 12187           0.00219082    0.01298979
 12188           0.00278675    0.01762961
 12189           0.00640267    0.04361822
 12190           0.00236279    0.01436202
 12191           0.00302394    0.01941237
 12192           0.00141475    0.00781457
 12193           0.00264003    0.01651325
 12194           0.00299088    0.01916490
 12195           0.00493643    0.03325855
 12196           0.00282000    0.01788192
 12197           0.00268659    0.01686844
 12198           0.00663425    0.04524567
 12199           0.00228901    0.01377782
 12200           0.00295729    0.01891425
 12201           0.00198473    0.01129152
 12202           0.00517569    0.03495747
 12203           0.00275053    0.01735588
 12204           0.00287772    0.01831619
 12205           0.00597212    0.04058722
 12206           0.00250123    0.01544403
 12207           0.00309029    0.01990626
 12208           0.00167162    0.00852447
 12209           0.00232170    0.01403596
 12210           0.00629736    0.04287745
 12211           0.00239657    0.01462761
 12212           0.00304802    0.01959176
 12213           0.00120458    0.00781463
 12214           0.00155389    0.00781457
 12215           0.00216176    0.01275388
 12216           0.00582328    0.03953765
 12217           0.00254898    0.01581357
 12218           0.00308968    0.01990165
 12219           0.00239817    0.01463947
 12220           0.00289835    0.01847136
 12221           0.00583447    0.03961653
 12222           0.00254540    0.01578592
 12223           0.00309023    0.01990576
 12224           0.00233804    0.01416588
 12225           0.00286934    0.01825315
 12226           0.00602313    0.04094669
 12227           0.00248482    0.01531664
 12228           0.00308734    0.01988435
 12229           0.00147321    0.00781463
 12230           0.00203413    0.01170506
 12231           0.00536645    0.03630914
 12232           0.00269275    0.01691639
 12233           0.00298187    0.01909745
 12234           0.00505058    0.03406956
 12235           0.00278733    0.01763480
 12236           0.00278670    0.01762917
 12237           0.00640282    0.04361909
 12238           0.00236274    0.01436156
 12239           0.00302390    0.01941198
 12240           0.00141510    0.00781457
 12241           0.00264176    0.01652646
 12242           0.00299141    0.01916879
 12243           0.00492939    0.03320838
 12244           0.00282198    0.01789679
 12245           0.00267986    0.01681705
 12246           0.00664282    0.04530564
 12247           0.00228630    0.01375616
 12248           0.00295452    0.01889336
 12249           0.00200485    0.01146053
 12250           0.00525421    0.03551404
 12251           0.00272696    0.01717678
 12252           0.00292544    0.01867468
 12253           0.00562476    0.03813587
 12254           0.00261215    0.01629973
 12255           0.00306453    0.01971434
 12256           0.00354389    0.02324719
 12257           0.00308660    0.01987878
 12258           0.00143908    0.00781457
 12259           0.00197471    0.01120703
 12260           0.00513620    0.03467722
 12261           0.00276225    0.01744470
 12262           0.00285103    0.01811508
 12263           0.00612579    0.04166969
 12264           0.00245177    0.01505931
 12265           0.00307700    0.01980740
 12266           0.00119831    0.00781457
 12267           0.00140234    0.00781462
 12268           0.00257922    0.01604625
 12269           0.00297101    0.01901613
 12270           0.00517876    0.03497913
 12271           0.00274961    0.01734885
 12272           0.00287972    0.01833117
 12273           0.00595953    0.04049828
 12274           0.00250527    0.01547536
 12275           0.00309078    0.01990982
 12276           0.00172549    0.00902398
 12277           0.00238632    0.01454579
 12278           0.00644717    0.04393079
 12279           0.00234855    0.01424960
 12280           0.00301250    0.01932687
 12281           0.00152202    0.00781462
 12282           0.00315447    0.02038332
 12283           0.00308465    0.01986415
 12284           0.00276330    0.01745258
 12285           0.00302487    0.01941862
 12286           0.00442367    0.02960092
 12287           0.00295225    0.01887640
 12288           0.00202107    0.01159613
 12289           0.00531668    0.03595656
 12290           0.00270800    0.01703247
 12291           0.00295850    0.01892249
 12292           0.00531483    0.03594345
 12293           0.00270856    0.01703675
 12294           0.00295758    0.01891560
 12295           0.00532437    0.03601098
 12296           0.00270565    0.01701456
 12297           0.00296228    0.01895077
 12298           0.00527492    0.03566066
 12299           0.00272070    0.01712910
 12300           0.00293687    0.01876035
 12301           0.00552501    0.03743081
 12302           0.00264353    0.01654028
 12303           0.00303988    0.01953058
 12304           0.00414048    0.02756868
 12305           0.00301137    0.01931841
 12306           0.00153254    0.00781457
 12307           0.00320398    0.02074991
 12308           0.00308773    0.01988703
 12309           0.00256522    0.01593834
 12310           0.00296613    0.01897955
 12311           0.00523327    0.03536554
 12312           0.00273328    0.01722478
 12313           0.00291340    0.01858424
 12314           0.00572240    0.03882539
 12315           0.00258118    0.01606166
 12316           0.00308065    0.01983433
 12317           0.00296632    0.01898191
 12318           0.00306425    0.01971220
 12319           0.00355227    0.02330835
 12320           0.00308613    0.01987528
 12321           0.00141931    0.00781462
 12322           0.00193857    0.01090061
 12323           0.00499169    0.03365109
 12324           0.00280430    0.01776315
 12325           0.00273715    0.01725326
 12326           0.00654337    0.04460682
 12327           0.00231786    0.01400685
 12328           0.00298547    0.01912490
 12329           0.00176310    0.00936529
 12330           0.00425098    0.02836282
 12331           0.00298975    0.01915694
 12332           0.00172661    0.00903377
 12333           0.00409023    0.02720704
 12334           0.00302053    0.01938678
 12335           0.00144682    0.00781462
 12336           0.00279582    0.01769891
 12337           0.00303251    0.01947562
 12338           0.00428521    0.02860853
 12339           0.00298267    0.01910400
 12340           0.00178658    0.00957612
 12341           0.00435334    0.02909714
 12342           0.00296804    0.01899459
 12343           0.00190399    0.01060459
 12344           0.00485052    0.03264721
 12345           0.00284393    0.01806242
 12346           0.00259996    0.01620505
 12347           0.00669045    0.04563998
 12348           0.00227125    0.01363625
 12349           0.00293873    0.01877507
 12350           0.00211372    0.01236204
 12351           0.00565812    0.03837143
 12352           0.00260159    0.01621867
 12353           0.00307090    0.01976173
 12354           0.00334486    0.02178882
 12355           0.00309175    0.01991696
 12356           0.00203799    0.01173756
 12357           0.00268135    0.01682834
 12358           0.00664101    0.04529278
 12359           0.00228687    0.01376070
 12360           0.00295511    0.01889772
 12361           0.00200062    0.01142497
 12362           0.00523779    0.03539750
 12363           0.00273192    0.01721442
 12364           0.00291604    0.01860403
 12365           0.00570163    0.03867869
 12366           0.00258778    0.01611246
 12367           0.00307785    0.01981348
 12368           0.00308763    0.01988696
 12369           0.00307903    0.01982225
 12370           0.00303824    0.01951917
 12371           0.00307375    0.01978293
 12372           0.00324571    0.02105826
 12373           0.00308963    0.01990120
 12374           0.00240282    0.01467587
 12375           0.00290049    0.01848730
 12376           0.00581919    0.03950847
 12377           0.00255029    0.01582359
 12378           0.00308946    0.01989986
 12379           0.00242036    0.01481329
 12380           0.00290842    0.01854683
 12381           0.00576068    0.03909556
 12382           0.00256898    0.01596773
 12383           0.00308495    0.01986634
 12384           0.00274606    0.01732161
 12385           0.00302060    0.01938670
 12386           0.00449671    0.03012333
 12387           0.00293517    0.01874835
 12388           0.00213701    0.01255238
 12389           0.00573931    0.03894471
 12390           0.00257579    0.01602021
 12391           0.00308269    0.01984948
 12392           0.00286844    0.01824702
 12393           0.00304768    0.01958876
 12394           0.00397349    0.02636526
 12395           0.00304004    0.01953220
 12396           0.00126828    0.00781456
 12397           0.00189883    0.01056059
 12398           0.00256489    0.01593511
 12399           0.00668342    0.04559057
 12400           0.00227347    0.01365392
 12401           0.00294110    0.01879278
 12402           0.00209800    0.01223305
 12403           0.00560219    0.03797623
 12404           0.00261928    0.01635440
 12405           0.00305971    0.01967834
 12406           0.00367907    0.02423219
 12407           0.00307672    0.01980528
 12408           0.00119462    0.00781456
 12409           0.00139000    0.00781461
 12410           0.00251847    0.01557709
 12411           0.00294896    0.01885099
 12412           0.00541122    0.03662579
 12413           0.00267896    0.01681106
 12414           0.00300073    0.01923832
 12415           0.00480240    0.03230451
 12416           0.00285707    0.01816138
 12417           0.00254706    0.01579752
 12418           0.00667414    0.04552530
 12419           0.00227640    0.01367728
 12420           0.00294421    0.01881604
 12421           0.00207703    0.01206042
 12422           0.00552626    0.03743947
 12423           0.00264315    0.01653729
 12424           0.00304024    0.01953324
 12425           0.00413312    0.02751566
 12426           0.00301274    0.01932860
 12427           0.00151981    0.00781461
 12428           0.00314405    0.02030598
 12429           0.00308389    0.01985842
 12430           0.00280564    0.01777310
 12431           0.00303471    0.01949199
 12432           0.00424324    0.02830722
 12433           0.00299133    0.01916873
 12434           0.00171300    0.00890876
 12435           0.00402978    0.02677131
 12436           0.00303095    0.01946449
 12437           0.00134944    0.00781461
 12438           0.00231645    0.01399484
 12439           0.00285829    0.01816976
 12440           0.00608656    0.04139322
 12441           0.00246441    0.01515779
 12442           0.00308162    0.01984176
 12443           0.00128063    0.00781461
 12444           0.00163930    0.00821778
 12445           0.00369784    0.02436871
 12446           0.00307498    0.01979239
 12447           0.00117465    0.00781461
 12448           0.00131962    0.00781456
 12449           0.00216530    0.01278299
 12450           0.00277063    0.01750732
 12451           0.00645467    0.04398340
 12452           0.00234616    0.01423076
 12453           0.00301052    0.01931206
 12454           0.00154055    0.00781456
 12455           0.00324156    0.02102763
 12456           0.00308948    0.01990009
 12457           0.00241879    0.01480096
 12458           0.00290772    0.01854159
 12459           0.00576603    0.03913337
 12460           0.00256728    0.01595469
 12461           0.00308547    0.01987026
 12462           0.00271572    0.01709097
 12463           0.00301272    0.01932792
 12464           0.00462432    0.03103501
 12465           0.00290378    0.01851285
 12466           0.00232360    0.01405088
 12467           0.00630219    0.04291112
 12468           0.00239503    0.01461544
 12469           0.00304702    0.01958424
 12470           0.00121200    0.00781456
 12471           0.00159501    0.00781461
 12472           0.00222082    0.01323087
 12473           0.00601320    0.04087642
 12474           0.00248802    0.01534148
 12475           0.00308804    0.01988948
 12476           0.00150918    0.00781456
 12477           0.00209311    0.01219286
 12478           0.00558463    0.03785219
 12479           0.00262482    0.01639694
 12480           0.00305566    0.01964821
 12481           0.00378435    0.02499680
 12482           0.00306584    0.01972442
 12483           0.00113050    0.00781461
 12484           0.00113132    0.00781456
 12485           0.00113584    0.00781461
 12486           0.00115805    0.00781456
 12487           0.00128961    0.00781461
 12488           0.00166175    0.00843097
 12489           0.00379975    0.02510848
 12490           0.00306403    0.01971107
 12491           0.00113073    0.00781461
 12492           0.00113258    0.00781456
 12493           0.00114201    0.00781461
 12494           0.00119676    0.00781456
 12495           0.00139717    0.00781461
 12496           0.00255381    0.01585031
 12497           0.00296207    0.01894933
 12498           0.00527740    0.03567836
 12499           0.00271996    0.01712367
 12500           0.00293821    0.01877050

IDPP INTERPOLATION FAILED
* Starting CINEB calculation...

- NEB force-convergence monitor:  input.nebconv
- NEB energy profile outputs:  input.nebprofile

- Calculating initial energy along path...BEFORE ENDPOINT OPTIMIZATION

# Lambda    |    Energy / Eh  | Relative energy / Eh
     0.00000000     0.00000000     0.00000000
    18.47987812     0.00000000     0.00000000
    35.62553052     0.00000000     0.00000000
    36.55305325     0.00000000     0.00000000
    37.46639976     0.00000000     0.00000000
    38.38988326     0.00000000     0.00000000
    39.31598691     0.00000000     0.00000000
    40.24783844     0.00000000     0.00000000
    87.23243568     0.00000000     0.00000000
   133.74379309     0.00000000     0.00000000

*** Initial force norms: 
* |Forces| WITHOUT springs   =      0.00293821 au 
* |Forces| WITH springs      =      0.24927087 au 
* Maximum force WITH springs =      1.92090918 au 

* Running QUICKMIN optimization...


*** Optimization progress summary at iteration:      1
* |Forces| WITHOUT springs =        0.00293821 au 
* |Forces| WITH springs =           0.24927087 au 
* Maximum force WITH springs =      1.92090918 au 


*** Current path output: ITERATION =     1 :: OUTPUT FILE = input_0001.xyz


*** Optimization progress summary at iteration:      2
* |Forces| WITHOUT springs =        0.00293821 au 
* |Forces| WITH springs =           0.24889293 au 
* Maximum force WITH springs =      1.92465587 au 


*** Current path output: ITERATION =     2 :: OUTPUT FILE = input_0002.xyz


*** Optimization progress summary at iteration:      3
* |Forces| WITHOUT springs =        0.00293821 au 
* |Forces| WITH springs =           0.24812599 au 
* Maximum force WITH springs =      1.92988522 au 


*** Current path output: ITERATION =     3 :: OUTPUT FILE = input_0003.xyz


*** Optimization progress summary at iteration:      4
* |Forces| WITHOUT springs =        0.00293821 au 
* |Forces| WITH springs =           0.24695652 au 
* Maximum force WITH springs =      1.93339548 au 


*** Current path output: ITERATION =     4 :: OUTPUT FILE = input_0004.xyz


*** Optimization progress summary at iteration:      5
* |Forces| WITHOUT springs =        0.00293821 au 
* |Forces| WITH springs =           0.24537454 au 
* Maximum force WITH springs =      1.93250101 au 


*** Current path output: ITERATION =     5 :: OUTPUT FILE = input_0005.xyz


*** Optimization progress summary at iteration:      6
* |Forces| WITHOUT springs =        0.00293821 au 
* |Forces| WITH springs =           0.24337791 au 
* Maximum force WITH springs =      1.92575998 au 


*** Current path output: ITERATION =     6 :: OUTPUT FILE = input_0006.xyz


*** Optimization progress summary at iteration:      7
* |Forces| WITHOUT springs =        0.00293821 au 
* |Forces| WITH springs =           0.24097437 au 
* Maximum force WITH springs =      1.91289506 au 


*** Current path output: ITERATION =     7 :: OUTPUT FILE = input_0007.xyz


*** Optimization progress summary at iteration:      8
* |Forces| WITHOUT springs =        0.00293821 au 
* |Forces| WITH springs =           0.23818110 au 
* Maximum force WITH springs =      1.89436477 au 


*** Current path output: ITERATION =     8 :: OUTPUT FILE = input_0008.xyz


*** Optimization progress summary at iteration:      9
* |Forces| WITHOUT springs =        0.00293821 au 
* |Forces| WITH springs =           0.23502453 au 
* Maximum force WITH springs =      1.87093072 au 


*** Current path output: ITERATION =     9 :: OUTPUT FILE = input_0009.xyz


*** Optimization progress summary at iteration:     10
* |Forces| WITHOUT springs =        0.00293821 au 
* |Forces| WITH springs =           0.23153879 au 
* Maximum force WITH springs =      1.84339768 au 


*** Current path output: ITERATION =    10 :: OUTPUT FILE = input_0010.xyz


*** Optimization progress summary at iteration:     11
* |Forces| WITHOUT springs =        0.00293821 au 
* |Forces| WITH springs =           0.22776476 au 
* Maximum force WITH springs =      1.81248889 au 


*** Current path output: ITERATION =    11 :: OUTPUT FILE = input_0011.xyz


*** Optimization progress summary at iteration:     12
* |Forces| WITHOUT springs =        0.00293821 au 
* |Forces| WITH springs =           0.22374847 au 
* Maximum force WITH springs =      1.77880716 au 


*** Current path output: ITERATION =    12 :: OUTPUT FILE = input_0012.xyz


*** Optimization progress summary at iteration:     13
* |Forces| WITHOUT springs =        0.00293821 au 
* |Forces| WITH springs =           0.21954024 au 
* Maximum force WITH springs =      1.74283746 au 


*** Current path output: ITERATION =    13 :: OUTPUT FILE = input_0013.xyz


*** Optimization progress summary at iteration:     14
* |Forces| WITHOUT springs =        0.00293821 au 
* |Forces| WITH springs =           0.21519395 au 
* Maximum force WITH springs =      1.70496489 au 


*** Current path output: ITERATION =    14 :: OUTPUT FILE = input_0014.xyz


*** Optimization progress summary at iteration:     15
* |Forces| WITHOUT springs =        0.00293821 au 
* |Forces| WITH springs =           0.21076640 au 
* Maximum force WITH springs =      1.66549535 au 


*** Current path output: ITERATION =    15 :: OUTPUT FILE = input_0015.xyz


*** Optimization progress summary at iteration:     16
* |Forces| WITHOUT springs =        0.00293821 au 
* |Forces| WITH springs =           0.20631649 au 
* Maximum force WITH springs =      1.62467413 au 


*** Current path output: ITERATION =    16 :: OUTPUT FILE = input_0016.xyz


*** Optimization progress summary at iteration:     17
* |Forces| WITHOUT springs =        0.00293821 au 
* |Forces| WITH springs =           0.20190431 au 
* Maximum force WITH springs =      1.58270077 au 


*** Current path output: ITERATION =    17 :: OUTPUT FILE = input_0017.xyz


*** Optimization progress summary at iteration:     18
* |Forces| WITHOUT springs =        0.00293821 au 
* |Forces| WITH springs =           0.19759006 au 
* Maximum force WITH springs =      1.53974037 au 


*** Current path output: ITERATION =    18 :: OUTPUT FILE = input_0018.xyz


*** Optimization progress summary at iteration:     19
* |Forces| WITHOUT springs =        0.00293821 au 
* |Forces| WITH springs =           0.19343279 au 
* Maximum force WITH springs =      1.49593190 au 


*** Current path output: ITERATION =    19 :: OUTPUT FILE = input_0019.xyz


*** Optimization progress summary at iteration:     20
* |Forces| WITHOUT springs =        0.00293821 au 
* |Forces| WITH springs =           0.18948881 au 
* Maximum force WITH springs =      1.45139390 au 


*** Current path output: ITERATION =    20 :: OUTPUT FILE = input_0020.xyz


*** Optimization progress summary at iteration:     21
* |Forces| WITHOUT springs =        0.00293821 au 
* |Forces| WITH springs =           0.18580999 au 
* Maximum force WITH springs =      1.40622817 au 


*** Current path output: ITERATION =    21 :: OUTPUT FILE = input_0021.xyz


*** Optimization progress summary at iteration:     22
* |Forces| WITHOUT springs =        0.00293821 au 
* |Forces| WITH springs =           0.18244171 au 
* Maximum force WITH springs =      1.36052143 au 


*** Current path output: ITERATION =    22 :: OUTPUT FILE = input_0022.xyz


*** Optimization progress summary at iteration:     23
* |Forces| WITHOUT springs =        0.00293821 au 
* |Forces| WITH springs =           0.17942015 au 
* Maximum force WITH springs =      1.31434480 au 


*** Current path output: ITERATION =    23 :: OUTPUT FILE = input_0023.xyz


*** Optimization progress summary at iteration:     24
* |Forces| WITHOUT springs =        0.00293821 au 
* |Forces| WITH springs =           0.17676247 au 
* Maximum force WITH springs =      1.26775129 au 


*** Current path output: ITERATION =    24 :: OUTPUT FILE = input_0024.xyz


*** Optimization progress summary at iteration:     25
* |Forces| WITHOUT springs =        0.00293821 au 
* |Forces| WITH springs =           0.17416590 au 
* Maximum force WITH springs =      1.22077439 au 


*** Current path output: ITERATION =    25 :: OUTPUT FILE = input_0025.xyz


*** Optimization progress summary at iteration:     26
* |Forces| WITHOUT springs =        0.00293821 au 
* |Forces| WITH springs =           0.17036869 au 
* Maximum force WITH springs =      1.17343826 au 


*** Current path output: ITERATION =    26 :: OUTPUT FILE = input_0026.xyz


*** Optimization progress summary at iteration:     27
* |Forces| WITHOUT springs =        0.00293821 au 
* |Forces| WITH springs =           0.16665845 au 
* Maximum force WITH springs =      1.12578217 au 


*** Current path output: ITERATION =    27 :: OUTPUT FILE = input_0027.xyz


*** Optimization progress summary at iteration:     28
* |Forces| WITHOUT springs =        0.00293821 au 
* |Forces| WITH springs =           0.16305934 au 
* Maximum force WITH springs =      1.07786861 au 


*** Current path output: ITERATION =    28 :: OUTPUT FILE = input_0028.xyz


*** Optimization progress summary at iteration:     29
* |Forces| WITHOUT springs =        0.00293821 au 
* |Forces| WITH springs =           0.15959807 au 
* Maximum force WITH springs =      1.02976825 au 


*** Current path output: ITERATION =    29 :: OUTPUT FILE = input_0029.xyz


*** Optimization progress summary at iteration:     30
* |Forces| WITHOUT springs =        0.00293821 au 
* |Forces| WITH springs =           0.15630087 au 
* Maximum force WITH springs =      0.98154897 au 


*** Current path output: ITERATION =    30 :: OUTPUT FILE = input_0030.xyz


*** Optimization progress summary at iteration:     31
* |Forces| WITHOUT springs =        0.00293821 au 
* |Forces| WITH springs =           0.15319185 au 
* Maximum force WITH springs =      0.93327400 au 


*** Current path output: ITERATION =    31 :: OUTPUT FILE = input_0031.xyz


*** Optimization progress summary at iteration:     32
* |Forces| WITHOUT springs =        0.00293821 au 
* |Forces| WITH springs =           0.15029665 au 
* Maximum force WITH springs =      0.88500292 au 


*** Current path output: ITERATION =    32 :: OUTPUT FILE = input_0032.xyz


*** Optimization progress summary at iteration:     33
* |Forces| WITHOUT springs =        0.00293821 au 
* |Forces| WITH springs =           0.14764215 au 
* Maximum force WITH springs =      0.83679305 au 


*** Current path output: ITERATION =    33 :: OUTPUT FILE = input_0033.xyz


*** Optimization progress summary at iteration:     34
* |Forces| WITHOUT springs =        0.00293821 au 
* |Forces| WITH springs =           0.14525534 au 
* Maximum force WITH springs =      0.78870046 au 


*** Current path output: ITERATION =    34 :: OUTPUT FILE = input_0034.xyz


*** Optimization progress summary at iteration:     35
* |Forces| WITHOUT springs =        0.00293821 au 
* |Forces| WITH springs =           0.14316220 au 
* Maximum force WITH springs =      0.74078093 au 


*** Current path output: ITERATION =    35 :: OUTPUT FILE = input_0035.xyz


*** Optimization progress summary at iteration:     36
* |Forces| WITHOUT springs =        0.00293821 au 
* |Forces| WITH springs =           0.14138673 au 
* Maximum force WITH springs =      0.69309062 au 


*** Current path output: ITERATION =    36 :: OUTPUT FILE = input_0036.xyz


*** Optimization progress summary at iteration:     37
* |Forces| WITHOUT springs =        0.00293821 au 
* |Forces| WITH springs =           0.13994990 au 
* Maximum force WITH springs =      0.64568690 au 


*** Current path output: ITERATION =    37 :: OUTPUT FILE = input_0037.xyz


*** Optimization progress summary at iteration:     38
* |Forces| WITHOUT springs =        0.00293821 au 
* |Forces| WITH springs =           0.13886862 au 
* Maximum force WITH springs =      0.59862906 au 


*** Current path output: ITERATION =    38 :: OUTPUT FILE = input_0038.xyz


*** Optimization progress summary at iteration:     39
* |Forces| WITHOUT springs =        0.00293821 au 
* |Forces| WITH springs =           0.13815478 au 
* Maximum force WITH springs =      0.55197911 au 


*** Current path output: ITERATION =    39 :: OUTPUT FILE = input_0039.xyz

