
************************ CDE simulation ************************

- Start date:    13/03/2025
- Start time:    16:27:18

- The input filename is: input                                             

================================================================
                INPUT FILE INTERPRETATION FOLLOWS               
================================================================

- The input filename is: input                                             

# COMMENT: Breakdown calculation on polyethylene.                                                              
Calculation type: BREAKDOWN NETWORK GENERATION
- Random number seed:     4
- Minimum allowed molecular charge:     0
- Maximum allowed molecular charge:     0
- Maximum number of charged molecules allowed at any step:     0
- Maximum allowed molecular charge:     0
- Maximum total system charge:     0
- PES geometry optimization after graph move?:  F
- PES evaluations for INDEPENDENT MOLECULES being used...
- Number of images per path:    10
- Start-point structure file:  start.xyz                                         
- End-point structure file:  end.xyz                                           
- IDPP interpolation :  T

- Path refinement method:  CLIMBING-IMAGE NUDGED ELASTIC BAND
- (CI)NEB optimization method:  QUICKMIN
- Maximum number of NEB iteractions:      25
- Climbing-image start criterion (au):      0.00050000
- NEB spring constant:        0.050000
- NEB optimization step-size:        0.100000
- NEB output frequency:       5
- Strip inactive molecules before path optimization?:  F
- Optimize end-points before NEB run:  F
- Optimize end-points during NEB run:  F
- Use graph-restrain potential during NEB:  F

- Number of fixed DOFs:     0
- Number of fixed atoms:     0

- PES type:  null
- PES calculation template file:  xtb.head
- PES type for geometry optimization:  null
- Geometry optimisation template file:  xtb.head
- PES calculation executable:  xtb --iterations 1000 --grad
- PES geometry optimization executable:  xtb --iterations 1000 --etemp 1000 --opt normal --grad

- Graph-moves file:  moves.in                                          
- GDS attempt probability:      0.50000000
- Spring constant for inter-bead springs:      0.05000000
- Spring constant for bonded-graph restraints:      0.05000000
- Strength of non-bonded exponential graph restraints:      0.04000000
- Range of non-bonded exponential graph restraints:      2.50000000
- Spring constant for intermolecular repulsion restraints:      0.05000000
- Number of SD steps after GDS graph move:    10000
- GDS SD relaxation step-size:      0.10000000
- GDS output frequency:       10

- Number of valence range constraints:     2
- Valence range constraint:    1 C     1    4
- Valence range constraint:    2 H     1    1

- Number of reactive atom types:     2
- Reactive atom labels:  C 
- Reactive atom labels:  H 


- Number of reactive valence constraints:     0

- Fixed bonds for GDS:

- Number of allowed bonding constraints:     0

- Number of reactions in sampled strings for pathfinder:     1
- Number of MC steps in pathfinder calculation::        1
- Pathfinding function type: Eigenvalue comparison for single molecule

================================================================
                 END OF INPUT FILE INTERPRETATION                   
================================================================

*************** Finished reading input parameters **************

* Starting single-ended breakdown product generation...

* Running network-generation calculation....

* Reading reactant structure...
* Obtaining energy of starting geometry...
* Energy calculated.

================================================================
# Graph Info for CXS:  Reactant structure

* Bonded atoms *
 C 1   - C 2  
 C 1   - H 3  
 C 1   - C 4  
 C 1   - H 5  
 C 2   - H 6  
 C 2   - C 7  
 C 2   - H 8  
 C 4   - H 30 
 C 4   - H 31 
 C 4   - C 32 
 C 7   - H 9  
 C 7   - H 10 
 C 7   - C 11 
 C 11  - H 12 
 C 11  - C 13 
 C 11  - H 14 
 C 13  - H 15 
 C 13  - H 16 
 C 13  - C 17 
 C 17  - H 18 
 C 17  - C 19 
 C 17  - H 20 
 C 19  - H 21 
 C 19  - H 22 
 C 19  - C 23 
 C 23  - H 24 
 C 23  - C 25 
 C 23  - H 26 
 C 25  - H 27 
 C 25  - H 28 
 C 25  - C 29 
 C 29  - H 45 
 C 29  - H 46 
 C 29  - H 47 
 C 32  - H 33 
 C 32  - C 34 
 C 32  - H 35 
 C 34  - H 36 
 C 34  - H 37 
 C 34  - C 38 
 C 38  - H 39 
 C 38  - C 40 
 C 38  - H 41 
 C 40  - H 42 
 C 40  - H 43 
 C 40  - H 44 

* Atomic valencies *
 C 1    :    4
 C 2    :    4
 H 3    :    1
 C 4    :    4
 H 5    :    1
 H 6    :    1
 C 7    :    4
 H 8    :    1
 H 9    :    1
 H 10   :    1
 C 11   :    4
 H 12   :    1
 C 13   :    4
 H 14   :    1
 H 15   :    1
 H 16   :    1
 C 17   :    4
 H 18   :    1
 C 19   :    4
 H 20   :    1
 H 21   :    1
 H 22   :    1
 C 23   :    4
 H 24   :    1
 C 25   :    4
 H 26   :    1
 H 27   :    1
 H 28   :    1
 C 29   :    4
 H 30   :    1
 H 31   :    1
 C 32   :    4
 H 33   :    1
 C 34   :    4
 H 35   :    1
 H 36   :    1
 H 37   :    1
 C 38   :    4
 H 39   :    1
 C 40   :    4
 H 41   :    1
 H 42   :    1
 H 43   :    1
 H 44   :    1
 H 45   :    1
 H 46   :    1
 H 47   :    1

================================================================

* Reading graph moves file...
* Graph moves input file: moves.in

================================================================
              MOVE FILE INTERPRETATION FOLLOWS...               
================================================================

Comment line: 
# Both 2-atom and 3-atom moves allowed. Bond-making moves favoured.

*** Graph move number:    1 ***

- Number of atoms:    2
- Bond-changing move detected 
- Start graph: 
  0  1
  1  0
- End graph: 
  0  0
  0  0
- Allowed atom labels: 
* * 
Move probability: 0.100

*** Graph move number:    2 ***

- Number of atoms:    2
- Bond-changing move detected 
- Start graph: 
  0  0
  0  0
- End graph: 
  0  1
  1  0
- Allowed atom labels: 
* * 
Move probability: 0.300

*** Graph move number:    3 ***

- Number of atoms:    3
- Bond-changing move detected 
- Start graph: 
  0  0  1
  0  0  1
  1  1  0
- End graph: 
  0  1  0
  1  0  0
  0  0  0
- Allowed atom labels: 
* * * 
Move probability: 0.100

*** Graph move number:    4 ***

- Number of atoms:    3
- Bond-changing move detected 
- Start graph: 
  0  1  0
  1  0  0
  0  0  0
- End graph: 
  0  0  1
  0  0  1
  1  1  0
- Allowed atom labels: 
* * * 
Move probability: 0.300

*** Graph move number:    5 ***

- Number of atoms:    3
- Bond-changing move detected 
- Start graph: 
  0  0  1
  0  0  0
  1  0  0
- End graph: 
  0  1  0
  1  0  0
  0  0  0
- Allowed atom labels: 
* * * 
Move probability: 0.200

*** Graph move number:    6 ***

- Number of atoms:    3
- Bond-changing move detected 
- Start graph: 
  0  1  0
  1  0  0
  0  0  0
- End graph: 
  0  0  1
  0  0  0
  1  0  0
- Allowed atom labels: 
* * * 
Move probability: 0.200

*** Graph move number:    7 ***

- Number of atoms:    3
- Bond-changing move detected 
- Start graph: 
  0  1  0
  1  0  1
  0  1  0
- End graph: 
  0  1  1
  1  0  0
  1  0  0
- Allowed atom labels: 
* * * 
Move probability: 0.200

================================================================
                MOVE FILE INTERPRETATION COMPLETE               
================================================================

* Finished reading graph moves file...

* ChangeCharges DISABLED
--------------------------------------------------------------
Reaction mechanism:       1
--------------------------------------------------------------
* Setting all initial moves to null...
* Generating a move for reaction step   1/  1
- Trial move   1 successful.
- Checking validity of valences under new move...
- Invalid valences detected from trial move   1, cycling.
- Trial move   2 successful.
- Checking validity of valences under new move...
- Invalid valences detected from trial move   2, cycling.
- Trial move   3 successful.
- Checking validity of valences under new move...
- Invalid valences detected from trial move   3, cycling.
- Trial move   4 successful.
- Checking validity of valences under new move...
- Invalid valences detected from trial move   4, cycling.
- Trial move   5 successful.
- Checking validity of valences under new move...
- Invalid valences detected from trial move   5, cycling.
- Trial move   6 successful.
- Checking validity of valences under new move...
- Invalid valences detected from trial move   6, cycling.
- Trial move   7 successful.
- Checking validity of valences under new move...
- Invalid valences detected from trial move   7, cycling.
- Trial move   8 successful.
- Checking validity of valences under new move...
- Invalid valences detected from trial move   8, cycling.
- Trial move   9 successful.
- Checking validity of valences under new move...
- Invalid valences detected from trial move   9, cycling.
- Trial move  10 successful.
- Checking validity of valences under new move...
- Invalid valences detected from trial move  10, cycling.
- Trial move  11 successful.
- Checking validity of valences under new move...
- Invalid valences detected from trial move  11, cycling.
- Trial move  12 successful.
- Checking validity of valences under new move...
- Valence check complete, all current valences are valid.
* Writing reaction step to file.
* Starting IDPP force optimisation...
Max. force tolerance:    0.00001000

Iteration    |Force|       Max. Force
     1           0.00184485    0.02429467
     2           0.00180722    0.02356156
     3           0.00177118    0.02286502
     4           0.00173663    0.02220241
     5           0.00170347    0.02157133
     6           0.00167161    0.02096959
     7           0.00164097    0.02039523
     8           0.00161147    0.01984644
     9           0.00158306    0.01932157
    10           0.00155566    0.01881910
    11           0.00152923    0.01833767
    12           0.00150370    0.01787599
    13           0.00147904    0.01743289
    14           0.00145518    0.01700729
    15           0.00143210    0.01669908
    16           0.00140976    0.01644194
    17           0.00138811    0.01619153
    18           0.00136713    0.01594759
    19           0.00134678    0.01570988
    20           0.00132704    0.01547815
    21           0.00130787    0.01525220
    22           0.00128926    0.01503180
    23           0.00127117    0.01481675
    24           0.00125358    0.01460687
    25           0.00123648    0.01440196
    26           0.00121984    0.01420186
    27           0.00120365    0.01400641
    28           0.00118788    0.01381543
    29           0.00117253    0.01362878
    30           0.00115757    0.01344632
    31           0.00114298    0.01326791
    32           0.00112876    0.01309342
    33           0.00111490    0.01292272
    34           0.00110137    0.01275568
    35           0.00108816    0.01259220
    36           0.00107527    0.01243216
    37           0.00106269    0.01227546
    38           0.00105040    0.01212200
    39           0.00103839    0.01197167
    40           0.00102665    0.01182438
    41           0.00101518    0.01168005
    42           0.00100396    0.01153859
    43           0.00099299    0.01139991
    44           0.00098226    0.01126393
    45           0.00097177    0.01113058
    46           0.00096149    0.01099978
    47           0.00095144    0.01087147
    48           0.00094159    0.01074556
    49           0.00093195    0.01062201
    50           0.00092251    0.01050073
    51           0.00091326    0.01038168
    52           0.00090420    0.01026480
    53           0.00089532    0.01015001
    54           0.00088661    0.01003728
    55           0.00087808    0.00992655
    56           0.00086971    0.00981776
    57           0.00086150    0.00971087
    58           0.00085345    0.00960583
    59           0.00084555    0.00950259
    60           0.00083780    0.00940111
    61           0.00083020    0.00930134
    62           0.00082273    0.00920324
    63           0.00081541    0.00910678
    64           0.00080821    0.00901191
    65           0.00080115    0.00891860
    66           0.00079421    0.00882680
    67           0.00078739    0.00873649
    68           0.00078070    0.00864762
    69           0.00077412    0.00856017
    70           0.00076765    0.00847410
    71           0.00076130    0.00838938
    72           0.00075505    0.00830598
    73           0.00074891    0.00822388
    74           0.00074287    0.00814303
    75           0.00073694    0.00806342
    76           0.00073110    0.00798502
    77           0.00072536    0.00790780
    78           0.00071971    0.00783173
    79           0.00071415    0.00775680
    80           0.00070868    0.00768297
    81           0.00070330    0.00761023
    82           0.00069800    0.00753854
    83           0.00069278    0.00746790
    84           0.00068765    0.00739827
    85           0.00068260    0.00732964
    86           0.00067762    0.00726199
    87           0.00067272    0.00719529
    88           0.00066789    0.00712953
    89           0.00066314    0.00706469
    90           0.00065845    0.00700075
    91           0.00065384    0.00693769
    92           0.00064929    0.00687550
    93           0.00064481    0.00681415
    94           0.00064039    0.00675364
    95           0.00063604    0.00669394
    96           0.00063175    0.00663505
    97           0.00062752    0.00657693
    98           0.00062335    0.00651959
    99           0.00061924    0.00646301
   100           0.00061518    0.00640717
   101           0.00061119    0.00635205
   102           0.00060724    0.00629766
   103           0.00060335    0.00624396
   104           0.00059951    0.00619095
   105           0.00059573    0.00613862
   106           0.00059199    0.00608695
   107           0.00058831    0.00603594
   108           0.00058467    0.00598557
   109           0.00058108    0.00593583
   110           0.00057753    0.00589007
   111           0.00057404    0.00585893
   112           0.00057058    0.00582804
   113           0.00056717    0.00579740
   114           0.00056381    0.00576701
   115           0.00056048    0.00573685
   116           0.00055720    0.00570694
   117           0.00055396    0.00567726
   118           0.00055076    0.00564782
   119           0.00054759    0.00561860
   120           0.00054447    0.00558962
   121           0.00054138    0.00556086
   122           0.00053833    0.00553233
   123           0.00053532    0.00550402
   124           0.00053235    0.00547592
   125           0.00052940    0.00544805
   126           0.00052650    0.00542039
   127           0.00052362    0.00539294
   128           0.00052078    0.00536570
   129           0.00051798    0.00533866
   130           0.00051520    0.00531184
   131           0.00051246    0.00528521
   132           0.00050974    0.00525879
   133           0.00050706    0.00523256
   134           0.00050441    0.00520654
   135           0.00050179    0.00518070
   136           0.00049919    0.00515506
   137           0.00049663    0.00512962
   138           0.00049409    0.00510436
   139           0.00049158    0.00507928
   140           0.00048910    0.00505439
   141           0.00048664    0.00502969
   142           0.00048421    0.00500516
   143           0.00048181    0.00498082
   144           0.00047943    0.00495665
   145           0.00047708    0.00493265
   146           0.00047475    0.00490883
   147           0.00047245    0.00488519
   148           0.00047017    0.00486171
   149           0.00046791    0.00483840
   150           0.00046567    0.00481526
   151           0.00046346    0.00479229
   152           0.00046127    0.00476947
   153           0.00045911    0.00474682
   154           0.00045696    0.00472433
   155           0.00045484    0.00470200
   156           0.00045273    0.00467983
   157           0.00045065    0.00465781
   158           0.00044859    0.00463595
   159           0.00044655    0.00461424
   160           0.00044453    0.00459268
   161           0.00044252    0.00457127
   162           0.00044054    0.00455000
   163           0.00043858    0.00452889
   164           0.00043663    0.00450792
   165           0.00043471    0.00448709
   166           0.00043280    0.00446641
   167           0.00043091    0.00444587
   168           0.00042903    0.00442547
   169           0.00042718    0.00440521
   170           0.00042534    0.00438508
   171           0.00042352    0.00436510
   172           0.00042171    0.00434524
   173           0.00041992    0.00432552
   174           0.00041815    0.00430593
   175           0.00041640    0.00428648
   176           0.00041466    0.00426715
   177           0.00041293    0.00424795
   178           0.00041122    0.00422888
   179           0.00040953    0.00420994
   180           0.00040785    0.00419112
   181           0.00040618    0.00417243
   182           0.00040453    0.00415386
   183           0.00040290    0.00413541
   184           0.00040128    0.00411708
   185           0.00039967    0.00409887
   186           0.00039808    0.00408078
   187           0.00039650    0.00406280
   188           0.00039493    0.00404495
   189           0.00039338    0.00402721
   190           0.00039184    0.00400958
   191           0.00039031    0.00399207
   192           0.00038880    0.00397467
   193           0.00038730    0.00395738
   194           0.00038581    0.00394020
   195           0.00038433    0.00392313
   196           0.00038287    0.00390617
   197           0.00038142    0.00388932
   198           0.00037998    0.00387257
   199           0.00037855    0.00385593
   200           0.00037713    0.00383940
   201           0.00037572    0.00382296
   202           0.00037433    0.00380664
   203           0.00037295    0.00379041
   204           0.00037158    0.00377428
   205           0.00037022    0.00375826
   206           0.00036887    0.00374233
   207           0.00036753    0.00372651
   208           0.00036620    0.00371078
   209           0.00036488    0.00369515
   210           0.00036357    0.00367961
   211           0.00036228    0.00366417
   212           0.00036099    0.00364883
   213           0.00035971    0.00363358
   214           0.00035844    0.00361842
   215           0.00035718    0.00360335
   216           0.00035594    0.00358838
   217           0.00035470    0.00357349
   218           0.00035347    0.00355870
   219           0.00035225    0.00354400
   220           0.00035104    0.00352938
   221           0.00034984    0.00351485
   222           0.00034864    0.00350041
   223           0.00034746    0.00348606
   224           0.00034629    0.00347179
   225           0.00034512    0.00345761
   226           0.00034396    0.00344351
   227           0.00034281    0.00342949
   228           0.00034167    0.00341556
   229           0.00034054    0.00340171
   230           0.00033942    0.00338794
   231           0.00033830    0.00337426
   232           0.00033720    0.00336065
   233           0.00033610    0.00334712
   234           0.00033500    0.00333367
   235           0.00033392    0.00332030
   236           0.00033285    0.00330701
   237           0.00033178    0.00329380
   238           0.00033072    0.00328066
   239           0.00032966    0.00326760
   240           0.00032862    0.00325461
   241           0.00032758    0.00324170
   242           0.00032655    0.00322886
   243           0.00032553    0.00321610
   244           0.00032451    0.00320341
   245           0.00032350    0.00319079
   246           0.00032250    0.00317825
   247           0.00032150    0.00316577
   248           0.00032051    0.00315337
   249           0.00031953    0.00314104
   250           0.00031856    0.00312878
   251           0.00031759    0.00311658
   252           0.00031663    0.00310446
   253           0.00031567    0.00309240
   254           0.00031473    0.00308041
   255           0.00031378    0.00306849
   256           0.00031285    0.00305664
   257           0.00031192    0.00304485
   258           0.00031100    0.00303313
   259           0.00031008    0.00302147
   260           0.00030917    0.00300988
   261           0.00030826    0.00299835
   262           0.00030736    0.00298688
   263           0.00030647    0.00297548
   264           0.00030558    0.00296414
   265           0.00030470    0.00295287
   266           0.00030383    0.00294166
   267           0.00030296    0.00293050
   268           0.00030209    0.00291941
   269           0.00030124    0.00290838
   270           0.00030038    0.00289741
   271           0.00029954    0.00288650
   272           0.00029869    0.00287565
   273           0.00029786    0.00286486
   274           0.00029703    0.00285412
   275           0.00029620    0.00284345
   276           0.00029538    0.00283283
   277           0.00029456    0.00282227
   278           0.00029375    0.00281176
   279           0.00029295    0.00280131
   280           0.00029215    0.00279092
   281           0.00029136    0.00278059
   282           0.00029057    0.00277030
   283           0.00028978    0.00276008
   284           0.00028900    0.00274991
   285           0.00028823    0.00273979
   286           0.00028746    0.00272972
   287           0.00028669    0.00271971
   288           0.00028593    0.00270975
   289           0.00028517    0.00269985
   290           0.00028442    0.00268999
   291           0.00028367    0.00268019
   292           0.00028293    0.00267044
   293           0.00028219    0.00266074
   294           0.00028146    0.00265109
   295           0.00028073    0.00264150
   296           0.00028001    0.00263195
   297           0.00027929    0.00262245
   298           0.00027857    0.00261300
   299           0.00027786    0.00260360
   300           0.00027715    0.00259425
   301           0.00027645    0.00258495
   302           0.00027575    0.00257569
   303           0.00027506    0.00256648
   304           0.00027437    0.00255732
   305           0.00027368    0.00254821
   306           0.00027300    0.00253914
   307           0.00027232    0.00253012
   308           0.00027164    0.00252115
   309           0.00027097    0.00251222
   310           0.00027031    0.00250334
   311           0.00026964    0.00249450
   312           0.00026898    0.00248571
   313           0.00026833    0.00247696
   314           0.00026768    0.00246826
   315           0.00026703    0.00246100
   316           0.00026639    0.00245489
   317           0.00026575    0.00244880
   318           0.00026511    0.00244273
   319           0.00026448    0.00243668
   320           0.00026385    0.00243065
   321           0.00026322    0.00242465
   322           0.00026260    0.00241867
   323           0.00026198    0.00241270
   324           0.00026137    0.00240676
   325           0.00026075    0.00240084
   326           0.00026014    0.00239494
   327           0.00025954    0.00238906
   328           0.00025894    0.00238320
   329           0.00025834    0.00237736
   330           0.00025774    0.00237154
   331           0.00025715    0.00236574
   332           0.00025656    0.00235996
   333           0.00025598    0.00235420
   334           0.00025540    0.00234846
   335           0.00025482    0.00234274
   336           0.00025424    0.00233704
   337           0.00025367    0.00233136
   338           0.00025310    0.00232570
   339           0.00025253    0.00232006
   340           0.00025197    0.00231444
   341           0.00025141    0.00230883
   342           0.00025085    0.00230325
   343           0.00025030    0.00229768
   344           0.00024975    0.00229214
   345           0.00024920    0.00228661
   346           0.00024865    0.00228111
   347           0.00024811    0.00227562
   348           0.00024757    0.00227015
   349           0.00024703    0.00226470
   350           0.00024650    0.00225926
   351           0.00024597    0.00225385
   352           0.00024544    0.00224845
   353           0.00024491    0.00224308
   354           0.00024439    0.00223772
   355           0.00024387    0.00223237
   356           0.00024335    0.00222705
   357           0.00024284    0.00222175
   358           0.00024233    0.00221646
   359           0.00024182    0.00221119
   360           0.00024131    0.00220594
   361           0.00024080    0.00220071
   362           0.00024030    0.00219549
   363           0.00023980    0.00219029
   364           0.00023931    0.00218511
   365           0.00023881    0.00217995
   366           0.00023832    0.00217480
   367           0.00023783    0.00216967
   368           0.00023734    0.00216456
   369           0.00023686    0.00215946
   370           0.00023638    0.00215439
   371           0.00023590    0.00214933
   372           0.00023542    0.00214428
   373           0.00023494    0.00213925
   374           0.00023447    0.00213424
   375           0.00023400    0.00212925
   376           0.00023353    0.00212427
   377           0.00023307    0.00211931
   378           0.00023260    0.00211437
   379           0.00023214    0.00210944
   380           0.00023168    0.00210453
   381           0.00023123    0.00209963
   382           0.00023077    0.00209476
   383           0.00023032    0.00208989
   384           0.00022987    0.00208505
   385           0.00022942    0.00208022
   386           0.00022898    0.00207540
   387           0.00022853    0.00207060
   388           0.00022809    0.00206582
   389           0.00022765    0.00206105
   390           0.00022722    0.00205630
   391           0.00022678    0.00205157
   392           0.00022635    0.00204685
   393           0.00022592    0.00204214
   394           0.00022549    0.00203745
   395           0.00022506    0.00203278
   396           0.00022463    0.00202812
   397           0.00022421    0.00202347
   398           0.00022379    0.00201885
   399           0.00022337    0.00201423
   400           0.00022295    0.00200963
   401           0.00022254    0.00200505
   402           0.00022213    0.00200048
   403           0.00022171    0.00199593
   404           0.00022130    0.00199139
   405           0.00022090    0.00198686
   406           0.00022049    0.00198236
   407           0.00022009    0.00197786
   408           0.00021968    0.00197338
   409           0.00021928    0.00196891
   410           0.00021888    0.00196446
   411           0.00021849    0.00196003
   412           0.00021809    0.00195560
   413           0.00021770    0.00195119
   414           0.00021731    0.00194680
   415           0.00021692    0.00194242
   416           0.00021653    0.00193805
   417           0.00021614    0.00193370
   418           0.00021576    0.00192936
   419           0.00021538    0.00192504
   420           0.00021499    0.00192073
   421           0.00021462    0.00191643
   422           0.00021424    0.00191215
   423           0.00021386    0.00190788
   424           0.00021349    0.00190362
   425           0.00021311    0.00189938
   426           0.00021274    0.00189515
   427           0.00021237    0.00189094
   428           0.00021200    0.00188674
   429           0.00021164    0.00188255
   430           0.00021127    0.00187837
   431           0.00021091    0.00187421
   432           0.00021055    0.00187006
   433           0.00021019    0.00186593
   434           0.00020983    0.00186181
   435           0.00020947    0.00185770
   436           0.00020911    0.00185360
   437           0.00020876    0.00184952
   438           0.00020841    0.00184545
   439           0.00020806    0.00184139
   440           0.00020771    0.00183734
   441           0.00020736    0.00183331
   442           0.00020701    0.00182929
   443           0.00020667    0.00182529
   444           0.00020632    0.00182129
   445           0.00020598    0.00181731
   446           0.00020564    0.00181334
   447           0.00020530    0.00180938
   448           0.00020496    0.00180544
   449           0.00020462    0.00180151
   450           0.00020429    0.00179759
   451           0.00020395    0.00179368
   452           0.00020362    0.00178978
   453           0.00020329    0.00178590
   454           0.00020296    0.00178203
   455           0.00020263    0.00177817
   456           0.00020230    0.00177432
   457           0.00020197    0.00177049
   458           0.00020165    0.00176666
   459           0.00020133    0.00176285
   460           0.00020100    0.00175905
   461           0.00020068    0.00175526
   462           0.00020036    0.00175149
   463           0.00020004    0.00174772
   464           0.00019973    0.00174397
   465           0.00019941    0.00174023
   466           0.00019909    0.00173650
   467           0.00019878    0.00173278
   468           0.00019847    0.00172907
   469           0.00019816    0.00172538
   470           0.00019785    0.00172169
   471           0.00019754    0.00171802
   472           0.00019723    0.00171436
   473           0.00019692    0.00171070
   474           0.00019662    0.00170707
   475           0.00019632    0.00170344
   476           0.00019601    0.00169982
   477           0.00019571    0.00169621
   478           0.00019541    0.00169262
   479           0.00019511    0.00168903
   480           0.00019481    0.00168546
   481           0.00019451    0.00168190
   482           0.00019422    0.00167835
   483           0.00019392    0.00167480
   484           0.00019363    0.00167127
   485           0.00019334    0.00166775
   486           0.00019305    0.00166425
   487           0.00019275    0.00166075
   488           0.00019247    0.00165726
   489           0.00019218    0.00165378
   490           0.00019189    0.00165032
   491           0.00019160    0.00164686
   492           0.00019132    0.00164341
   493           0.00019103    0.00163998
   494           0.00019075    0.00163655
   495           0.00019047    0.00163314
   496           0.00019019    0.00162973
   497           0.00018991    0.00162634
   498           0.00018963    0.00162295
   499           0.00018935    0.00161958
   500           0.00018907    0.00161622
   501           0.00018880    0.00161286
   502           0.00018852    0.00160952
   503           0.00018825    0.00160618
   504           0.00018797    0.00160286
   505           0.00018770    0.00159955
   506           0.00018743    0.00159624
   507           0.00018716    0.00159295
   508           0.00018689    0.00158966
   509           0.00018662    0.00158639
   510           0.00018636    0.00158312
   511           0.00018609    0.00157987
   512           0.00018582    0.00157662
   513           0.00018556    0.00157338
   514           0.00018530    0.00157016
   515           0.00018503    0.00156694
   516           0.00018477    0.00156373
   517           0.00018451    0.00156053
   518           0.00018425    0.00155734
   519           0.00018399    0.00155417
   520           0.00018373    0.00155100
   521           0.00018348    0.00154783
   522           0.00018322    0.00154468
   523           0.00018297    0.00154154
   524           0.00018271    0.00153841
   525           0.00018246    0.00153528
   526           0.00018220    0.00153217
   527           0.00018195    0.00152906
   528           0.00018170    0.00152597
   529           0.00018145    0.00152288
   530           0.00018120    0.00151980
   531           0.00018095    0.00151673
   532           0.00018070    0.00151367
   533           0.00018046    0.00151062
   534           0.00018021    0.00150758
   535           0.00017997    0.00150454
   536           0.00017972    0.00150152
   537           0.00017948    0.00149850
   538           0.00017923    0.00149549
   539           0.00017899    0.00149249
   540           0.00017875    0.00148950
   541           0.00017851    0.00148652
   542           0.00017827    0.00148355
   543           0.00017803    0.00148059
   544           0.00017779    0.00147763
   545           0.00017756    0.00147468
   546           0.00017732    0.00147174
   547           0.00017708    0.00146881
   548           0.00017685    0.00146589
   549           0.00017661    0.00146298
   550           0.00017638    0.00146007
   551           0.00017615    0.00145717
   552           0.00017592    0.00145429
   553           0.00017568    0.00145141
   554           0.00017545    0.00144853
   555           0.00017522    0.00144567
   556           0.00017499    0.00144281
   557           0.00017477    0.00143997
   558           0.00017454    0.00143713
   559           0.00017431    0.00143430
   560           0.00017409    0.00143147
   561           0.00017386    0.00142866
   562           0.00017363    0.00142585
   563           0.00017341    0.00142305
   564           0.00017319    0.00142026
   565           0.00017296    0.00141748
   566           0.00017274    0.00141470
   567           0.00017252    0.00141193
   568           0.00017230    0.00140917
   569           0.00017208    0.00140642
   570           0.00017186    0.00140368
   571           0.00017164    0.00140094
   572           0.00017142    0.00139821
   573           0.00017121    0.00139549
   574           0.00017099    0.00139278
   575           0.00017077    0.00139007
   576           0.00017056    0.00138737
   577           0.00017034    0.00138468
   578           0.00017013    0.00138200
   579           0.00016992    0.00137932
   580           0.00016970    0.00137665
   581           0.00016949    0.00137399
   582           0.00016928    0.00137134
   583           0.00016907    0.00136869
   584           0.00016886    0.00136605
   585           0.00016865    0.00136342
   586           0.00016844    0.00136080
   587           0.00016823    0.00135818
   588           0.00016803    0.00135557
   589           0.00016782    0.00135297
   590           0.00016761    0.00135038
   591           0.00016741    0.00134779
   592           0.00016720    0.00134521
   593           0.00016700    0.00134264
   594           0.00016679    0.00134007
   595           0.00016659    0.00133751
   596           0.00016639    0.00133496
   597           0.00016618    0.00133241
   598           0.00016598    0.00132988
   599           0.00016578    0.00132735
   600           0.00016558    0.00132482
   601           0.00016538    0.00132230
   602           0.00016518    0.00131979
   603           0.00016498    0.00131729
   604           0.00016478    0.00131479
   605           0.00016459    0.00131231
   606           0.00016439    0.00130982
   607           0.00016419    0.00130735
   608           0.00016400    0.00130488
   609           0.00016380    0.00130242
   610           0.00016361    0.00129996
   611           0.00016341    0.00129751
   612           0.00016322    0.00129507
   613           0.00016303    0.00129263
   614           0.00016283    0.00129020
   615           0.00016264    0.00128778
   616           0.00016245    0.00128537
   617           0.00016226    0.00128296
   618           0.00016207    0.00128055
   619           0.00016188    0.00127816
   620           0.00016169    0.00127577
   621           0.00016150    0.00127339
   622           0.00016131    0.00127101
   623           0.00016112    0.00126864
   624           0.00016094    0.00126627
   625           0.00016075    0.00126392
   626           0.00016056    0.00126157
   627           0.00016038    0.00125922
   628           0.00016019    0.00125688
   629           0.00016001    0.00125455
   630           0.00015982    0.00125222
   631           0.00015964    0.00124991
   632           0.00015946    0.00124759
   633           0.00015927    0.00124528
   634           0.00015909    0.00124298
   635           0.00015891    0.00124069
   636           0.00015873    0.00123840
   637           0.00015855    0.00123612
   638           0.00015837    0.00123384
   639           0.00015819    0.00123157
   640           0.00015801    0.00122931
   641           0.00015783    0.00122705
   642           0.00015765    0.00122480
   643           0.00015747    0.00122255
   644           0.00015730    0.00122031
   645           0.00015712    0.00121807
   646           0.00015694    0.00121585
   647           0.00015677    0.00121362
   648           0.00015659    0.00121141
   649           0.00015642    0.00120920
   650           0.00015624    0.00120699
   651           0.00015607    0.00120479
   652           0.00015589    0.00120260
   653           0.00015572    0.00120041
   654           0.00015555    0.00119823
   655           0.00015537    0.00119605
   656           0.00015520    0.00119388
   657           0.00015503    0.00119172
   658           0.00015486    0.00118956
   659           0.00015469    0.00118741
   660           0.00015452    0.00118526
   661           0.00015435    0.00118312
   662           0.00015418    0.00118098
   663           0.00015401    0.00117885
   664           0.00015384    0.00117672
   665           0.00015368    0.00117460
   666           0.00015351    0.00117249
   667           0.00015334    0.00117038
   668           0.00015317    0.00116828
   669           0.00015301    0.00116618
   670           0.00015284    0.00116409
   671           0.00015268    0.00116200
   672           0.00015251    0.00115992
   673           0.00015235    0.00115784
   674           0.00015218    0.00115577
   675           0.00015202    0.00115371
   676           0.00015186    0.00115165
   677           0.00015169    0.00114960
   678           0.00015153    0.00114755
   679           0.00015137    0.00114550
   680           0.00015121    0.00114346
   681           0.00015105    0.00114143
   682           0.00015089    0.00113940
   683           0.00015073    0.00113738
   684           0.00015057    0.00113536
   685           0.00015041    0.00113335
   686           0.00015025    0.00113134
   687           0.00015009    0.00112934
   688           0.00014993    0.00112734
   689           0.00014977    0.00112535
   690           0.00014961    0.00112337
   691           0.00014946    0.00112138
   692           0.00014930    0.00111941
   693           0.00014914    0.00111744
   694           0.00014899    0.00111547
   695           0.00014883    0.00111351
   696           0.00014868    0.00111155
   697           0.00014852    0.00110960
   698           0.00014837    0.00110765
   699           0.00014821    0.00110571
   700           0.00014806    0.00110378
   701           0.00014790    0.00110184
   702           0.00014775    0.00109992
   703           0.00014760    0.00109800
   704           0.00014745    0.00109608
   705           0.00014729    0.00109417
   706           0.00014714    0.00109226
   707           0.00014699    0.00109036
   708           0.00014684    0.00108846
   709           0.00014669    0.00108657
   710           0.00014654    0.00108468
   711           0.00014639    0.00108280
   712           0.00014624    0.00108092
   713           0.00014609    0.00107904
   714           0.00014594    0.00107717
   715           0.00014580    0.00107531
   716           0.00014565    0.00107345
   717           0.00014550    0.00107159
   718           0.00014535    0.00106974
   719           0.00014521    0.00106790
   720           0.00014506    0.00106606
   721           0.00014491    0.00106422
   722           0.00014477    0.00106239
   723           0.00014462    0.00106056
   724           0.00014448    0.00105874
   725           0.00014433    0.00105692
   726           0.00014419    0.00105511
   727           0.00014404    0.00105330
   728           0.00014390    0.00105149
   729           0.00014375    0.00104969
   730           0.00014361    0.00104790
   731           0.00014347    0.00104611
   732           0.00014333    0.00104432
   733           0.00014318    0.00104254
   734           0.00014304    0.00104076
   735           0.00014290    0.00103899
   736           0.00014276    0.00103722
   737           0.00014262    0.00103545
   738           0.00014248    0.00103369
   739           0.00014234    0.00103193
   740           0.00014220    0.00103018
   741           0.00014206    0.00102844
   742           0.00014192    0.00102669
   743           0.00014178    0.00102495
   744           0.00014164    0.00102322
   745           0.00014150    0.00102149
   746           0.00014136    0.00101976
   747           0.00014123    0.00101804
   748           0.00014109    0.00101632
   749           0.00014095    0.00101461
   750           0.00014082    0.00101290
   751           0.00014068    0.00101120
   752           0.00014054    0.00100949
   753           0.00014041    0.00100780
   754           0.00014027    0.00100610
   755           0.00014014    0.00100442
   756           0.00014000    0.00100273
   757           0.00013987    0.00100105
   758           0.00013973    0.00099938
   759           0.00013960    0.00099770
   760           0.00013946    0.00099604
   761           0.00013933    0.00099437
   762           0.00013920    0.00099271
   763           0.00013906    0.00099106
   764           0.00013893    0.00098940
   765           0.00013880    0.00098776
   766           0.00013867    0.00098611
   767           0.00013854    0.00098447
   768           0.00013841    0.00098284
   769           0.00013827    0.00098120
   770           0.00013814    0.00097958
   771           0.00013801    0.00097795
   772           0.00013788    0.00097633
   773           0.00013775    0.00097471
   774           0.00013762    0.00097310
   775           0.00013749    0.00097149
   776           0.00013736    0.00096989
   777           0.00013724    0.00096829
   778           0.00013711    0.00096669
   779           0.00013698    0.00096510
   780           0.00013685    0.00096351
   781           0.00013672    0.00096192
   782           0.00013660    0.00096034
   783           0.00013647    0.00095876
   784           0.00013634    0.00095719
   785           0.00013622    0.00095562
   786           0.00013609    0.00095405
   787           0.00013596    0.00095249
   788           0.00013584    0.00095093
   789           0.00013571    0.00094937
   790           0.00013559    0.00094782
   791           0.00013546    0.00094627
   792           0.00013534    0.00094473
   793           0.00013521    0.00094319
   794           0.00013509    0.00094165
   795           0.00013496    0.00094011
   796           0.00013484    0.00093858
   797           0.00013472    0.00093706
   798           0.00013459    0.00093554
   799           0.00013447    0.00093402
   800           0.00013435    0.00093250
   801           0.00013423    0.00093099
   802           0.00013411    0.00092948
   803           0.00013398    0.00092797
   804           0.00013386    0.00092647
   805           0.00013374    0.00092497
   806           0.00013362    0.00092348
   807           0.00013350    0.00092199
   808           0.00013338    0.00092050
   809           0.00013326    0.00091902
   810           0.00013314    0.00091754
   811           0.00013302    0.00091606
   812           0.00013290    0.00091459
   813           0.00013278    0.00091312
   814           0.00013266    0.00091165
   815           0.00013254    0.00091019
   816           0.00013242    0.00090873
   817           0.00013231    0.00090727
   818           0.00013219    0.00090582
   819           0.00013207    0.00090437
   820           0.00013195    0.00090292
   821           0.00013184    0.00090148
   822           0.00013172    0.00090004
   823           0.00013160    0.00089860
   824           0.00013149    0.00089717
   825           0.00013137    0.00089574
   826           0.00013125    0.00089431
   827           0.00013114    0.00089289
   828           0.00013102    0.00089147
   829           0.00013091    0.00089005
   830           0.00013079    0.00088864
   831           0.00013068    0.00088723
   832           0.00013056    0.00088582
   833           0.00013045    0.00088442
   834           0.00013033    0.00088302
   835           0.00013022    0.00088162
   836           0.00013011    0.00088023
   837           0.00012999    0.00087884
   838           0.00012988    0.00087745
   839           0.00012977    0.00087606
   840           0.00012965    0.00087468
   841           0.00012954    0.00087331
   842           0.00012943    0.00087193
   843           0.00012932    0.00087056
   844           0.00012920    0.00086919
   845           0.00012909    0.00086782
   846           0.00012898    0.00086646
   847           0.00012887    0.00086510
   848           0.00012876    0.00086375
   849           0.00012865    0.00086239
   850           0.00012854    0.00086104
   851           0.00012843    0.00085970
   852           0.00012832    0.00085835
   853           0.00012821    0.00085701
   854           0.00012810    0.00085567
   855           0.00012799    0.00085434
   856           0.00012788    0.00085301
   857           0.00012777    0.00085168
   858           0.00012766    0.00085035
   859           0.00012755    0.00084903
   860           0.00012745    0.00084771
   861           0.00012734    0.00084639
   862           0.00012723    0.00084508
   863           0.00012712    0.00084377
   864           0.00012702    0.00084246
   865           0.00012691    0.00084116
   866           0.00012680    0.00083985
   867           0.00012669    0.00083855
   868           0.00012659    0.00083726
   869           0.00012648    0.00083596
   870           0.00012638    0.00083467
   871           0.00012627    0.00083339
   872           0.00012616    0.00083210
   873           0.00012606    0.00083082
   874           0.00012595    0.00082954
   875           0.00012585    0.00082827
   876           0.00012574    0.00082699
   877           0.00012564    0.00082572
   878           0.00012553    0.00082445
   879           0.00012543    0.00082319
   880           0.00012533    0.00082213
   881           0.00012522    0.00082120
   882           0.00012512    0.00082028
   883           0.00012502    0.00081935
   884           0.00012491    0.00081871
   885           0.00012481    0.00081826
   886           0.00012471    0.00081780
   887           0.00012460    0.00081734
   888           0.00012450    0.00081688
   889           0.00012440    0.00081642
   890           0.00012430    0.00081596
   891           0.00012420    0.00081551
   892           0.00012409    0.00081505
   893           0.00012399    0.00081459
   894           0.00012389    0.00081414
   895           0.00012379    0.00081368
   896           0.00012369    0.00081322
   897           0.00012359    0.00081277
   898           0.00012349    0.00081231
   899           0.00012339    0.00081186
   900           0.00012329    0.00081140
   901           0.00012319    0.00081095
   902           0.00012309    0.00081049
   903           0.00012299    0.00081004
   904           0.00012289    0.00080958
   905           0.00012279    0.00080913
   906           0.00012269    0.00080867
   907           0.00012259    0.00080822
   908           0.00012249    0.00080777
   909           0.00012240    0.00080731
   910           0.00012230    0.00080686
   911           0.00012220    0.00080641
   912           0.00012210    0.00080596
   913           0.00012200    0.00080550
   914           0.00012191    0.00080505
   915           0.00012181    0.00080460
   916           0.00012171    0.00080415
   917           0.00012162    0.00080370
   918           0.00012152    0.00080325
   919           0.00012142    0.00080280
   920           0.00012133    0.00080234
   921           0.00012123    0.00080189
   922           0.00012113    0.00080144
   923           0.00012104    0.00080099
   924           0.00012094    0.00080055
   925           0.00012085    0.00080010
   926           0.00012075    0.00079965
   927           0.00012066    0.00079920
   928           0.00012056    0.00079875
   929           0.00012047    0.00079830
   930           0.00012037    0.00079785
   931           0.00012028    0.00079741
   932           0.00012019    0.00079696
   933           0.00012009    0.00079651
   934           0.00012000    0.00079607
   935           0.00011990    0.00079562
   936           0.00011981    0.00079517
   937           0.00011972    0.00079473
   938           0.00011962    0.00079428
   939           0.00011953    0.00079384
   940           0.00011944    0.00079339
   941           0.00011935    0.00079294
   942           0.00011925    0.00079250
   943           0.00011916    0.00079206
   944           0.00011907    0.00079161
   945           0.00011898    0.00079117
   946           0.00011889    0.00079072
   947           0.00011879    0.00079028
   948           0.00011870    0.00078984
   949           0.00011861    0.00078939
   950           0.00011852    0.00078895
   951           0.00011843    0.00078851
   952           0.00011834    0.00078807
   953           0.00011825    0.00078763
   954           0.00011816    0.00078718
   955           0.00011807    0.00078674
   956           0.00011798    0.00078630
   957           0.00011789    0.00078586
   958           0.00011780    0.00078542
   959           0.00011771    0.00078498
   960           0.00011762    0.00078454
   961           0.00011753    0.00078410
   962           0.00011744    0.00078366
   963           0.00011735    0.00078322
   964           0.00011726    0.00078279
   965           0.00011718    0.00078235
   966           0.00011709    0.00078191
   967           0.00011700    0.00078147
   968           0.00011691    0.00078103
   969           0.00011682    0.00078060
   970           0.00011674    0.00078016
   971           0.00011665    0.00077972
   972           0.00011656    0.00077929
   973           0.00011647    0.00077885
   974           0.00011639    0.00077841
   975           0.00011630    0.00077798
   976           0.00011621    0.00077754
   977           0.00011613    0.00077711
   978           0.00011604    0.00077667
   979           0.00011595    0.00077624
   980           0.00011587    0.00077581
   981           0.00011578    0.00077537
   982           0.00011570    0.00077494
   983           0.00011561    0.00077450
   984           0.00011552    0.00077407
   985           0.00011544    0.00077364
   986           0.00011535    0.00077321
   987           0.00011527    0.00077277
   988           0.00011518    0.00077234
   989           0.00011510    0.00077191
   990           0.00011501    0.00077148
   991           0.00011493    0.00077105
   992           0.00011485    0.00077062
   993           0.00011476    0.00077019
   994           0.00011468    0.00076976
   995           0.00011459    0.00076933
   996           0.00011451    0.00076890
   997           0.00011443    0.00076847
   998           0.00011434    0.00076804
   999           0.00011426    0.00076761
  1000           0.00011418    0.00076718
  1001           0.00011409    0.00076675
  1002           0.00011401    0.00076633
  1003           0.00011393    0.00076590
  1004           0.00011385    0.00076547
  1005           0.00011376    0.00076505
  1006           0.00011368    0.00076462
  1007           0.00011360    0.00076419
  1008           0.00011352    0.00076377
  1009           0.00011344    0.00076334
  1010           0.00011335    0.00076292
  1011           0.00011327    0.00076249
  1012           0.00011319    0.00076207
  1013           0.00011311    0.00076164
  1014           0.00011303    0.00076122
  1015           0.00011295    0.00076079
  1016           0.00011287    0.00076037
  1017           0.00011279    0.00075995
  1018           0.00011271    0.00075952
  1019           0.00011263    0.00075910
  1020           0.00011254    0.00075868
  1021           0.00011246    0.00075825
  1022           0.00011238    0.00075783
  1023           0.00011231    0.00075741
  1024           0.00011223    0.00075699
  1025           0.00011215    0.00075657
  1026           0.00011207    0.00075615
  1027           0.00011199    0.00075573
  1028           0.00011191    0.00075531
  1029           0.00011183    0.00075489
  1030           0.00011175    0.00075447
  1031           0.00011167    0.00075405
  1032           0.00011159    0.00075363
  1033           0.00011152    0.00075321
  1034           0.00011144    0.00075279
  1035           0.00011136    0.00075238
  1036           0.00011128    0.00075196
  1037           0.00011120    0.00075154
  1038           0.00011113    0.00075112
  1039           0.00011105    0.00075071
  1040           0.00011097    0.00075029
  1041           0.00011089    0.00074987
  1042           0.00011082    0.00074946
  1043           0.00011074    0.00074904
  1044           0.00011066    0.00074863
  1045           0.00011058    0.00074821
  1046           0.00011051    0.00074780
  1047           0.00011043    0.00074738
  1048           0.00011036    0.00074697
  1049           0.00011028    0.00074655
  1050           0.00011020    0.00074614
  1051           0.00011013    0.00074573
  1052           0.00011005    0.00074531
  1053           0.00010998    0.00074490
  1054           0.00010990    0.00074449
  1055           0.00010982    0.00074408
  1056           0.00010975    0.00074367
  1057           0.00010967    0.00074325
  1058           0.00010960    0.00074284
  1059           0.00010952    0.00074243
  1060           0.00010945    0.00074202
  1061           0.00010937    0.00074161
  1062           0.00010930    0.00074120
  1063           0.00010923    0.00074079
  1064           0.00010915    0.00074038
  1065           0.00010908    0.00073997
  1066           0.00010900    0.00073956
  1067           0.00010893    0.00073916
  1068           0.00010885    0.00073875
  1069           0.00010878    0.00073834
  1070           0.00010871    0.00073793
  1071           0.00010863    0.00073752
  1072           0.00010856    0.00073712
  1073           0.00010849    0.00073671
  1074           0.00010841    0.00073630
  1075           0.00010834    0.00073590
  1076           0.00010827    0.00073549
  1077           0.00010820    0.00073509
  1078           0.00010812    0.00073468
  1079           0.00010805    0.00073428
  1080           0.00010798    0.00073387
  1081           0.00010791    0.00073347
  1082           0.00010783    0.00073306
  1083           0.00010776    0.00073266
  1084           0.00010769    0.00073226
  1085           0.00010762    0.00073185
  1086           0.00010755    0.00073145
  1087           0.00010748    0.00073105
  1088           0.00010740    0.00073065
  1089           0.00010733    0.00073024
  1090           0.00010726    0.00072984
  1091           0.00010719    0.00072944
  1092           0.00010712    0.00072904
  1093           0.00010705    0.00072864
  1094           0.00010698    0.00072824
  1095           0.00010691    0.00072784
  1096           0.00010684    0.00072744
  1097           0.00010677    0.00072704
  1098           0.00010670    0.00072664
  1099           0.00010663    0.00072624
  1100           0.00010656    0.00072584
  1101           0.00010649    0.00072544
  1102           0.00010642    0.00072505
  1103           0.00010635    0.00072465
  1104           0.00010628    0.00072425
  1105           0.00010621    0.00072385
  1106           0.00010614    0.00072346
  1107           0.00010607    0.00072306
  1108           0.00010600    0.00072266
  1109           0.00010593    0.00072227
  1110           0.00010587    0.00072187
  1111           0.00010580    0.00072148
  1112           0.00010573    0.00072108
  1113           0.00010566    0.00072069
  1114           0.00010559    0.00072029
  1115           0.00010552    0.00071990
  1116           0.00010545    0.00071951
  1117           0.00010539    0.00071911
  1118           0.00010532    0.00071872
  1119           0.00010525    0.00071833
  1120           0.00010518    0.00071793
  1121           0.00010512    0.00071754
  1122           0.00010505    0.00071715
  1123           0.00010498    0.00071676
  1124           0.00010491    0.00071636
  1125           0.00010485    0.00071597
  1126           0.00010478    0.00071558
  1127           0.00010471    0.00071519
  1128           0.00010465    0.00071480
  1129           0.00010458    0.00071441
  1130           0.00010451    0.00071402
  1131           0.00010445    0.00071363
  1132           0.00010438    0.00071324
  1133           0.00010431    0.00071285
  1134           0.00010425    0.00071247
  1135           0.00010418    0.00071208
  1136           0.00010412    0.00071169
  1137           0.00010405    0.00071130
  1138           0.00010398    0.00071091
  1139           0.00010392    0.00071053
  1140           0.00010385    0.00071014
  1141           0.00010379    0.00070975
  1142           0.00010372    0.00070937
  1143           0.00010366    0.00070898
  1144           0.00010359    0.00070860
  1145           0.00010353    0.00070821
  1146           0.00010346    0.00070783
  1147           0.00010340    0.00070744
  1148           0.00010333    0.00070706
  1149           0.00010327    0.00070667
  1150           0.00010320    0.00070629
  1151           0.00010314    0.00070591
  1152           0.00010308    0.00070552
  1153           0.00010301    0.00070514
  1154           0.00010295    0.00070476
  1155           0.00010288    0.00070437
  1156           0.00010282    0.00070399
  1157           0.00010276    0.00070361
  1158           0.00010269    0.00070323
  1159           0.00010263    0.00070285
  1160           0.00010257    0.00070247
  1161           0.00010250    0.00070209
  1162           0.00010244    0.00070171
  1163           0.00010238    0.00070133
  1164           0.00010231    0.00070095
  1165           0.00010225    0.00070057
  1166           0.00010219    0.00070019
  1167           0.00010213    0.00069981
  1168           0.00010206    0.00069943
  1169           0.00010200    0.00069905
  1170           0.00010194    0.00069867
  1171           0.00010188    0.00069829
  1172           0.00010181    0.00069792
  1173           0.00010175    0.00069754
  1174           0.00010169    0.00069716
  1175           0.00010163    0.00069679
  1176           0.00010157    0.00069641
  1177           0.00010150    0.00069603
  1178           0.00010144    0.00069566
  1179           0.00010138    0.00069528
  1180           0.00010132    0.00069491
  1181           0.00010126    0.00069453
  1182           0.00010120    0.00069416
  1183           0.00010114    0.00069378
  1184           0.00010107    0.00069341
  1185           0.00010101    0.00069304
  1186           0.00010095    0.00069266
  1187           0.00010089    0.00069229
  1188           0.00010083    0.00069192
  1189           0.00010077    0.00069154
  1190           0.00010071    0.00069117
  1191           0.00010065    0.00069080
  1192           0.00010059    0.00069043
  1193           0.00010053    0.00069006
  1194           0.00010047    0.00068969
  1195           0.00010041    0.00068932
  1196           0.00010035    0.00068894
  1197           0.00010029    0.00068857
  1198           0.00010023    0.00068820
  1199           0.00010017    0.00068783
  1200           0.00010011    0.00068747
  1201           0.00010005    0.00068710
  1202           0.00009999    0.00068673
  1203           0.00009993    0.00068636
  1204           0.00009987    0.00068599
  1205           0.00009982    0.00068562
  1206           0.00009976    0.00068525
  1207           0.00009970    0.00068489
  1208           0.00009964    0.00068452
  1209           0.00009958    0.00068415
  1210           0.00009952    0.00068379
  1211           0.00009946    0.00068342
  1212           0.00009940    0.00068305
  1213           0.00009935    0.00068269
  1214           0.00009929    0.00068232
  1215           0.00009923    0.00068196
  1216           0.00009917    0.00068159
  1217           0.00009911    0.00068123
  1218           0.00009906    0.00068086
  1219           0.00009900    0.00068050
  1220           0.00009894    0.00068014
  1221           0.00009888    0.00067977
  1222           0.00009883    0.00067941
  1223           0.00009877    0.00067905
  1224           0.00009871    0.00067868
  1225           0.00009865    0.00067832
  1226           0.00009860    0.00067796
  1227           0.00009854    0.00067760
  1228           0.00009848    0.00067724
  1229           0.00009843    0.00067687
  1230           0.00009837    0.00067651
  1231           0.00009831    0.00067615
  1232           0.00009826    0.00067579
  1233           0.00009820    0.00067543
  1234           0.00009814    0.00067507
  1235           0.00009809    0.00067471
  1236           0.00009803    0.00067435
  1237           0.00009797    0.00067399
  1238           0.00009792    0.00067364
  1239           0.00009786    0.00067328
  1240           0.00009781    0.00067292
  1241           0.00009775    0.00067256
  1242           0.00009769    0.00067220
  1243           0.00009764    0.00067185
  1244           0.00009758    0.00067149
  1245           0.00009753    0.00067113
  1246           0.00009747    0.00067077
  1247           0.00009742    0.00067042
  1248           0.00009736    0.00067006
  1249           0.00009731    0.00066971
  1250           0.00009725    0.00066935
  1251           0.00009720    0.00066900
  1252           0.00009714    0.00066864
  1253           0.00009709    0.00066829
  1254           0.00009703    0.00066793
  1255           0.00009698    0.00066758
  1256           0.00009692    0.00066722
  1257           0.00009687    0.00066687
  1258           0.00009681    0.00066652
  1259           0.00009676    0.00066616
  1260           0.00009670    0.00066581
  1261           0.00009665    0.00066546
  1262           0.00009660    0.00066511
  1263           0.00009654    0.00066475
  1264           0.00009649    0.00066440
  1265           0.00009643    0.00066405
  1266           0.00009638    0.00066370
  1267           0.00009633    0.00066335
  1268           0.00009627    0.00066300
  1269           0.00009622    0.00066265
  1270           0.00009617    0.00066230
  1271           0.00009611    0.00066195
  1272           0.00009606    0.00066160
  1273           0.00009601    0.00066125
  1274           0.00009595    0.00066090
  1275           0.00009590    0.00066055
  1276           0.00009585    0.00066020
  1277           0.00009579    0.00065986
  1278           0.00009574    0.00065951
  1279           0.00009569    0.00065916
  1280           0.00009564    0.00065881
  1281           0.00009558    0.00065847
  1282           0.00009553    0.00065812
  1283           0.00009548    0.00065777
  1284           0.00009543    0.00065743
  1285           0.00009537    0.00065708
  1286           0.00009532    0.00065674
  1287           0.00009527    0.00065639
  1288           0.00009522    0.00065604
  1289           0.00009517    0.00065570
  1290           0.00009511    0.00065535
  1291           0.00009506    0.00065501
  1292           0.00009501    0.00065467
  1293           0.00009496    0.00065432
  1294           0.00009491    0.00065398
  1295           0.00009486    0.00065364
  1296           0.00009480    0.00065329
  1297           0.00009475    0.00065295
  1298           0.00009470    0.00065261
  1299           0.00009465    0.00065226
  1300           0.00009460    0.00065192
  1301           0.00009455    0.00065158
  1302           0.00009450    0.00065124
  1303           0.00009445    0.00065090
  1304           0.00009440    0.00065056
  1305           0.00009434    0.00065022
  1306           0.00009429    0.00064988
  1307           0.00009424    0.00064954
  1308           0.00009419    0.00064920
  1309           0.00009414    0.00064886
  1310           0.00009409    0.00064852
  1311           0.00009404    0.00064818
  1312           0.00009399    0.00064784
  1313           0.00009394    0.00064750
  1314           0.00009389    0.00064716
  1315           0.00009384    0.00064682
  1316           0.00009379    0.00064649
  1317           0.00009374    0.00064615
  1318           0.00009369    0.00064581
  1319           0.00009364    0.00064547
  1320           0.00009359    0.00064514
  1321           0.00009354    0.00064480
  1322           0.00009349    0.00064446
  1323           0.00009344    0.00064413
  1324           0.00009339    0.00064379
  1325           0.00009334    0.00064346
  1326           0.00009330    0.00064312
  1327           0.00009325    0.00064279
  1328           0.00009320    0.00064245
  1329           0.00009315    0.00064212
  1330           0.00009310    0.00064178
  1331           0.00009305    0.00064145
  1332           0.00009300    0.00064112
  1333           0.00009295    0.00064078
  1334           0.00009290    0.00064045
  1335           0.00009286    0.00064012
  1336           0.00009281    0.00063978
  1337           0.00009276    0.00063945
  1338           0.00009271    0.00063912
  1339           0.00009266    0.00063879
  1340           0.00009261    0.00063846
  1341           0.00009257    0.00063812
  1342           0.00009252    0.00063779
  1343           0.00009247    0.00063746
  1344           0.00009242    0.00063713
  1345           0.00009237    0.00063680
  1346           0.00009233    0.00063647
  1347           0.00009228    0.00063614
  1348           0.00009223    0.00063581
  1349           0.00009218    0.00063548
  1350           0.00009213    0.00063515
  1351           0.00009209    0.00063482
  1352           0.00009204    0.00063450
  1353           0.00009199    0.00063417
  1354           0.00009194    0.00063384
  1355           0.00009190    0.00063351
  1356           0.00009185    0.00063318
  1357           0.00009180    0.00063286
  1358           0.00009176    0.00063253
  1359           0.00009171    0.00063220
  1360           0.00009166    0.00063188
  1361           0.00009162    0.00063155
  1362           0.00009157    0.00063122
  1363           0.00009152    0.00063090
  1364           0.00009148    0.00063057
  1365           0.00009143    0.00063025
  1366           0.00009138    0.00062992
  1367           0.00009134    0.00062960
  1368           0.00009129    0.00062927
  1369           0.00009124    0.00062895
  1370           0.00009120    0.00062862
  1371           0.00009115    0.00062830
  1372           0.00009110    0.00062798
  1373           0.00009106    0.00062765
  1374           0.00009101    0.00062733
  1375           0.00009097    0.00062701
  1376           0.00009092    0.00062669
  1377           0.00009087    0.00062636
  1378           0.00009083    0.00062604
  1379           0.00009078    0.00062572
  1380           0.00009074    0.00062540
  1381           0.00009069    0.00062508
  1382           0.00009065    0.00062475
  1383           0.00009060    0.00062443
  1384           0.00009056    0.00062411
  1385           0.00009051    0.00062379
  1386           0.00009047    0.00062347
  1387           0.00009042    0.00062315
  1388           0.00009038    0.00062283
  1389           0.00009033    0.00062251
  1390           0.00009029    0.00062219
  1391           0.00009024    0.00062188
  1392           0.00009020    0.00062156
  1393           0.00009015    0.00062124
  1394           0.00009011    0.00062092
  1395           0.00009006    0.00062060
  1396           0.00009002    0.00062028
  1397           0.00008997    0.00061997
  1398           0.00008993    0.00061965
  1399           0.00008988    0.00061933
  1400           0.00008984    0.00061902
  1401           0.00008979    0.00061870
  1402           0.00008975    0.00061838
  1403           0.00008971    0.00061807
  1404           0.00008966    0.00061775
  1405           0.00008962    0.00061744
  1406           0.00008957    0.00061712
  1407           0.00008953    0.00061681
  1408           0.00008949    0.00061649
  1409           0.00008944    0.00061618
  1410           0.00008940    0.00061586
  1411           0.00008935    0.00061555
  1412           0.00008931    0.00061523
  1413           0.00008927    0.00061492
  1414           0.00008922    0.00061461
  1415           0.00008918    0.00061429
  1416           0.00008914    0.00061398
  1417           0.00008909    0.00061367
  1418           0.00008905    0.00061336
  1419           0.00008901    0.00061304
  1420           0.00008896    0.00061273
  1421           0.00008892    0.00061242
  1422           0.00008888    0.00061211
  1423           0.00008884    0.00061180
  1424           0.00008879    0.00061149
  1425           0.00008875    0.00061118
  1426           0.00008871    0.00061087
  1427           0.00008866    0.00061056
  1428           0.00008862    0.00061025
  1429           0.00008858    0.00060994
  1430           0.00008854    0.00060963
  1431           0.00008849    0.00060932
  1432           0.00008845    0.00060901
  1433           0.00008841    0.00060870
  1434           0.00008837    0.00060839
  1435           0.00008832    0.00060808
  1436           0.00008828    0.00060777
  1437           0.00008824    0.00060747
  1438           0.00008820    0.00060716
  1439           0.00008816    0.00060685
  1440           0.00008811    0.00060654
  1441           0.00008807    0.00060624
  1442           0.00008803    0.00060593
  1443           0.00008799    0.00060562
  1444           0.00008795    0.00060532
  1445           0.00008790    0.00060501
  1446           0.00008786    0.00060471
  1447           0.00008782    0.00060440
  1448           0.00008778    0.00060409
  1449           0.00008774    0.00060379
  1450           0.00008770    0.00060348
  1451           0.00008765    0.00060318
  1452           0.00008761    0.00060288
  1453           0.00008757    0.00060257
  1454           0.00008753    0.00060227
  1455           0.00008749    0.00060196
  1456           0.00008745    0.00060166
  1457           0.00008741    0.00060136
  1458           0.00008737    0.00060105
  1459           0.00008733    0.00060075
  1460           0.00008728    0.00060045
  1461           0.00008724    0.00060015
  1462           0.00008720    0.00059984
  1463           0.00008716    0.00059954
  1464           0.00008712    0.00059924
  1465           0.00008708    0.00059894
  1466           0.00008704    0.00059864
  1467           0.00008700    0.00059834
  1468           0.00008696    0.00059804
  1469           0.00008692    0.00059773
  1470           0.00008688    0.00059743
  1471           0.00008684    0.00059713
  1472           0.00008680    0.00059683
  1473           0.00008676    0.00059654
  1474           0.00008672    0.00059624
  1475           0.00008668    0.00059594
  1476           0.00008664    0.00059564
  1477           0.00008660    0.00059534
  1478           0.00008656    0.00059504
  1479           0.00008652    0.00059474
  1480           0.00008648    0.00059444
  1481           0.00008644    0.00059415
  1482           0.00008640    0.00059385
  1483           0.00008636    0.00059355
  1484           0.00008632    0.00059325
  1485           0.00008628    0.00059296
  1486           0.00008624    0.00059266
  1487           0.00008620    0.00059236
  1488           0.00008616    0.00059207
  1489           0.00008612    0.00059177
  1490           0.00008608    0.00059148
  1491           0.00008604    0.00059118
  1492           0.00008600    0.00059089
  1493           0.00008596    0.00059059
  1494           0.00008592    0.00059029
  1495           0.00008589    0.00059000
  1496           0.00008585    0.00058971
  1497           0.00008581    0.00058941
  1498           0.00008577    0.00058912
  1499           0.00008573    0.00058882
  1500           0.00008569    0.00058853
  1501           0.00008565    0.00058824
  1502           0.00008561    0.00058794
  1503           0.00008557    0.00058765
  1504           0.00008554    0.00058736
  1505           0.00008550    0.00058707
  1506           0.00008546    0.00058677
  1507           0.00008542    0.00058648
  1508           0.00008538    0.00058619
  1509           0.00008534    0.00058590
  1510           0.00008531    0.00058561
  1511           0.00008527    0.00058532
  1512           0.00008523    0.00058502
  1513           0.00008519    0.00058473
  1514           0.00008515    0.00058444
  1515           0.00008511    0.00058415
  1516           0.00008508    0.00058386
  1517           0.00008504    0.00058357
  1518           0.00008500    0.00058328
  1519           0.00008496    0.00058299
  1520           0.00008492    0.00058270
  1521           0.00008489    0.00058242
  1522           0.00008485    0.00058213
  1523           0.00008481    0.00058184
  1524           0.00008477    0.00058155
  1525           0.00008474    0.00058126
  1526           0.00008470    0.00058097
  1527           0.00008466    0.00058069
  1528           0.00008462    0.00058040
  1529           0.00008459    0.00058011
  1530           0.00008455    0.00057982
  1531           0.00008451    0.00057954
  1532           0.00008447    0.00057925
  1533           0.00008444    0.00057896
  1534           0.00008440    0.00057868
  1535           0.00008436    0.00057839
  1536           0.00008432    0.00057811
  1537           0.00008429    0.00057782
  1538           0.00008425    0.00057754
  1539           0.00008421    0.00057725
  1540           0.00008418    0.00057697
  1541           0.00008414    0.00057668
  1542           0.00008410    0.00057640
  1543           0.00008407    0.00057611
  1544           0.00008403    0.00057583
  1545           0.00008399    0.00057554
  1546           0.00008396    0.00057526
  1547           0.00008392    0.00057498
  1548           0.00008388    0.00057469
  1549           0.00008385    0.00057441
  1550           0.00008381    0.00057413
  1551           0.00008377    0.00057385
  1552           0.00008374    0.00057356
  1553           0.00008370    0.00057328
  1554           0.00008366    0.00057300
  1555           0.00008363    0.00057272
  1556           0.00008359    0.00057244
  1557           0.00008356    0.00057216
  1558           0.00008352    0.00057187
  1559           0.00008348    0.00057159
  1560           0.00008345    0.00057131
  1561           0.00008341    0.00057103
  1562           0.00008338    0.00057075
  1563           0.00008334    0.00057047
  1564           0.00008330    0.00057019
  1565           0.00008327    0.00056991
  1566           0.00008323    0.00056963
  1567           0.00008320    0.00056935
  1568           0.00008316    0.00056907
  1569           0.00008313    0.00056880
  1570           0.00008309    0.00056852
  1571           0.00008305    0.00056824
  1572           0.00008302    0.00056796
  1573           0.00008298    0.00056768
  1574           0.00008295    0.00056741
  1575           0.00008291    0.00056713
  1576           0.00008288    0.00056685
  1577           0.00008284    0.00056657
  1578           0.00008281    0.00056630
  1579           0.00008277    0.00056602
  1580           0.00008274    0.00056574
  1581           0.00008270    0.00056547
  1582           0.00008267    0.00056519
  1583           0.00008263    0.00056491
  1584           0.00008260    0.00056464
  1585           0.00008256    0.00056436
  1586           0.00008253    0.00056409
  1587           0.00008249    0.00056381
  1588           0.00008246    0.00056354
  1589           0.00008242    0.00056326
  1590           0.00008239    0.00056299
  1591           0.00008235    0.00056271
  1592           0.00008232    0.00056244
  1593           0.00008228    0.00056217
  1594           0.00008225    0.00056189
  1595           0.00008221    0.00056162
  1596           0.00008218    0.00056135
  1597           0.00008215    0.00056107
  1598           0.00008211    0.00056080
  1599           0.00008208    0.00056053
  1600           0.00008204    0.00056026
  1601           0.00008201    0.00055998
  1602           0.00008197    0.00055971
  1603           0.00008194    0.00055944
  1604           0.00008191    0.00055917
  1605           0.00008187    0.00055890
  1606           0.00008184    0.00055863
  1607           0.00008180    0.00055835
  1608           0.00008177    0.00055808
  1609           0.00008174    0.00055781
  1610           0.00008170    0.00055754
  1611           0.00008167    0.00055727
  1612           0.00008163    0.00055700
  1613           0.00008160    0.00055673
  1614           0.00008157    0.00055646
  1615           0.00008153    0.00055619
  1616           0.00008150    0.00055592
  1617           0.00008147    0.00055565
  1618           0.00008143    0.00055539
  1619           0.00008140    0.00055512
  1620           0.00008137    0.00055485
  1621           0.00008133    0.00055458
  1622           0.00008130    0.00055431
  1623           0.00008127    0.00055404
  1624           0.00008123    0.00055378
  1625           0.00008120    0.00055351
  1626           0.00008117    0.00055324
  1627           0.00008113    0.00055297
  1628           0.00008110    0.00055271
  1629           0.00008107    0.00055244
  1630           0.00008103    0.00055217
  1631           0.00008100    0.00055191
  1632           0.00008097    0.00055164
  1633           0.00008093    0.00055138
  1634           0.00008090    0.00055111
  1635           0.00008087    0.00055085
  1636           0.00008083    0.00055058
  1637           0.00008080    0.00055032
  1638           0.00008077    0.00055005
  1639           0.00008074    0.00054979
  1640           0.00008070    0.00054952
  1641           0.00008067    0.00054926
  1642           0.00008064    0.00054899
  1643           0.00008061    0.00054873
  1644           0.00008057    0.00054846
  1645           0.00008054    0.00054820
  1646           0.00008051    0.00054794
  1647           0.00008048    0.00054767
  1648           0.00008044    0.00054741
  1649           0.00008041    0.00054715
  1650           0.00008038    0.00054689
  1651           0.00008035    0.00054662
  1652           0.00008031    0.00054636
  1653           0.00008028    0.00054610
  1654           0.00008025    0.00054584
  1655           0.00008022    0.00054558
  1656           0.00008019    0.00054531
  1657           0.00008015    0.00054505
  1658           0.00008012    0.00054479
  1659           0.00008009    0.00054453
  1660           0.00008006    0.00054427
  1661           0.00008003    0.00054401
  1662           0.00007999    0.00054375
  1663           0.00007996    0.00054349
  1664           0.00007993    0.00054323
  1665           0.00007990    0.00054297
  1666           0.00007987    0.00054271
  1667           0.00007983    0.00054245
  1668           0.00007980    0.00054219
  1669           0.00007977    0.00054193
  1670           0.00007974    0.00054167
  1671           0.00007971    0.00054142
  1672           0.00007968    0.00054116
  1673           0.00007964    0.00054090
  1674           0.00007961    0.00054064
  1675           0.00007958    0.00054038
  1676           0.00007955    0.00054013
  1677           0.00007952    0.00053987
  1678           0.00007949    0.00053961
  1679           0.00007946    0.00053935
  1680           0.00007943    0.00053910
  1681           0.00007939    0.00053884
  1682           0.00007936    0.00053858
  1683           0.00007933    0.00053833
  1684           0.00007930    0.00053807
  1685           0.00007927    0.00053782
  1686           0.00007924    0.00053756
  1687           0.00007921    0.00053730
  1688           0.00007918    0.00053705
  1689           0.00007915    0.00053679
  1690           0.00007911    0.00053654
  1691           0.00007908    0.00053628
  1692           0.00007905    0.00053603
  1693           0.00007902    0.00053577
  1694           0.00007899    0.00053552
  1695           0.00007896    0.00053527
  1696           0.00007893    0.00053501
  1697           0.00007890    0.00053476
  1698           0.00007887    0.00053451
  1699           0.00007884    0.00053425
  1700           0.00007881    0.00053400
  1701           0.00007878    0.00053375
  1702           0.00007875    0.00053349
  1703           0.00007872    0.00053324
  1704           0.00007869    0.00053299
  1705           0.00007866    0.00053274
  1706           0.00007862    0.00053248
  1707           0.00007859    0.00053223
  1708           0.00007856    0.00053198
  1709           0.00007853    0.00053173
  1710           0.00007850    0.00053148
  1711           0.00007847    0.00053123
  1712           0.00007844    0.00053097
  1713           0.00007841    0.00053072
  1714           0.00007838    0.00053047
  1715           0.00007835    0.00053022
  1716           0.00007832    0.00052997
  1717           0.00007829    0.00052972
  1718           0.00007826    0.00052947
  1719           0.00007823    0.00052922
  1720           0.00007820    0.00052897
  1721           0.00007817    0.00052872
  1722           0.00007814    0.00052847
  1723           0.00007811    0.00052823
  1724           0.00007808    0.00052798
  1725           0.00007805    0.00052773
  1726           0.00007802    0.00052748
  1727           0.00007799    0.00052723
  1728           0.00007797    0.00052698
  1729           0.00007794    0.00052674
  1730           0.00007791    0.00052649
  1731           0.00007788    0.00052624
  1732           0.00007785    0.00052599
  1733           0.00007782    0.00052575
  1734           0.00007779    0.00052550
  1735           0.00007776    0.00052525
  1736           0.00007773    0.00052501
  1737           0.00007770    0.00052476
  1738           0.00007767    0.00052451
  1739           0.00007764    0.00052427
  1740           0.00007761    0.00052402
  1741           0.00007758    0.00052377
  1742           0.00007755    0.00052353
  1743           0.00007752    0.00052328
  1744           0.00007750    0.00052304
  1745           0.00007747    0.00052279
  1746           0.00007744    0.00052255
  1747           0.00007741    0.00052230
  1748           0.00007738    0.00052206
  1749           0.00007735    0.00052181
  1750           0.00007732    0.00052157
  1751           0.00007729    0.00052133
  1752           0.00007726    0.00052108
  1753           0.00007724    0.00052084
  1754           0.00007721    0.00052060
  1755           0.00007718    0.00052035
  1756           0.00007715    0.00052011
  1757           0.00007712    0.00051987
  1758           0.00007709    0.00051962
  1759           0.00007706    0.00051938
  1760           0.00007703    0.00051914
  1761           0.00007701    0.00051890
  1762           0.00007698    0.00051865
  1763           0.00007695    0.00051841
  1764           0.00007692    0.00051817
  1765           0.00007689    0.00051793
  1766           0.00007686    0.00051769
  1767           0.00007683    0.00051745
  1768           0.00007681    0.00051721
  1769           0.00007678    0.00051696
  1770           0.00007675    0.00051672
  1771           0.00007672    0.00051648
  1772           0.00007669    0.00051624
  1773           0.00007666    0.00051600
  1774           0.00007664    0.00051576
  1775           0.00007661    0.00051552
  1776           0.00007658    0.00051528
  1777           0.00007655    0.00051504
  1778           0.00007652    0.00051480
  1779           0.00007650    0.00051457
  1780           0.00007647    0.00051433
  1781           0.00007644    0.00051409
  1782           0.00007641    0.00051385
  1783           0.00007638    0.00051361
  1784           0.00007636    0.00051337
  1785           0.00007633    0.00051313
  1786           0.00007630    0.00051290
  1787           0.00007627    0.00051266
  1788           0.00007624    0.00051242
  1789           0.00007622    0.00051218
  1790           0.00007619    0.00051195
  1791           0.00007616    0.00051171
  1792           0.00007613    0.00051147
  1793           0.00007611    0.00051123
  1794           0.00007608    0.00051100
  1795           0.00007605    0.00051076
  1796           0.00007602    0.00051053
  1797           0.00007600    0.00051029
  1798           0.00007597    0.00051005
  1799           0.00007594    0.00050982
  1800           0.00007591    0.00050958
  1801           0.00007589    0.00050935
  1802           0.00007586    0.00050911
  1803           0.00007583    0.00050888
  1804           0.00007580    0.00050864
  1805           0.00007578    0.00050841
  1806           0.00007575    0.00050817
  1807           0.00007572    0.00050794
  1808           0.00007570    0.00050770
  1809           0.00007567    0.00050747
  1810           0.00007564    0.00050724
  1811           0.00007561    0.00050700
  1812           0.00007559    0.00050677
  1813           0.00007556    0.00050653
  1814           0.00007553    0.00050630
  1815           0.00007551    0.00050607
  1816           0.00007548    0.00050584
  1817           0.00007545    0.00050560
  1818           0.00007542    0.00050537
  1819           0.00007540    0.00050514
  1820           0.00007537    0.00050491
  1821           0.00007534    0.00050467
  1822           0.00007532    0.00050444
  1823           0.00007529    0.00050421
  1824           0.00007526    0.00050398
  1825           0.00007524    0.00050375
  1826           0.00007521    0.00050352
  1827           0.00007518    0.00050328
  1828           0.00007516    0.00050305
  1829           0.00007513    0.00050282
  1830           0.00007510    0.00050259
  1831           0.00007508    0.00050236
  1832           0.00007505    0.00050213
  1833           0.00007502    0.00050190
  1834           0.00007500    0.00050167
  1835           0.00007497    0.00050144
  1836           0.00007494    0.00050121
  1837           0.00007492    0.00050098
  1838           0.00007489    0.00050075
  1839           0.00007487    0.00050052
  1840           0.00007484    0.00050029
  1841           0.00007481    0.00050007
  1842           0.00007479    0.00049984
  1843           0.00007476    0.00049961
  1844           0.00007473    0.00049938
  1845           0.00007471    0.00049915
  1846           0.00007468    0.00049892
  1847           0.00007466    0.00049870
  1848           0.00007463    0.00049847
  1849           0.00007460    0.00049824
  1850           0.00007458    0.00049801
  1851           0.00007455    0.00049779
  1852           0.00007452    0.00049756
  1853           0.00007450    0.00049733
  1854           0.00007447    0.00049711
  1855           0.00007445    0.00049688
  1856           0.00007442    0.00049665
  1857           0.00007439    0.00049643
  1858           0.00007437    0.00049620
  1859           0.00007434    0.00049597
  1860           0.00007432    0.00049575
  1861           0.00007429    0.00049552
  1862           0.00007427    0.00049530
  1863           0.00007424    0.00049507
  1864           0.00007421    0.00049485
  1865           0.00007419    0.00049462
  1866           0.00007416    0.00049440
  1867           0.00007414    0.00049417
  1868           0.00007411    0.00049395
  1869           0.00007409    0.00049372
  1870           0.00007406    0.00049350
  1871           0.00007404    0.00049328
  1872           0.00007401    0.00049305
  1873           0.00007398    0.00049283
  1874           0.00007396    0.00049260
  1875           0.00007393    0.00049238
  1876           0.00007391    0.00049216
  1877           0.00007388    0.00049194
  1878           0.00007386    0.00049171
  1879           0.00007383    0.00049149
  1880           0.00007381    0.00049127
  1881           0.00007378    0.00049104
  1882           0.00007376    0.00049082
  1883           0.00007373    0.00049060
  1884           0.00007371    0.00049038
  1885           0.00007368    0.00049016
  1886           0.00007365    0.00048993
  1887           0.00007363    0.00048971
  1888           0.00007360    0.00048949
  1889           0.00007358    0.00048927
  1890           0.00007355    0.00048905
  1891           0.00007353    0.00048883
  1892           0.00007350    0.00048861
  1893           0.00007348    0.00048839
  1894           0.00007345    0.00048817
  1895           0.00007343    0.00048795
  1896           0.00007340    0.00048773
  1897           0.00007338    0.00048751
  1898           0.00007335    0.00048729
  1899           0.00007333    0.00048707
  1900           0.00007331    0.00048685
  1901           0.00007328    0.00048663
  1902           0.00007326    0.00048641
  1903           0.00007323    0.00048619
  1904           0.00007321    0.00048597
  1905           0.00007318    0.00048575
  1906           0.00007316    0.00048553
  1907           0.00007313    0.00048531
  1908           0.00007311    0.00048510
  1909           0.00007308    0.00048488
  1910           0.00007306    0.00048466
  1911           0.00007303    0.00048444
  1912           0.00007301    0.00048422
  1913           0.00007298    0.00048401
  1914           0.00007296    0.00048379
  1915           0.00007294    0.00048357
  1916           0.00007291    0.00048336
  1917           0.00007289    0.00048314
  1918           0.00007286    0.00048292
  1919           0.00007284    0.00048271
  1920           0.00007281    0.00048249
  1921           0.00007279    0.00048227
  1922           0.00007276    0.00048206
  1923           0.00007274    0.00048184
  1924           0.00007272    0.00048162
  1925           0.00007269    0.00048141
  1926           0.00007267    0.00048119
  1927           0.00007264    0.00048098
  1928           0.00007262    0.00048076
  1929           0.00007260    0.00048055
  1930           0.00007257    0.00048033
  1931           0.00007255    0.00048012
  1932           0.00007252    0.00047990
  1933           0.00007250    0.00047969
  1934           0.00007247    0.00047947
  1935           0.00007245    0.00047926
  1936           0.00007243    0.00047905
  1937           0.00007240    0.00047883
  1938           0.00007238    0.00047862
  1939           0.00007235    0.00047840
  1940           0.00007233    0.00047819
  1941           0.00007231    0.00047798
  1942           0.00007228    0.00047776
  1943           0.00007226    0.00047755
  1944           0.00007224    0.00047734
  1945           0.00007221    0.00047713
  1946           0.00007219    0.00047691
  1947           0.00007216    0.00047670
  1948           0.00007214    0.00047649
  1949           0.00007212    0.00047628
  1950           0.00007209    0.00047606
  1951           0.00007207    0.00047585
  1952           0.00007205    0.00047564
  1953           0.00007202    0.00047543
  1954           0.00007200    0.00047522
  1955           0.00007198    0.00047501
  1956           0.00007195    0.00047479
  1957           0.00007193    0.00047458
  1958           0.00007190    0.00047437
  1959           0.00007188    0.00047416
  1960           0.00007186    0.00047395
  1961           0.00007183    0.00047374
  1962           0.00007181    0.00047353
  1963           0.00007179    0.00047332
  1964           0.00007176    0.00047311
  1965           0.00007174    0.00047290
  1966           0.00007172    0.00047269
  1967           0.00007169    0.00047248
  1968           0.00007167    0.00047227
  1969           0.00007165    0.00047206
  1970           0.00007162    0.00047185
  1971           0.00007160    0.00047165
  1972           0.00007158    0.00047144
  1973           0.00007155    0.00047123
  1974           0.00007153    0.00047102
  1975           0.00007151    0.00047081
  1976           0.00007148    0.00047060
  1977           0.00007146    0.00047039
  1978           0.00007144    0.00047019
  1979           0.00007142    0.00046998
  1980           0.00007139    0.00046977
  1981           0.00007137    0.00046956
  1982           0.00007135    0.00046936
  1983           0.00007132    0.00046915
  1984           0.00007130    0.00046894
  1985           0.00007128    0.00046873
  1986           0.00007125    0.00046853
  1987           0.00007123    0.00046832
  1988           0.00007121    0.00046811
  1989           0.00007119    0.00046791
  1990           0.00007116    0.00046770
  1991           0.00007114    0.00046750
  1992           0.00007112    0.00046729
  1993           0.00007110    0.00046708
  1994           0.00007107    0.00046688
  1995           0.00007105    0.00046667
  1996           0.00007103    0.00046647
  1997           0.00007100    0.00046626
  1998           0.00007098    0.00046606
  1999           0.00007096    0.00046585
  2000           0.00007094    0.00046565
  2001           0.00007091    0.00046544
  2002           0.00007089    0.00046524
  2003           0.00007087    0.00046503
  2004           0.00007085    0.00046483
  2005           0.00007082    0.00046463
  2006           0.00007080    0.00046442
  2007           0.00007078    0.00046422
  2008           0.00007076    0.00046401
  2009           0.00007073    0.00046381
  2010           0.00007071    0.00046361
  2011           0.00007069    0.00046340
  2012           0.00007067    0.00046320
  2013           0.00007064    0.00046300
  2014           0.00007062    0.00046279
  2015           0.00007060    0.00046259
  2016           0.00007058    0.00046239
  2017           0.00007055    0.00046219
  2018           0.00007053    0.00046198
  2019           0.00007051    0.00046178
  2020           0.00007049    0.00046158
  2021           0.00007047    0.00046138
  2022           0.00007044    0.00046118
  2023           0.00007042    0.00046098
  2024           0.00007040    0.00046077
  2025           0.00007038    0.00046057
  2026           0.00007035    0.00046037
  2027           0.00007033    0.00046017
  2028           0.00007031    0.00045997
  2029           0.00007029    0.00045977
  2030           0.00007027    0.00045957
  2031           0.00007024    0.00045937
  2032           0.00007022    0.00045917
  2033           0.00007020    0.00045897
  2034           0.00007018    0.00045877
  2035           0.00007016    0.00045857
  2036           0.00007013    0.00045837
  2037           0.00007011    0.00045817
  2038           0.00007009    0.00045797
  2039           0.00007007    0.00045777
  2040           0.00007005    0.00045757
  2041           0.00007003    0.00045737
  2042           0.00007000    0.00045717
  2043           0.00006998    0.00045697
  2044           0.00006996    0.00045677
  2045           0.00006994    0.00045657
  2046           0.00006992    0.00045638
  2047           0.00006989    0.00045618
  2048           0.00006987    0.00045598
  2049           0.00006985    0.00045578
  2050           0.00006983    0.00045558
  2051           0.00006981    0.00045538
  2052           0.00006979    0.00045519
  2053           0.00006976    0.00045499
  2054           0.00006974    0.00045479
  2055           0.00006972    0.00045459
  2056           0.00006970    0.00045440
  2057           0.00006968    0.00045420
  2058           0.00006966    0.00045400
  2059           0.00006964    0.00045381
  2060           0.00006961    0.00045361
  2061           0.00006959    0.00045341
  2062           0.00006957    0.00045322
  2063           0.00006955    0.00045302
  2064           0.00006953    0.00045283
  2065           0.00006951    0.00045263
  2066           0.00006949    0.00045243
  2067           0.00006946    0.00045224
  2068           0.00006944    0.00045204
  2069           0.00006942    0.00045185
  2070           0.00006940    0.00045165
  2071           0.00006938    0.00045146
  2072           0.00006936    0.00045126
  2073           0.00006934    0.00045107
  2074           0.00006932    0.00045087
  2075           0.00006929    0.00045068
  2076           0.00006927    0.00045048
  2077           0.00006925    0.00045029
  2078           0.00006923    0.00045009
  2079           0.00006921    0.00044990
  2080           0.00006919    0.00044971
  2081           0.00006917    0.00044951
  2082           0.00006915    0.00044932
  2083           0.00006913    0.00044912
  2084           0.00006910    0.00044893
  2085           0.00006908    0.00044874
  2086           0.00006906    0.00044854
  2087           0.00006904    0.00044835
  2088           0.00006902    0.00044816
  2089           0.00006900    0.00044797
  2090           0.00006898    0.00044777
  2091           0.00006896    0.00044758
  2092           0.00006894    0.00044739
  2093           0.00006892    0.00044720
  2094           0.00006889    0.00044700
  2095           0.00006887    0.00044681
  2096           0.00006885    0.00044662
  2097           0.00006883    0.00044643
  2098           0.00006881    0.00044624
  2099           0.00006879    0.00044605
  2100           0.00006877    0.00044585
  2101           0.00006875    0.00044566
  2102           0.00006873    0.00044547
  2103           0.00006871    0.00044528
  2104           0.00006869    0.00044509
  2105           0.00006867    0.00044490
  2106           0.00006865    0.00044471
  2107           0.00006862    0.00044452
  2108           0.00006860    0.00044433
  2109           0.00006858    0.00044414
  2110           0.00006856    0.00044395
  2111           0.00006854    0.00044376
  2112           0.00006852    0.00044357
  2113           0.00006850    0.00044338
  2114           0.00006848    0.00044319
  2115           0.00006846    0.00044300
  2116           0.00006844    0.00044281
  2117           0.00006842    0.00044262
  2118           0.00006840    0.00044243
  2119           0.00006838    0.00044224
  2120           0.00006836    0.00044205
  2121           0.00006834    0.00044186
  2122           0.00006832    0.00044168
  2123           0.00006830    0.00044149
  2124           0.00006828    0.00044130
  2125           0.00006826    0.00044111
  2126           0.00006824    0.00044092
  2127           0.00006822    0.00044074
  2128           0.00006820    0.00044055
  2129           0.00006817    0.00044036
  2130           0.00006815    0.00044017
  2131           0.00006813    0.00043998
  2132           0.00006811    0.00043980
  2133           0.00006809    0.00043961
  2134           0.00006807    0.00043942
  2135           0.00006805    0.00043924
  2136           0.00006803    0.00043905
  2137           0.00006801    0.00043886
  2138           0.00006799    0.00043868
  2139           0.00006797    0.00043849
  2140           0.00006795    0.00043830
  2141           0.00006793    0.00043812
  2142           0.00006791    0.00043793
  2143           0.00006789    0.00043775
  2144           0.00006787    0.00043756
  2145           0.00006785    0.00043737
  2146           0.00006783    0.00043719
  2147           0.00006781    0.00043700
  2148           0.00006779    0.00043682
  2149           0.00006777    0.00043663
  2150           0.00006775    0.00043645
  2151           0.00006773    0.00043626
  2152           0.00006771    0.00043608
  2153           0.00006769    0.00043589
  2154           0.00006767    0.00043571
  2155           0.00006765    0.00043552
  2156           0.00006763    0.00043534
  2157           0.00006761    0.00043515
  2158           0.00006759    0.00043497
  2159           0.00006757    0.00043479
  2160           0.00006755    0.00043460
  2161           0.00006753    0.00043442
  2162           0.00006751    0.00043424
  2163           0.00006750    0.00043405
  2164           0.00006748    0.00043387
  2165           0.00006746    0.00043369
  2166           0.00006744    0.00043350
  2167           0.00006742    0.00043332
  2168           0.00006740    0.00043314
  2169           0.00006738    0.00043295
  2170           0.00006736    0.00043277
  2171           0.00006734    0.00043259
  2172           0.00006732    0.00043241
  2173           0.00006730    0.00043222
  2174           0.00006728    0.00043204
  2175           0.00006726    0.00043186
  2176           0.00006724    0.00043168
  2177           0.00006722    0.00043150
  2178           0.00006720    0.00043131
  2179           0.00006718    0.00043113
  2180           0.00006716    0.00043095
  2181           0.00006714    0.00043077
  2182           0.00006712    0.00043059
  2183           0.00006710    0.00043041
  2184           0.00006708    0.00043023
  2185           0.00006706    0.00043005
  2186           0.00006705    0.00042987
  2187           0.00006703    0.00042968
  2188           0.00006701    0.00042950
  2189           0.00006699    0.00042932
  2190           0.00006697    0.00042914
  2191           0.00006695    0.00042896
  2192           0.00006693    0.00042878
  2193           0.00006691    0.00042860
  2194           0.00006689    0.00042842
  2195           0.00006687    0.00042824
  2196           0.00006685    0.00042807
  2197           0.00006683    0.00042789
  2198           0.00006681    0.00042771
  2199           0.00006680    0.00042753
  2200           0.00006678    0.00042735
  2201           0.00006676    0.00042717
  2202           0.00006674    0.00042699
  2203           0.00006672    0.00042681
  2204           0.00006670    0.00042663
  2205           0.00006668    0.00042645
  2206           0.00006666    0.00042628
  2207           0.00006664    0.00042610
  2208           0.00006662    0.00042592
  2209           0.00006660    0.00042574
  2210           0.00006658    0.00042556
  2211           0.00006657    0.00042539
  2212           0.00006655    0.00042521
  2213           0.00006653    0.00042503
  2214           0.00006651    0.00042485
  2215           0.00006649    0.00042468
  2216           0.00006647    0.00042450
  2217           0.00006645    0.00042432
  2218           0.00006643    0.00042415
  2219           0.00006641    0.00042397
  2220           0.00006640    0.00042379
  2221           0.00006638    0.00042362
  2222           0.00006636    0.00042344
  2223           0.00006634    0.00042326
  2224           0.00006632    0.00042309
  2225           0.00006630    0.00042291
  2226           0.00006628    0.00042273
  2227           0.00006626    0.00042256
  2228           0.00006625    0.00042238
  2229           0.00006623    0.00042221
  2230           0.00006621    0.00042203
  2231           0.00006619    0.00042186
  2232           0.00006617    0.00042168
  2233           0.00006615    0.00042151
  2234           0.00006613    0.00042133
  2235           0.00006611    0.00042116
  2236           0.00006610    0.00042098
  2237           0.00006608    0.00042081
  2238           0.00006606    0.00042063
  2239           0.00006604    0.00042046
  2240           0.00006602    0.00042028
  2241           0.00006600    0.00042011
  2242           0.00006598    0.00041993
  2243           0.00006597    0.00041976
  2244           0.00006595    0.00041959
  2245           0.00006593    0.00041941
  2246           0.00006591    0.00041924
  2247           0.00006589    0.00041906
  2248           0.00006587    0.00041889
  2249           0.00006585    0.00041872
  2250           0.00006584    0.00041854
  2251           0.00006582    0.00041837
  2252           0.00006580    0.00041820
  2253           0.00006578    0.00041803
  2254           0.00006576    0.00041785
  2255           0.00006574    0.00041768
  2256           0.00006573    0.00041751
  2257           0.00006571    0.00041733
  2258           0.00006569    0.00041716
  2259           0.00006567    0.00041699
  2260           0.00006565    0.00041682
  2261           0.00006563    0.00041665
  2262           0.00006562    0.00041647
  2263           0.00006560    0.00041630
  2264           0.00006558    0.00041613
  2265           0.00006556    0.00041596
  2266           0.00006554    0.00041579
  2267           0.00006552    0.00041562
  2268           0.00006551    0.00041545
  2269           0.00006549    0.00041527
  2270           0.00006547    0.00041510
  2271           0.00006545    0.00041493
  2272           0.00006543    0.00041476
  2273           0.00006541    0.00041459
  2274           0.00006540    0.00041442
  2275           0.00006538    0.00041425
  2276           0.00006536    0.00041408
  2277           0.00006534    0.00041391
  2278           0.00006532    0.00041374
  2279           0.00006531    0.00041357
  2280           0.00006529    0.00041340
  2281           0.00006527    0.00041323
  2282           0.00006525    0.00041306
  2283           0.00006523    0.00041289
  2284           0.00006522    0.00041272
  2285           0.00006520    0.00041255
  2286           0.00006518    0.00041238
  2287           0.00006516    0.00041221
  2288           0.00006514    0.00041204
  2289           0.00006513    0.00041187
  2290           0.00006511    0.00041171
  2291           0.00006509    0.00041154
  2292           0.00006507    0.00041137
  2293           0.00006505    0.00041120
  2294           0.00006504    0.00041103
  2295           0.00006502    0.00041086
  2296           0.00006500    0.00041070
  2297           0.00006498    0.00041053
  2298           0.00006497    0.00041036
  2299           0.00006495    0.00041019
  2300           0.00006493    0.00041002
  2301           0.00006491    0.00040986
  2302           0.00006489    0.00040969
  2303           0.00006488    0.00040952
  2304           0.00006486    0.00040935
  2305           0.00006484    0.00040919
  2306           0.00006482    0.00040902
  2307           0.00006481    0.00040885
  2308           0.00006479    0.00040869
  2309           0.00006477    0.00040852
  2310           0.00006475    0.00040835
  2311           0.00006473    0.00040819
  2312           0.00006472    0.00040802
  2313           0.00006470    0.00040785
  2314           0.00006468    0.00040769
  2315           0.00006466    0.00040752
  2316           0.00006465    0.00040736
  2317           0.00006463    0.00040719
  2318           0.00006461    0.00040702
  2319           0.00006459    0.00040686
  2320           0.00006458    0.00040669
  2321           0.00006456    0.00040653
  2322           0.00006454    0.00040636
  2323           0.00006452    0.00040620
  2324           0.00006451    0.00040603
  2325           0.00006449    0.00040587
  2326           0.00006447    0.00040570
  2327           0.00006445    0.00040554
  2328           0.00006444    0.00040537
  2329           0.00006442    0.00040521
  2330           0.00006440    0.00040504
  2331           0.00006438    0.00040488
  2332           0.00006437    0.00040471
  2333           0.00006435    0.00040455
  2334           0.00006433    0.00040439
  2335           0.00006431    0.00040422
  2336           0.00006430    0.00040406
  2337           0.00006428    0.00040389
  2338           0.00006426    0.00040373
  2339           0.00006425    0.00040357
  2340           0.00006423    0.00040340
  2341           0.00006421    0.00040324
  2342           0.00006419    0.00040308
  2343           0.00006418    0.00040291
  2344           0.00006416    0.00040275
  2345           0.00006414    0.00040259
  2346           0.00006412    0.00040242
  2347           0.00006411    0.00040226
  2348           0.00006409    0.00040210
  2349           0.00006407    0.00040194
  2350           0.00006406    0.00040177
  2351           0.00006404    0.00040161
  2352           0.00006402    0.00040145
  2353           0.00006400    0.00040129
  2354           0.00006399    0.00040113
  2355           0.00006397    0.00040096
  2356           0.00006395    0.00040080
  2357           0.00006394    0.00040064
  2358           0.00006392    0.00040048
  2359           0.00006390    0.00040032
  2360           0.00006388    0.00040016
  2361           0.00006387    0.00039999
  2362           0.00006385    0.00039983
  2363           0.00006383    0.00039967
  2364           0.00006382    0.00039951
  2365           0.00006380    0.00039935
  2366           0.00006378    0.00039919
  2367           0.00006377    0.00039903
  2368           0.00006375    0.00039887
  2369           0.00006373    0.00039871
  2370           0.00006371    0.00039855
  2371           0.00006370    0.00039839
  2372           0.00006368    0.00039823
  2373           0.00006366    0.00039807
  2374           0.00006365    0.00039791
  2375           0.00006363    0.00039775
  2376           0.00006361    0.00039759
  2377           0.00006360    0.00039743
  2378           0.00006358    0.00039727
  2379           0.00006356    0.00039711
  2380           0.00006355    0.00039695
  2381           0.00006353    0.00039679
  2382           0.00006351    0.00039663
  2383           0.00006350    0.00039647
  2384           0.00006348    0.00039631
  2385           0.00006346    0.00039615
  2386           0.00006344    0.00039600
  2387           0.00006343    0.00039584
  2388           0.00006341    0.00039568
  2389           0.00006339    0.00039552
  2390           0.00006338    0.00039536
  2391           0.00006336    0.00039520
  2392           0.00006334    0.00039505
  2393           0.00006333    0.00039489
  2394           0.00006331    0.00039473
  2395           0.00006329    0.00039457
  2396           0.00006328    0.00039441
  2397           0.00006326    0.00039426
  2398           0.00006324    0.00039410
  2399           0.00006323    0.00039394
  2400           0.00006321    0.00039378
  2401           0.00006319    0.00039363
  2402           0.00006318    0.00039347
  2403           0.00006316    0.00039331
  2404           0.00006315    0.00039316
  2405           0.00006313    0.00039300
  2406           0.00006311    0.00039284
  2407           0.00006310    0.00039269
  2408           0.00006308    0.00039253
  2409           0.00006306    0.00039237
  2410           0.00006305    0.00039222
  2411           0.00006303    0.00039206
  2412           0.00006301    0.00039190
  2413           0.00006300    0.00039175
  2414           0.00006298    0.00039159
  2415           0.00006296    0.00039144
  2416           0.00006295    0.00039128
  2417           0.00006293    0.00039113
  2418           0.00006291    0.00039097
  2419           0.00006290    0.00039081
  2420           0.00006288    0.00039066
  2421           0.00006287    0.00039050
  2422           0.00006285    0.00039035
  2423           0.00006283    0.00039019
  2424           0.00006282    0.00039004
  2425           0.00006280    0.00038988
  2426           0.00006278    0.00038973
  2427           0.00006277    0.00038957
  2428           0.00006275    0.00038942
  2429           0.00006273    0.00038927
  2430           0.00006272    0.00038911
  2431           0.00006270    0.00038896
  2432           0.00006269    0.00038880
  2433           0.00006267    0.00038865
  2434           0.00006265    0.00038849
  2435           0.00006264    0.00038834
  2436           0.00006262    0.00038819
  2437           0.00006260    0.00038803
  2438           0.00006259    0.00038788
  2439           0.00006257    0.00038773
  2440           0.00006256    0.00038757
  2441           0.00006254    0.00038742
  2442           0.00006252    0.00038727
  2443           0.00006251    0.00038711
  2444           0.00006249    0.00038696
  2445           0.00006248    0.00038681
  2446           0.00006246    0.00038665
  2447           0.00006244    0.00038650
  2448           0.00006243    0.00038635
  2449           0.00006241    0.00038620
  2450           0.00006239    0.00038604
  2451           0.00006238    0.00038589
  2452           0.00006236    0.00038574
  2453           0.00006235    0.00038559
  2454           0.00006233    0.00038544
  2455           0.00006231    0.00038528
  2456           0.00006230    0.00038513
  2457           0.00006228    0.00038498
  2458           0.00006227    0.00038483
  2459           0.00006225    0.00038468
  2460           0.00006223    0.00038453
  2461           0.00006222    0.00038437
  2462           0.00006220    0.00038422
  2463           0.00006219    0.00038407
  2464           0.00006217    0.00038392
  2465           0.00006215    0.00038377
  2466           0.00006214    0.00038362
  2467           0.00006212    0.00038347
  2468           0.00006211    0.00038332
  2469           0.00006209    0.00038317
  2470           0.00006208    0.00038302
  2471           0.00006206    0.00038287
  2472           0.00006204    0.00038272
  2473           0.00006203    0.00038256
  2474           0.00006201    0.00038241
  2475           0.00006200    0.00038226
  2476           0.00006198    0.00038211
  2477           0.00006196    0.00038196
  2478           0.00006195    0.00038182
  2479           0.00006193    0.00038167
  2480           0.00006192    0.00038152
  2481           0.00006190    0.00038137
  2482           0.00006189    0.00038122
  2483           0.00006187    0.00038107
  2484           0.00006185    0.00038092
  2485           0.00006184    0.00038077
  2486           0.00006182    0.00038062
  2487           0.00006181    0.00038047
  2488           0.00006179    0.00038032
  2489           0.00006178    0.00038017
  2490           0.00006176    0.00038002
  2491           0.00006174    0.00037988
  2492           0.00006173    0.00037973
  2493           0.00006171    0.00037958
  2494           0.00006170    0.00037943
  2495           0.00006168    0.00037928
  2496           0.00006167    0.00037913
  2497           0.00006165    0.00037899
  2498           0.00006163    0.00037884
  2499           0.00006162    0.00037869
  2500           0.00006160    0.00037854
  2501           0.00006159    0.00037840
  2502           0.00006157    0.00037825
  2503           0.00006156    0.00037810
  2504           0.00006154    0.00037795
  2505           0.00006153    0.00037781
  2506           0.00006151    0.00037766
  2507           0.00006149    0.00037751
  2508           0.00006148    0.00037736
  2509           0.00006146    0.00037722
  2510           0.00006145    0.00037707
  2511           0.00006143    0.00037692
  2512           0.00006142    0.00037678
  2513           0.00006140    0.00037663
  2514           0.00006139    0.00037648
  2515           0.00006137    0.00037634
  2516           0.00006136    0.00037619
  2517           0.00006134    0.00037605
  2518           0.00006132    0.00037590
  2519           0.00006131    0.00037575
  2520           0.00006129    0.00037561
  2521           0.00006128    0.00037546
  2522           0.00006126    0.00037532
  2523           0.00006125    0.00037517
  2524           0.00006123    0.00037503
  2525           0.00006122    0.00037488
  2526           0.00006120    0.00037473
  2527           0.00006119    0.00037459
  2528           0.00006117    0.00037444
  2529           0.00006116    0.00037430
  2530           0.00006114    0.00037415
  2531           0.00006113    0.00037401
  2532           0.00006111    0.00037386
  2533           0.00006110    0.00037372
  2534           0.00006108    0.00037357
  2535           0.00006106    0.00037343
  2536           0.00006105    0.00037329
  2537           0.00006103    0.00037314
  2538           0.00006102    0.00037300
  2539           0.00006100    0.00037285
  2540           0.00006099    0.00037271
  2541           0.00006097    0.00037256
  2542           0.00006096    0.00037242
  2543           0.00006094    0.00037228
  2544           0.00006093    0.00037213
  2545           0.00006091    0.00037199
  2546           0.00006090    0.00037185
  2547           0.00006088    0.00037170
  2548           0.00006087    0.00037156
  2549           0.00006085    0.00037142
  2550           0.00006084    0.00037127
  2551           0.00006082    0.00037113
  2552           0.00006081    0.00037099
  2553           0.00006079    0.00037084
  2554           0.00006078    0.00037070
  2555           0.00006076    0.00037056
  2556           0.00006075    0.00037041
  2557           0.00006073    0.00037027
  2558           0.00006072    0.00037013
  2559           0.00006070    0.00036999
  2560           0.00006069    0.00036984
  2561           0.00006067    0.00036970
  2562           0.00006066    0.00036956
  2563           0.00006064    0.00036942
  2564           0.00006063    0.00036928
  2565           0.00006061    0.00036913
  2566           0.00006060    0.00036899
  2567           0.00006058    0.00036885
  2568           0.00006057    0.00036871
  2569           0.00006055    0.00036857
  2570           0.00006054    0.00036843
  2571           0.00006052    0.00036828
  2572           0.00006051    0.00036814
  2573           0.00006049    0.00036800
  2574           0.00006048    0.00036786
  2575           0.00006046    0.00036772
  2576           0.00006045    0.00036758
  2577           0.00006043    0.00036744
  2578           0.00006042    0.00036730
  2579           0.00006040    0.00036716
  2580           0.00006039    0.00036702
  2581           0.00006037    0.00036688
  2582           0.00006036    0.00036673
  2583           0.00006034    0.00036659
  2584           0.00006033    0.00036645
  2585           0.00006031    0.00036631
  2586           0.00006030    0.00036617
  2587           0.00006028    0.00036603
  2588           0.00006027    0.00036589
  2589           0.00006025    0.00036575
  2590           0.00006024    0.00036561
  2591           0.00006023    0.00036547
  2592           0.00006021    0.00036533
  2593           0.00006020    0.00036520
  2594           0.00006018    0.00036506
  2595           0.00006017    0.00036492
  2596           0.00006015    0.00036478
  2597           0.00006014    0.00036464
  2598           0.00006012    0.00036450
  2599           0.00006011    0.00036436
  2600           0.00006009    0.00036422
  2601           0.00006008    0.00036408
  2602           0.00006006    0.00036394
  2603           0.00006005    0.00036380
  2604           0.00006003    0.00036367
  2605           0.00006002    0.00036353
  2606           0.00006001    0.00036339
  2607           0.00005999    0.00036325
  2608           0.00005998    0.00036311
  2609           0.00005996    0.00036297
  2610           0.00005995    0.00036284
  2611           0.00005993    0.00036270
  2612           0.00005992    0.00036256
  2613           0.00005990    0.00036242
  2614           0.00005989    0.00036229
  2615           0.00005987    0.00036215
  2616           0.00005986    0.00036201
  2617           0.00005984    0.00036187
  2618           0.00005983    0.00036174
  2619           0.00005982    0.00036160
  2620           0.00005980    0.00036146
  2621           0.00005979    0.00036132
  2622           0.00005977    0.00036119
  2623           0.00005976    0.00036105
  2624           0.00005974    0.00036091
  2625           0.00005973    0.00036078
  2626           0.00005971    0.00036064
  2627           0.00005970    0.00036050
  2628           0.00005969    0.00036037
  2629           0.00005967    0.00036023
  2630           0.00005966    0.00036009
  2631           0.00005964    0.00035996
  2632           0.00005963    0.00035982
  2633           0.00005961    0.00035968
  2634           0.00005960    0.00035955
  2635           0.00005958    0.00035941
  2636           0.00005957    0.00035928
  2637           0.00005956    0.00035914
  2638           0.00005954    0.00035900
  2639           0.00005953    0.00035887
  2640           0.00005951    0.00035873
  2641           0.00005950    0.00035860
  2642           0.00005948    0.00035846
  2643           0.00005947    0.00035833
  2644           0.00005946    0.00035819
  2645           0.00005944    0.00035806
  2646           0.00005943    0.00035792
  2647           0.00005941    0.00035779
  2648           0.00005940    0.00035765
  2649           0.00005938    0.00035752
  2650           0.00005937    0.00035738
  2651           0.00005936    0.00035725
  2652           0.00005934    0.00035711
  2653           0.00005933    0.00035698
  2654           0.00005931    0.00035684
  2655           0.00005930    0.00035671
  2656           0.00005928    0.00035658
  2657           0.00005927    0.00035644
  2658           0.00005926    0.00035631
  2659           0.00005924    0.00035617
  2660           0.00005923    0.00035604
  2661           0.00005921    0.00035590
  2662           0.00005920    0.00035577
  2663           0.00005919    0.00035564
  2664           0.00005917    0.00035550
  2665           0.00005916    0.00035537
  2666           0.00005914    0.00035524
  2667           0.00005913    0.00035510
  2668           0.00005911    0.00035497
  2669           0.00005910    0.00035484
  2670           0.00005909    0.00035470
  2671           0.00005907    0.00035457
  2672           0.00005906    0.00035444
  2673           0.00005904    0.00035430
  2674           0.00005903    0.00035417
  2675           0.00005902    0.00035404
  2676           0.00005900    0.00035391
  2677           0.00005899    0.00035377
  2678           0.00005897    0.00035364
  2679           0.00005896    0.00035351
  2680           0.00005895    0.00035338
  2681           0.00005893    0.00035324
  2682           0.00005892    0.00035311
  2683           0.00005890    0.00035298
  2684           0.00005889    0.00035285
  2685           0.00005888    0.00035272
  2686           0.00005886    0.00035258
  2687           0.00005885    0.00035245
  2688           0.00005883    0.00035232
  2689           0.00005882    0.00035219
  2690           0.00005881    0.00035206
  2691           0.00005879    0.00035193
  2692           0.00005878    0.00035179
  2693           0.00005876    0.00035166
  2694           0.00005875    0.00035153
  2695           0.00005874    0.00035140
  2696           0.00005872    0.00035127
  2697           0.00005871    0.00035114
  2698           0.00005870    0.00035101
  2699           0.00005868    0.00035088
  2700           0.00005867    0.00035075
  2701           0.00005865    0.00035062
  2702           0.00005864    0.00035048
  2703           0.00005863    0.00035035
  2704           0.00005861    0.00035022
  2705           0.00005860    0.00035009
  2706           0.00005858    0.00034996
  2707           0.00005857    0.00034983
  2708           0.00005856    0.00034970
  2709           0.00005854    0.00034957
  2710           0.00005853    0.00034944
  2711           0.00005852    0.00034931
  2712           0.00005850    0.00034918
  2713           0.00005849    0.00034905
  2714           0.00005847    0.00034892
  2715           0.00005846    0.00034879
  2716           0.00005845    0.00034866
  2717           0.00005843    0.00034853
  2718           0.00005842    0.00034841
  2719           0.00005841    0.00034828
  2720           0.00005839    0.00034815
  2721           0.00005838    0.00034802
  2722           0.00005836    0.00034789
  2723           0.00005835    0.00034776
  2724           0.00005834    0.00034763
  2725           0.00005832    0.00034750
  2726           0.00005831    0.00034737
  2727           0.00005830    0.00034724
  2728           0.00005828    0.00034712
  2729           0.00005827    0.00034699
  2730           0.00005825    0.00034686
  2731           0.00005824    0.00034673
  2732           0.00005823    0.00034660
  2733           0.00005821    0.00034647
  2734           0.00005820    0.00034635
  2735           0.00005819    0.00034622
  2736           0.00005817    0.00034609
  2737           0.00005816    0.00034596
  2738           0.00005815    0.00034583
  2739           0.00005813    0.00034571
  2740           0.00005812    0.00034558
  2741           0.00005811    0.00034545
  2742           0.00005809    0.00034532
  2743           0.00005808    0.00034520
  2744           0.00005806    0.00034507
  2745           0.00005805    0.00034494
  2746           0.00005804    0.00034481
  2747           0.00005802    0.00034469
  2748           0.00005801    0.00034456
  2749           0.00005800    0.00034443
  2750           0.00005798    0.00034431
  2751           0.00005797    0.00034418
  2752           0.00005796    0.00034405
  2753           0.00005794    0.00034393
  2754           0.00005793    0.00034380
  2755           0.00005792    0.00034367
  2756           0.00005790    0.00034355
  2757           0.00005789    0.00034342
  2758           0.00005788    0.00034329
  2759           0.00005786    0.00034317
  2760           0.00005785    0.00034304
  2761           0.00005784    0.00034291
  2762           0.00005782    0.00034279
  2763           0.00005781    0.00034266
  2764           0.00005780    0.00034254
  2765           0.00005778    0.00034241
  2766           0.00005777    0.00034228
  2767           0.00005776    0.00034216
  2768           0.00005774    0.00034203
  2769           0.00005773    0.00034191
  2770           0.00005772    0.00034178
  2771           0.00005770    0.00034166
  2772           0.00005769    0.00034153
  2773           0.00005768    0.00034141
  2774           0.00005766    0.00034128
  2775           0.00005765    0.00034116
  2776           0.00005764    0.00034103
  2777           0.00005762    0.00034091
  2778           0.00005761    0.00034078
  2779           0.00005760    0.00034066
  2780           0.00005758    0.00034053
  2781           0.00005757    0.00034041
  2782           0.00005756    0.00034028
  2783           0.00005754    0.00034016
  2784           0.00005753    0.00034003
  2785           0.00005752    0.00033991
  2786           0.00005750    0.00033979
  2787           0.00005749    0.00033966
  2788           0.00005748    0.00033954
  2789           0.00005746    0.00033941
  2790           0.00005745    0.00033929
  2791           0.00005744    0.00033917
  2792           0.00005742    0.00033904
  2793           0.00005741    0.00033892
  2794           0.00005740    0.00033879
  2795           0.00005738    0.00033867
  2796           0.00005737    0.00033855
  2797           0.00005736    0.00033842
  2798           0.00005734    0.00033830
  2799           0.00005733    0.00033818
  2800           0.00005732    0.00033805
  2801           0.00005730    0.00033793
  2802           0.00005729    0.00033781
  2803           0.00005728    0.00033768
  2804           0.00005726    0.00033756
  2805           0.00005725    0.00033744
  2806           0.00005724    0.00033732
  2807           0.00005723    0.00033719
  2808           0.00005721    0.00033707
  2809           0.00005720    0.00033695
  2810           0.00005719    0.00033682
  2811           0.00005717    0.00033670
  2812           0.00005716    0.00033658
  2813           0.00005715    0.00033646
  2814           0.00005713    0.00033634
  2815           0.00005712    0.00033621
  2816           0.00005711    0.00033609
  2817           0.00005709    0.00033597
  2818           0.00005708    0.00033585
  2819           0.00005707    0.00033572
  2820           0.00005706    0.00033560
  2821           0.00005704    0.00033548
  2822           0.00005703    0.00033536
  2823           0.00005702    0.00033524
  2824           0.00005700    0.00033512
  2825           0.00005699    0.00033499
  2826           0.00005698    0.00033487
  2827           0.00005696    0.00033475
  2828           0.00005695    0.00033463
  2829           0.00005694    0.00033451
  2830           0.00005693    0.00033439
  2831           0.00005691    0.00033427
  2832           0.00005690    0.00033415
  2833           0.00005689    0.00033403
  2834           0.00005687    0.00033390
  2835           0.00005686    0.00033378
  2836           0.00005685    0.00033366
  2837           0.00005684    0.00033354
  2838           0.00005682    0.00033342
  2839           0.00005681    0.00033330
  2840           0.00005680    0.00033318
  2841           0.00005678    0.00033306
  2842           0.00005677    0.00033294
  2843           0.00005676    0.00033282
  2844           0.00005675    0.00033270
  2845           0.00005673    0.00033258
  2846           0.00005672    0.00033246
  2847           0.00005671    0.00033234
  2848           0.00005669    0.00033222
  2849           0.00005668    0.00033210
  2850           0.00005667    0.00033198
  2851           0.00005666    0.00033186
  2852           0.00005664    0.00033174
  2853           0.00005663    0.00033162
  2854           0.00005662    0.00033150
  2855           0.00005660    0.00033138
  2856           0.00005659    0.00033126
  2857           0.00005658    0.00033115
  2858           0.00005657    0.00033103
  2859           0.00005655    0.00033091
  2860           0.00005654    0.00033079
  2861           0.00005653    0.00033067
  2862           0.00005651    0.00033055
  2863           0.00005650    0.00033043
  2864           0.00005649    0.00033031
  2865           0.00005648    0.00033019
  2866           0.00005646    0.00033008
  2867           0.00005645    0.00032996
  2868           0.00005644    0.00032984
  2869           0.00005643    0.00032972
  2870           0.00005641    0.00032960
  2871           0.00005640    0.00032948
  2872           0.00005639    0.00032936
  2873           0.00005637    0.00032925
  2874           0.00005636    0.00032913
  2875           0.00005635    0.00032901
  2876           0.00005634    0.00032889
  2877           0.00005632    0.00032877
  2878           0.00005631    0.00032866
  2879           0.00005630    0.00032854
  2880           0.00005629    0.00032842
  2881           0.00005627    0.00032830
  2882           0.00005626    0.00032819
  2883           0.00005625    0.00032807
  2884           0.00005624    0.00032795
  2885           0.00005622    0.00032783
  2886           0.00005621    0.00032772
  2887           0.00005620    0.00032760
  2888           0.00005619    0.00032748
  2889           0.00005617    0.00032737
  2890           0.00005616    0.00032725
  2891           0.00005615    0.00032713
  2892           0.00005614    0.00032702
  2893           0.00005612    0.00032690
  2894           0.00005611    0.00032678
  2895           0.00005610    0.00032666
  2896           0.00005608    0.00032655
  2897           0.00005607    0.00032643
  2898           0.00005606    0.00032632
  2899           0.00005605    0.00032620
  2900           0.00005603    0.00032608
  2901           0.00005602    0.00032597
  2902           0.00005601    0.00032585
  2903           0.00005600    0.00032573
  2904           0.00005598    0.00032562
  2905           0.00005597    0.00032550
  2906           0.00005596    0.00032539
  2907           0.00005595    0.00032527
  2908           0.00005593    0.00032515
  2909           0.00005592    0.00032504
  2910           0.00005591    0.00032492
  2911           0.00005590    0.00032481
  2912           0.00005589    0.00032469
  2913           0.00005587    0.00032458
  2914           0.00005586    0.00032446
  2915           0.00005585    0.00032435
  2916           0.00005584    0.00032423
  2917           0.00005582    0.00032412
  2918           0.00005581    0.00032400
  2919           0.00005580    0.00032389
  2920           0.00005579    0.00032377
  2921           0.00005577    0.00032366
  2922           0.00005576    0.00032354
  2923           0.00005575    0.00032343
  2924           0.00005574    0.00032331
  2925           0.00005572    0.00032320
  2926           0.00005571    0.00032308
  2927           0.00005570    0.00032297
  2928           0.00005569    0.00032285
  2929           0.00005567    0.00032274
  2930           0.00005566    0.00032262
  2931           0.00005565    0.00032251
  2932           0.00005564    0.00032240
  2933           0.00005563    0.00032228
  2934           0.00005561    0.00032217
  2935           0.00005560    0.00032205
  2936           0.00005559    0.00032194
  2937           0.00005558    0.00032183
  2938           0.00005556    0.00032171
  2939           0.00005555    0.00032160
  2940           0.00005554    0.00032148
  2941           0.00005553    0.00032137
  2942           0.00005551    0.00032126
  2943           0.00005550    0.00032114
  2944           0.00005549    0.00032103
  2945           0.00005548    0.00032092
  2946           0.00005547    0.00032080
  2947           0.00005545    0.00032069
  2948           0.00005544    0.00032058
  2949           0.00005543    0.00032046
  2950           0.00005542    0.00032035
  2951           0.00005540    0.00032024
  2952           0.00005539    0.00032013
  2953           0.00005538    0.00032001
  2954           0.00005537    0.00031990
  2955           0.00005536    0.00031979
  2956           0.00005534    0.00031967
  2957           0.00005533    0.00031956
  2958           0.00005532    0.00031945
  2959           0.00005531    0.00031934
  2960           0.00005529    0.00031922
  2961           0.00005528    0.00031911
  2962           0.00005527    0.00031900
  2963           0.00005526    0.00031889
  2964           0.00005525    0.00031878
  2965           0.00005523    0.00031866
  2966           0.00005522    0.00031855
  2967           0.00005521    0.00031844
  2968           0.00005520    0.00031833
  2969           0.00005519    0.00031822
  2970           0.00005517    0.00031810
  2971           0.00005516    0.00031799
  2972           0.00005515    0.00031788
  2973           0.00005514    0.00031777
  2974           0.00005512    0.00031766
  2975           0.00005511    0.00031755
  2976           0.00005510    0.00031744
  2977           0.00005509    0.00031732
  2978           0.00005508    0.00031721
  2979           0.00005506    0.00031710
  2980           0.00005505    0.00031699
  2981           0.00005504    0.00031688
  2982           0.00005503    0.00031677
  2983           0.00005502    0.00031666
  2984           0.00005500    0.00031655
  2985           0.00005499    0.00031644
  2986           0.00005498    0.00031632
  2987           0.00005497    0.00031621
  2988           0.00005496    0.00031610
  2989           0.00005494    0.00031599
  2990           0.00005493    0.00031588
  2991           0.00005492    0.00031577
  2992           0.00005491    0.00031566
  2993           0.00005490    0.00031555
  2994           0.00005488    0.00031544
  2995           0.00005487    0.00031533
  2996           0.00005486    0.00031522
  2997           0.00005485    0.00031511
  2998           0.00005484    0.00031500
  2999           0.00005482    0.00031489
  3000           0.00005481    0.00031478
  3001           0.00005480    0.00031467
  3002           0.00005479    0.00031456
  3003           0.00005478    0.00031445
  3004           0.00005476    0.00031434
  3005           0.00005475    0.00031423
  3006           0.00005474    0.00031412
  3007           0.00005473    0.00031401
  3008           0.00005472    0.00031390
  3009           0.00005471    0.00031379
  3010           0.00005469    0.00031369
  3011           0.00005468    0.00031358
  3012           0.00005467    0.00031347
  3013           0.00005466    0.00031336
  3014           0.00005465    0.00031325
  3015           0.00005463    0.00031314
  3016           0.00005462    0.00031303
  3017           0.00005461    0.00031292
  3018           0.00005460    0.00031281
  3019           0.00005459    0.00031271
  3020           0.00005457    0.00031260
  3021           0.00005456    0.00031249
  3022           0.00005455    0.00031238
  3023           0.00005454    0.00031227
  3024           0.00005453    0.00031216
  3025           0.00005452    0.00031205
  3026           0.00005450    0.00031195
  3027           0.00005449    0.00031184
  3028           0.00005448    0.00031173
  3029           0.00005447    0.00031162
  3030           0.00005446    0.00031151
  3031           0.00005444    0.00031141
  3032           0.00005443    0.00031130
  3033           0.00005442    0.00031119
  3034           0.00005441    0.00031108
  3035           0.00005440    0.00031097
  3036           0.00005439    0.00031087
  3037           0.00005437    0.00031076
  3038           0.00005436    0.00031065
  3039           0.00005435    0.00031054
  3040           0.00005434    0.00031044
  3041           0.00005433    0.00031033
  3042           0.00005432    0.00031022
  3043           0.00005430    0.00031011
  3044           0.00005429    0.00031001
  3045           0.00005428    0.00030990
  3046           0.00005427    0.00030979
  3047           0.00005426    0.00030969
  3048           0.00005425    0.00030958
  3049           0.00005423    0.00030947
  3050           0.00005422    0.00030937
  3051           0.00005421    0.00030926
  3052           0.00005420    0.00030915
  3053           0.00005419    0.00030905
  3054           0.00005418    0.00030894
  3055           0.00005416    0.00030883
  3056           0.00005415    0.00030873
  3057           0.00005414    0.00030862
  3058           0.00005413    0.00030851
  3059           0.00005412    0.00030841
  3060           0.00005411    0.00030830
  3061           0.00005409    0.00030819
  3062           0.00005408    0.00030809
  3063           0.00005407    0.00030798
  3064           0.00005406    0.00030788
  3065           0.00005405    0.00030777
  3066           0.00005404    0.00030766
  3067           0.00005402    0.00030756
  3068           0.00005401    0.00030745
  3069           0.00005400    0.00030735
  3070           0.00005399    0.00030724
  3071           0.00005398    0.00030714
  3072           0.00005397    0.00030703
  3073           0.00005395    0.00030692
  3074           0.00005394    0.00030682
  3075           0.00005393    0.00030671
  3076           0.00005392    0.00030661
  3077           0.00005391    0.00030650
  3078           0.00005390    0.00030640
  3079           0.00005389    0.00030629
  3080           0.00005387    0.00030619
  3081           0.00005386    0.00030608
  3082           0.00005385    0.00030598
  3083           0.00005384    0.00030587
  3084           0.00005383    0.00030577
  3085           0.00005382    0.00030566
  3086           0.00005380    0.00030556
  3087           0.00005379    0.00030545
  3088           0.00005378    0.00030535
  3089           0.00005377    0.00030524
  3090           0.00005376    0.00030514
  3091           0.00005375    0.00030504
  3092           0.00005374    0.00030493
  3093           0.00005372    0.00030483
  3094           0.00005371    0.00030472
  3095           0.00005370    0.00030462
  3096           0.00005369    0.00030451
  3097           0.00005368    0.00030441
  3098           0.00005367    0.00030431
  3099           0.00005366    0.00030420
  3100           0.00005364    0.00030410
  3101           0.00005363    0.00030399
  3102           0.00005362    0.00030389
  3103           0.00005361    0.00030379
  3104           0.00005360    0.00030368
  3105           0.00005359    0.00030358
  3106           0.00005358    0.00030348
  3107           0.00005356    0.00030337
  3108           0.00005355    0.00030327
  3109           0.00005354    0.00030317
  3110           0.00005353    0.00030306
  3111           0.00005352    0.00030296
  3112           0.00005351    0.00030286
  3113           0.00005350    0.00030275
  3114           0.00005348    0.00030265
  3115           0.00005347    0.00030255
  3116           0.00005346    0.00030244
  3117           0.00005345    0.00030234
  3118           0.00005344    0.00030224
  3119           0.00005343    0.00030214
  3120           0.00005342    0.00030203
  3121           0.00005341    0.00030193
  3122           0.00005339    0.00030183
  3123           0.00005338    0.00030172
  3124           0.00005337    0.00030162
  3125           0.00005336    0.00030152
  3126           0.00005335    0.00030142
  3127           0.00005334    0.00030131
  3128           0.00005333    0.00030121
  3129           0.00005332    0.00030111
  3130           0.00005330    0.00030101
  3131           0.00005329    0.00030091
  3132           0.00005328    0.00030080
  3133           0.00005327    0.00030070
  3134           0.00005326    0.00030060
  3135           0.00005325    0.00030050
  3136           0.00005324    0.00030040
  3137           0.00005322    0.00030029
  3138           0.00005321    0.00030019
  3139           0.00005320    0.00030009
  3140           0.00005319    0.00029999
  3141           0.00005318    0.00029989
  3142           0.00005317    0.00029979
  3143           0.00005316    0.00029968
  3144           0.00005315    0.00029958
  3145           0.00005314    0.00029948
  3146           0.00005312    0.00029938
  3147           0.00005311    0.00029928
  3148           0.00005310    0.00029918
  3149           0.00005309    0.00029908
  3150           0.00005308    0.00029898
  3151           0.00005307    0.00029887
  3152           0.00005306    0.00029877
  3153           0.00005305    0.00029867
  3154           0.00005303    0.00029857
  3155           0.00005302    0.00029847
  3156           0.00005301    0.00029837
  3157           0.00005300    0.00029827
  3158           0.00005299    0.00029817
  3159           0.00005298    0.00029807
  3160           0.00005297    0.00029797
  3161           0.00005296    0.00029787
  3162           0.00005295    0.00029777
  3163           0.00005293    0.00029767
  3164           0.00005292    0.00029757
  3165           0.00005291    0.00029747
  3166           0.00005290    0.00029737
  3167           0.00005289    0.00029727
  3168           0.00005288    0.00029717
  3169           0.00005287    0.00029707
  3170           0.00005286    0.00029697
  3171           0.00005285    0.00029687
  3172           0.00005283    0.00029677
  3173           0.00005282    0.00029667
  3174           0.00005281    0.00029657
  3175           0.00005280    0.00029647
  3176           0.00005279    0.00029637
  3177           0.00005278    0.00029627
  3178           0.00005277    0.00029617
  3179           0.00005276    0.00029607
  3180           0.00005275    0.00029597
  3181           0.00005273    0.00029587
  3182           0.00005272    0.00029577
  3183           0.00005271    0.00029567
  3184           0.00005270    0.00029557
  3185           0.00005269    0.00029547
  3186           0.00005268    0.00029537
  3187           0.00005267    0.00029527
  3188           0.00005266    0.00029517
  3189           0.00005265    0.00029508
  3190           0.00005264    0.00029498
  3191           0.00005262    0.00029488
  3192           0.00005261    0.00029478
  3193           0.00005260    0.00029468
  3194           0.00005259    0.00029458
  3195           0.00005258    0.00029448
  3196           0.00005257    0.00029438
  3197           0.00005256    0.00029429
  3198           0.00005255    0.00029419
  3199           0.00005254    0.00029409
  3200           0.00005253    0.00029399
  3201           0.00005251    0.00029389
  3202           0.00005250    0.00029379
  3203           0.00005249    0.00029370
  3204           0.00005248    0.00029360
  3205           0.00005247    0.00029350
  3206           0.00005246    0.00029340
  3207           0.00005245    0.00029330
  3208           0.00005244    0.00029321
  3209           0.00005243    0.00029311
  3210           0.00005242    0.00029301
  3211           0.00005241    0.00029291
  3212           0.00005239    0.00029281
  3213           0.00005238    0.00029272
  3214           0.00005237    0.00029262
  3215           0.00005236    0.00029252
  3216           0.00005235    0.00029242
  3217           0.00005234    0.00029233
  3218           0.00005233    0.00029223
  3219           0.00005232    0.00029213
  3220           0.00005231    0.00029203
  3221           0.00005230    0.00029194
  3222           0.00005229    0.00029184
  3223           0.00005227    0.00029174
  3224           0.00005226    0.00029165
  3225           0.00005225    0.00029155
  3226           0.00005224    0.00029145
  3227           0.00005223    0.00029135
  3228           0.00005222    0.00029126
  3229           0.00005221    0.00029116
  3230           0.00005220    0.00029106
  3231           0.00005219    0.00029097
  3232           0.00005218    0.00029087
  3233           0.00005217    0.00029077
  3234           0.00005216    0.00029068
  3235           0.00005214    0.00029058
  3236           0.00005213    0.00029048
  3237           0.00005212    0.00029039
  3238           0.00005211    0.00029029
  3239           0.00005210    0.00029019
  3240           0.00005209    0.00029010
  3241           0.00005208    0.00029000
  3242           0.00005207    0.00028991
  3243           0.00005206    0.00028981
  3244           0.00005205    0.00028971
  3245           0.00005204    0.00028962
  3246           0.00005203    0.00028952
  3247           0.00005202    0.00028943
  3248           0.00005200    0.00028933
  3249           0.00005199    0.00028923
  3250           0.00005198    0.00028914
  3251           0.00005197    0.00028904
  3252           0.00005196    0.00028895
  3253           0.00005195    0.00028885
  3254           0.00005194    0.00028876
  3255           0.00005193    0.00028866
  3256           0.00005192    0.00028857
  3257           0.00005191    0.00028847
  3258           0.00005190    0.00028837
  3259           0.00005189    0.00028828
  3260           0.00005188    0.00028818
  3261           0.00005187    0.00028809
  3262           0.00005185    0.00028799
  3263           0.00005184    0.00028790
  3264           0.00005183    0.00028780
  3265           0.00005182    0.00028771
  3266           0.00005181    0.00028761
  3267           0.00005180    0.00028752
  3268           0.00005179    0.00028742
  3269           0.00005178    0.00028733
  3270           0.00005177    0.00028723
  3271           0.00005176    0.00028714
  3272           0.00005175    0.00028704
  3273           0.00005174    0.00028695
  3274           0.00005173    0.00028686
  3275           0.00005172    0.00028676
  3276           0.00005171    0.00028667
  3277           0.00005169    0.00028657
  3278           0.00005168    0.00028648
  3279           0.00005167    0.00028638
  3280           0.00005166    0.00028629
  3281           0.00005165    0.00028620
  3282           0.00005164    0.00028610
  3283           0.00005163    0.00028601
  3284           0.00005162    0.00028591
  3285           0.00005161    0.00028582
  3286           0.00005160    0.00028573
  3287           0.00005159    0.00028563
  3288           0.00005158    0.00028554
  3289           0.00005157    0.00028544
  3290           0.00005156    0.00028535
  3291           0.00005155    0.00028526
  3292           0.00005154    0.00028516
  3293           0.00005153    0.00028507
  3294           0.00005151    0.00028498
  3295           0.00005150    0.00028488
  3296           0.00005149    0.00028479
  3297           0.00005148    0.00028470
  3298           0.00005147    0.00028460
  3299           0.00005146    0.00028451
  3300           0.00005145    0.00028442
  3301           0.00005144    0.00028432
  3302           0.00005143    0.00028423
  3303           0.00005142    0.00028414
  3304           0.00005141    0.00028404
  3305           0.00005140    0.00028395
  3306           0.00005139    0.00028386
  3307           0.00005138    0.00028376
  3308           0.00005137    0.00028367
  3309           0.00005136    0.00028358
  3310           0.00005135    0.00028349
  3311           0.00005134    0.00028339
  3312           0.00005133    0.00028330
  3313           0.00005131    0.00028321
  3314           0.00005130    0.00028312
  3315           0.00005129    0.00028302
  3316           0.00005128    0.00028293
  3317           0.00005127    0.00028284
  3318           0.00005126    0.00028275
  3319           0.00005125    0.00028265
  3320           0.00005124    0.00028256
  3321           0.00005123    0.00028247
  3322           0.00005122    0.00028238
  3323           0.00005121    0.00028228
  3324           0.00005120    0.00028219
  3325           0.00005119    0.00028210
  3326           0.00005118    0.00028201
  3327           0.00005117    0.00028192
  3328           0.00005116    0.00028182
  3329           0.00005115    0.00028173
  3330           0.00005114    0.00028164
  3331           0.00005113    0.00028155
  3332           0.00005112    0.00028146
  3333           0.00005111    0.00028137
  3334           0.00005110    0.00028127
  3335           0.00005109    0.00028118
  3336           0.00005108    0.00028109
  3337           0.00005106    0.00028100
  3338           0.00005105    0.00028091
  3339           0.00005104    0.00028082
  3340           0.00005103    0.00028073
  3341           0.00005102    0.00028063
  3342           0.00005101    0.00028054
  3343           0.00005100    0.00028045
  3344           0.00005099    0.00028036
  3345           0.00005098    0.00028027
  3346           0.00005097    0.00028018
  3347           0.00005096    0.00028009
  3348           0.00005095    0.00028000
  3349           0.00005094    0.00027991
  3350           0.00005093    0.00027982
  3351           0.00005092    0.00027973
  3352           0.00005091    0.00027963
  3353           0.00005090    0.00027954
  3354           0.00005089    0.00027945
  3355           0.00005088    0.00027936
  3356           0.00005087    0.00027927
  3357           0.00005086    0.00027918
  3358           0.00005085    0.00027909
  3359           0.00005084    0.00027900
  3360           0.00005083    0.00027891
  3361           0.00005082    0.00027882
  3362           0.00005081    0.00027873
  3363           0.00005080    0.00027864
  3364           0.00005079    0.00027855
  3365           0.00005078    0.00027846
  3366           0.00005077    0.00027837
  3367           0.00005076    0.00027828
  3368           0.00005074    0.00027819
  3369           0.00005073    0.00027810
  3370           0.00005072    0.00027801
  3371           0.00005071    0.00027792
  3372           0.00005070    0.00027783
  3373           0.00005069    0.00027774
  3374           0.00005068    0.00027765
  3375           0.00005067    0.00027756
  3376           0.00005066    0.00027747
  3377           0.00005065    0.00027738
  3378           0.00005064    0.00027729
  3379           0.00005063    0.00027720
  3380           0.00005062    0.00027711
  3381           0.00005061    0.00027702
  3382           0.00005060    0.00027694
  3383           0.00005059    0.00027685
  3384           0.00005058    0.00027676
  3385           0.00005057    0.00027667
  3386           0.00005056    0.00027658
  3387           0.00005055    0.00027649
  3388           0.00005054    0.00027640
  3389           0.00005053    0.00027631
  3390           0.00005052    0.00027622
  3391           0.00005051    0.00027613
  3392           0.00005050    0.00027604
  3393           0.00005049    0.00027596
  3394           0.00005048    0.00027587
  3395           0.00005047    0.00027578
  3396           0.00005046    0.00027569
  3397           0.00005045    0.00027560
  3398           0.00005044    0.00027551
  3399           0.00005043    0.00027542
  3400           0.00005042    0.00027534
  3401           0.00005041    0.00027525
  3402           0.00005040    0.00027516
  3403           0.00005039    0.00027507
  3404           0.00005038    0.00027498
  3405           0.00005037    0.00027489
  3406           0.00005036    0.00027481
  3407           0.00005035    0.00027472
  3408           0.00005034    0.00027463
  3409           0.00005033    0.00027454
  3410           0.00005032    0.00027445
  3411           0.00005031    0.00027437
  3412           0.00005030    0.00027428
  3413           0.00005029    0.00027419
  3414           0.00005028    0.00027410
  3415           0.00005027    0.00027401
  3416           0.00005026    0.00027393
  3417           0.00005025    0.00027384
  3418           0.00005024    0.00027375
  3419           0.00005023    0.00027366
  3420           0.00005022    0.00027358
  3421           0.00005021    0.00027349
  3422           0.00005020    0.00027340
  3423           0.00005019    0.00027331
  3424           0.00005018    0.00027323
  3425           0.00005017    0.00027314
  3426           0.00005016    0.00027305
  3427           0.00005015    0.00027296
  3428           0.00005014    0.00027288
  3429           0.00005013    0.00027279
  3430           0.00005012    0.00027270
  3431           0.00005011    0.00027262
  3432           0.00005010    0.00027253
  3433           0.00005009    0.00027244
  3434           0.00005008    0.00027236
  3435           0.00005007    0.00027227
  3436           0.00005006    0.00027218
  3437           0.00005005    0.00027209
  3438           0.00005004    0.00027201
  3439           0.00005003    0.00027192
  3440           0.00005002    0.00027183
  3441           0.00005001    0.00027175
  3442           0.00005000    0.00027166
  3443           0.00004999    0.00027158
  3444           0.00004998    0.00027149
  3445           0.00004997    0.00027140
  3446           0.00004996    0.00027132
  3447           0.00004995    0.00027123
  3448           0.00004994    0.00027114
  3449           0.00004993    0.00027106
  3450           0.00004992    0.00027097
  3451           0.00004991    0.00027088
  3452           0.00004990    0.00027080
  3453           0.00004989    0.00027071
  3454           0.00004988    0.00027063
  3455           0.00004987    0.00027054
  3456           0.00004986    0.00027045
  3457           0.00004985    0.00027037
  3458           0.00004984    0.00027028
  3459           0.00004983    0.00027020
  3460           0.00004982    0.00027012
  3461           0.00004981    0.00027005
  3462           0.00004980    0.00026997
  3463           0.00004979    0.00026990
  3464           0.00004978    0.00026983
  3465           0.00004977    0.00026975
  3466           0.00004976    0.00026968
  3467           0.00004975    0.00026961
  3468           0.00004974    0.00026954
  3469           0.00004973    0.00026946
  3470           0.00004972    0.00026939
  3471           0.00004971    0.00026932
  3472           0.00004970    0.00026924
  3473           0.00004969    0.00026917
  3474           0.00004968    0.00026910
  3475           0.00004967    0.00026902
  3476           0.00004966    0.00026895
  3477           0.00004965    0.00026888
  3478           0.00004964    0.00026880
  3479           0.00004963    0.00026873
  3480           0.00004962    0.00026866
  3481           0.00004961    0.00026859
  3482           0.00004960    0.00026851
  3483           0.00004959    0.00026844
  3484           0.00004958    0.00026837
  3485           0.00004957    0.00026829
  3486           0.00004956    0.00026822
  3487           0.00004955    0.00026815
  3488           0.00004954    0.00026808
  3489           0.00004953    0.00026800
  3490           0.00004952    0.00026793
  3491           0.00004951    0.00026786
  3492           0.00004950    0.00026779
  3493           0.00004949    0.00026771
  3494           0.00004948    0.00026764
  3495           0.00004947    0.00026757
  3496           0.00004946    0.00026750
  3497           0.00004945    0.00026742
  3498           0.00004944    0.00026735
  3499           0.00004943    0.00026728
  3500           0.00004942    0.00026721
  3501           0.00004941    0.00026713
  3502           0.00004940    0.00026706
  3503           0.00004939    0.00026699
  3504           0.00004938    0.00026692
  3505           0.00004937    0.00026685
  3506           0.00004936    0.00026677
  3507           0.00004935    0.00026670
  3508           0.00004934    0.00026663
  3509           0.00004934    0.00026656
  3510           0.00004933    0.00026648
  3511           0.00004932    0.00026641
  3512           0.00004931    0.00026634
  3513           0.00004930    0.00026627
  3514           0.00004929    0.00026620
  3515           0.00004928    0.00026612
  3516           0.00004927    0.00026605
  3517           0.00004926    0.00026598
  3518           0.00004925    0.00026591
  3519           0.00004924    0.00026584
  3520           0.00004923    0.00026576
  3521           0.00004922    0.00026569
  3522           0.00004921    0.00026562
  3523           0.00004920    0.00026555
  3524           0.00004919    0.00026548
  3525           0.00004918    0.00026541
  3526           0.00004917    0.00026533
  3527           0.00004916    0.00026526
  3528           0.00004915    0.00026519
  3529           0.00004914    0.00026512
  3530           0.00004913    0.00026505
  3531           0.00004912    0.00026498
  3532           0.00004911    0.00026490
  3533           0.00004910    0.00026483
  3534           0.00004909    0.00026476
  3535           0.00004908    0.00026469
  3536           0.00004907    0.00026462
  3537           0.00004906    0.00026455
  3538           0.00004905    0.00026447
  3539           0.00004904    0.00026440
  3540           0.00004903    0.00026433
  3541           0.00004903    0.00026426
  3542           0.00004902    0.00026419
  3543           0.00004901    0.00026412
  3544           0.00004900    0.00026405
  3545           0.00004899    0.00026398
  3546           0.00004898    0.00026390
  3547           0.00004897    0.00026383
  3548           0.00004896    0.00026376
  3549           0.00004895    0.00026369
  3550           0.00004894    0.00026362
  3551           0.00004893    0.00026355
  3552           0.00004892    0.00026348
  3553           0.00004891    0.00026341
  3554           0.00004890    0.00026333
  3555           0.00004889    0.00026326
  3556           0.00004888    0.00026319
  3557           0.00004887    0.00026312
  3558           0.00004886    0.00026305
  3559           0.00004885    0.00026298
  3560           0.00004884    0.00026291
  3561           0.00004883    0.00026284
  3562           0.00004882    0.00026277
  3563           0.00004881    0.00026270
  3564           0.00004880    0.00026263
  3565           0.00004879    0.00026255
  3566           0.00004879    0.00026248
  3567           0.00004878    0.00026241
  3568           0.00004877    0.00026234
  3569           0.00004876    0.00026227
  3570           0.00004875    0.00026220
  3571           0.00004874    0.00026213
  3572           0.00004873    0.00026206
  3573           0.00004872    0.00026199
  3574           0.00004871    0.00026192
  3575           0.00004870    0.00026185
  3576           0.00004869    0.00026178
  3577           0.00004868    0.00026171
  3578           0.00004867    0.00026164
  3579           0.00004866    0.00026157
  3580           0.00004865    0.00026150
  3581           0.00004864    0.00026143
  3582           0.00004863    0.00026136
  3583           0.00004862    0.00026128
  3584           0.00004861    0.00026121
  3585           0.00004860    0.00026114
  3586           0.00004859    0.00026107
  3587           0.00004859    0.00026100
  3588           0.00004858    0.00026093
  3589           0.00004857    0.00026086
  3590           0.00004856    0.00026079
  3591           0.00004855    0.00026072
  3592           0.00004854    0.00026065
  3593           0.00004853    0.00026058
  3594           0.00004852    0.00026051
  3595           0.00004851    0.00026044
  3596           0.00004850    0.00026037
  3597           0.00004849    0.00026030
  3598           0.00004848    0.00026023
  3599           0.00004847    0.00026016
  3600           0.00004846    0.00026009
  3601           0.00004845    0.00026002
  3602           0.00004844    0.00025995
  3603           0.00004843    0.00025988
  3604           0.00004842    0.00025981
  3605           0.00004842    0.00025974
  3606           0.00004841    0.00025967
  3607           0.00004840    0.00025960
  3608           0.00004839    0.00025953
  3609           0.00004838    0.00025946
  3610           0.00004837    0.00025939
  3611           0.00004836    0.00025932
  3612           0.00004835    0.00025926
  3613           0.00004834    0.00025919
  3614           0.00004833    0.00025912
  3615           0.00004832    0.00025905
  3616           0.00004831    0.00025898
  3617           0.00004830    0.00025891
  3618           0.00004829    0.00025884
  3619           0.00004828    0.00025877
  3620           0.00004827    0.00025870
  3621           0.00004826    0.00025863
  3622           0.00004826    0.00025856
  3623           0.00004825    0.00025849
  3624           0.00004824    0.00025842
  3625           0.00004823    0.00025835
  3626           0.00004822    0.00025828
  3627           0.00004821    0.00025821
  3628           0.00004820    0.00025814
  3629           0.00004819    0.00025807
  3630           0.00004818    0.00025801
  3631           0.00004817    0.00025794
  3632           0.00004816    0.00025787
  3633           0.00004815    0.00025780
  3634           0.00004814    0.00025773
  3635           0.00004813    0.00025766
  3636           0.00004812    0.00025759
  3637           0.00004812    0.00025752
  3638           0.00004811    0.00025745
  3639           0.00004810    0.00025738
  3640           0.00004809    0.00025731
  3641           0.00004808    0.00025725
  3642           0.00004807    0.00025718
  3643           0.00004806    0.00025711
  3644           0.00004805    0.00025704
  3645           0.00004804    0.00025697
  3646           0.00004803    0.00025690
  3647           0.00004802    0.00025683
  3648           0.00004801    0.00025676
  3649           0.00004800    0.00025670
  3650           0.00004799    0.00025663
  3651           0.00004798    0.00025656
  3652           0.00004798    0.00025649
  3653           0.00004797    0.00025642
  3654           0.00004796    0.00025635
  3655           0.00004795    0.00025628
  3656           0.00004794    0.00025621
  3657           0.00004793    0.00025615
  3658           0.00004792    0.00025608
  3659           0.00004791    0.00025601
  3660           0.00004790    0.00025594
  3661           0.00004789    0.00025587
  3662           0.00004788    0.00025580
  3663           0.00004787    0.00025573
  3664           0.00004786    0.00025567
  3665           0.00004786    0.00025560
  3666           0.00004785    0.00025553
  3667           0.00004784    0.00025546
  3668           0.00004783    0.00025539
  3669           0.00004782    0.00025532
  3670           0.00004781    0.00025526
  3671           0.00004780    0.00025519
  3672           0.00004779    0.00025512
  3673           0.00004778    0.00025505
  3674           0.00004777    0.00025498
  3675           0.00004776    0.00025492
  3676           0.00004775    0.00025485
  3677           0.00004774    0.00025478
  3678           0.00004774    0.00025471
  3679           0.00004773    0.00025464
  3680           0.00004772    0.00025458
  3681           0.00004771    0.00025451
  3682           0.00004770    0.00025444
  3683           0.00004769    0.00025437
  3684           0.00004768    0.00025430
  3685           0.00004767    0.00025424
  3686           0.00004766    0.00025417
  3687           0.00004765    0.00025410
  3688           0.00004764    0.00025403
  3689           0.00004763    0.00025396
  3690           0.00004763    0.00025390
  3691           0.00004762    0.00025383
  3692           0.00004761    0.00025376
  3693           0.00004760    0.00025369
  3694           0.00004759    0.00025363
  3695           0.00004758    0.00025356
  3696           0.00004757    0.00025349
  3697           0.00004756    0.00025342
  3698           0.00004755    0.00025335
  3699           0.00004754    0.00025329
  3700           0.00004753    0.00025322
  3701           0.00004752    0.00025315
  3702           0.00004752    0.00025308
  3703           0.00004751    0.00025302
  3704           0.00004750    0.00025295
  3705           0.00004749    0.00025288
  3706           0.00004748    0.00025281
  3707           0.00004747    0.00025275
  3708           0.00004746    0.00025268
  3709           0.00004745    0.00025261
  3710           0.00004744    0.00025255
  3711           0.00004743    0.00025248
  3712           0.00004742    0.00025241
  3713           0.00004742    0.00025234
  3714           0.00004741    0.00025228
  3715           0.00004740    0.00025221
  3716           0.00004739    0.00025214
  3717           0.00004738    0.00025207
  3718           0.00004737    0.00025201
  3719           0.00004736    0.00025194
  3720           0.00004735    0.00025187
  3721           0.00004734    0.00025181
  3722           0.00004733    0.00025174
  3723           0.00004732    0.00025167
  3724           0.00004732    0.00025160
  3725           0.00004731    0.00025154
  3726           0.00004730    0.00025147
  3727           0.00004729    0.00025140
  3728           0.00004728    0.00025134
  3729           0.00004727    0.00025127
  3730           0.00004726    0.00025120
  3731           0.00004725    0.00025114
  3732           0.00004724    0.00025107
  3733           0.00004723    0.00025100
  3734           0.00004722    0.00025094
  3735           0.00004722    0.00025087
  3736           0.00004721    0.00025080
  3737           0.00004720    0.00025074
  3738           0.00004719    0.00025067
  3739           0.00004718    0.00025060
  3740           0.00004717    0.00025054
  3741           0.00004716    0.00025047
  3742           0.00004715    0.00025040
  3743           0.00004714    0.00025034
  3744           0.00004713    0.00025027
  3745           0.00004713    0.00025020
  3746           0.00004712    0.00025014
  3747           0.00004711    0.00025007
  3748           0.00004710    0.00025000
  3749           0.00004709    0.00024994
  3750           0.00004708    0.00024987
  3751           0.00004707    0.00024980
  3752           0.00004706    0.00024974
  3753           0.00004705    0.00024967
  3754           0.00004704    0.00024961
  3755           0.00004704    0.00024954
  3756           0.00004703    0.00024947
  3757           0.00004702    0.00024941
  3758           0.00004701    0.00024934
  3759           0.00004700    0.00024927
  3760           0.00004699    0.00024921
  3761           0.00004698    0.00024914
  3762           0.00004697    0.00024908
  3763           0.00004696    0.00024901
  3764           0.00004696    0.00024894
  3765           0.00004695    0.00024888
  3766           0.00004694    0.00024881
  3767           0.00004693    0.00024875
  3768           0.00004692    0.00024868
  3769           0.00004691    0.00024861
  3770           0.00004690    0.00024855
  3771           0.00004689    0.00024848
  3772           0.00004688    0.00024842
  3773           0.00004687    0.00024835
  3774           0.00004687    0.00024828
  3775           0.00004686    0.00024822
  3776           0.00004685    0.00024815
  3777           0.00004684    0.00024809
  3778           0.00004683    0.00024802
  3779           0.00004682    0.00024796
  3780           0.00004681    0.00024789
  3781           0.00004680    0.00024782
  3782           0.00004679    0.00024776
  3783           0.00004679    0.00024769
  3784           0.00004678    0.00024763
  3785           0.00004677    0.00024756
  3786           0.00004676    0.00024750
  3787           0.00004675    0.00024743
  3788           0.00004674    0.00024736
  3789           0.00004673    0.00024730
  3790           0.00004672    0.00024723
  3791           0.00004671    0.00024717
  3792           0.00004671    0.00024710
  3793           0.00004670    0.00024704
  3794           0.00004669    0.00024697
  3795           0.00004668    0.00024691
  3796           0.00004667    0.00024684
  3797           0.00004666    0.00024678
  3798           0.00004665    0.00024671
  3799           0.00004664    0.00024665
  3800           0.00004664    0.00024658
  3801           0.00004663    0.00024651
  3802           0.00004662    0.00024645
  3803           0.00004661    0.00024638
  3804           0.00004660    0.00024632
  3805           0.00004659    0.00024625
  3806           0.00004658    0.00024619
  3807           0.00004657    0.00024612
  3808           0.00004656    0.00024606
  3809           0.00004656    0.00024599
  3810           0.00004655    0.00024593
  3811           0.00004654    0.00024586
  3812           0.00004653    0.00024580
  3813           0.00004652    0.00024573
  3814           0.00004651    0.00024567
  3815           0.00004650    0.00024560
  3816           0.00004649    0.00024554
  3817           0.00004649    0.00024547
  3818           0.00004648    0.00024541
  3819           0.00004647    0.00024534
  3820           0.00004646    0.00024528
  3821           0.00004645    0.00024521
  3822           0.00004644    0.00024515
  3823           0.00004643    0.00024509
  3824           0.00004642    0.00024502
  3825           0.00004641    0.00024496
  3826           0.00004641    0.00024489
  3827           0.00004640    0.00024483
  3828           0.00004639    0.00024476
  3829           0.00004638    0.00024470
  3830           0.00004637    0.00024463
  3831           0.00004636    0.00024457
  3832           0.00004635    0.00024450
  3833           0.00004634    0.00024444
  3834           0.00004634    0.00024437
  3835           0.00004633    0.00024431
  3836           0.00004632    0.00024425
  3837           0.00004631    0.00024418
  3838           0.00004630    0.00024412
  3839           0.00004629    0.00024405
  3840           0.00004628    0.00024399
  3841           0.00004627    0.00024392
  3842           0.00004627    0.00024386
  3843           0.00004626    0.00024380
  3844           0.00004625    0.00024373
  3845           0.00004624    0.00024367
  3846           0.00004623    0.00024360
  3847           0.00004622    0.00024354
  3848           0.00004621    0.00024347
  3849           0.00004621    0.00024341
  3850           0.00004620    0.00024335
  3851           0.00004619    0.00024328
  3852           0.00004618    0.00024322
  3853           0.00004617    0.00024315
  3854           0.00004616    0.00024309
  3855           0.00004615    0.00024303
  3856           0.00004614    0.00024296
  3857           0.00004614    0.00024290
  3858           0.00004613    0.00024283
  3859           0.00004612    0.00024277
  3860           0.00004611    0.00024271
  3861           0.00004610    0.00024264
  3862           0.00004609    0.00024258
  3863           0.00004608    0.00024251
  3864           0.00004607    0.00024245
  3865           0.00004607    0.00024239
  3866           0.00004606    0.00024232
  3867           0.00004605    0.00024226
  3868           0.00004604    0.00024219
  3869           0.00004603    0.00024213
  3870           0.00004602    0.00024207
  3871           0.00004601    0.00024200
  3872           0.00004601    0.00024194
  3873           0.00004600    0.00024188
  3874           0.00004599    0.00024181
  3875           0.00004598    0.00024175
  3876           0.00004597    0.00024169
  3877           0.00004596    0.00024162
  3878           0.00004595    0.00024156
  3879           0.00004594    0.00024150
  3880           0.00004594    0.00024143
  3881           0.00004593    0.00024137
  3882           0.00004592    0.00024130
  3883           0.00004591    0.00024124
  3884           0.00004590    0.00024118
  3885           0.00004589    0.00024111
  3886           0.00004588    0.00024105
  3887           0.00004588    0.00024099
  3888           0.00004587    0.00024092
  3889           0.00004586    0.00024086
  3890           0.00004585    0.00024080
  3891           0.00004584    0.00024073
  3892           0.00004583    0.00024067
  3893           0.00004582    0.00024061
  3894           0.00004582    0.00024055
  3895           0.00004581    0.00024048
  3896           0.00004580    0.00024042
  3897           0.00004579    0.00024036
  3898           0.00004578    0.00024029
  3899           0.00004577    0.00024023
  3900           0.00004576    0.00024017
  3901           0.00004576    0.00024010
  3902           0.00004575    0.00024004
  3903           0.00004574    0.00023998
  3904           0.00004573    0.00023991
  3905           0.00004572    0.00023985
  3906           0.00004571    0.00023979
  3907           0.00004570    0.00023973
  3908           0.00004570    0.00023966
  3909           0.00004569    0.00023960
  3910           0.00004568    0.00023954
  3911           0.00004567    0.00023947
  3912           0.00004566    0.00023941
  3913           0.00004565    0.00023935
  3914           0.00004564    0.00023929
  3915           0.00004564    0.00023922
  3916           0.00004563    0.00023916
  3917           0.00004562    0.00023910
  3918           0.00004561    0.00023904
  3919           0.00004560    0.00023897
  3920           0.00004559    0.00023891
  3921           0.00004558    0.00023885
  3922           0.00004558    0.00023879
  3923           0.00004557    0.00023872
  3924           0.00004556    0.00023866
  3925           0.00004555    0.00023860
  3926           0.00004554    0.00023854
  3927           0.00004553    0.00023847
  3928           0.00004553    0.00023841
  3929           0.00004552    0.00023835
  3930           0.00004551    0.00023829
  3931           0.00004550    0.00023822
  3932           0.00004549    0.00023816
  3933           0.00004548    0.00023810
  3934           0.00004547    0.00023804
  3935           0.00004547    0.00023797
  3936           0.00004546    0.00023791
  3937           0.00004545    0.00023785
  3938           0.00004544    0.00023779
  3939           0.00004543    0.00023773
  3940           0.00004542    0.00023766
  3941           0.00004542    0.00023760
  3942           0.00004541    0.00023754
  3943           0.00004540    0.00023748
  3944           0.00004539    0.00023741
  3945           0.00004538    0.00023735
  3946           0.00004537    0.00023729
  3947           0.00004536    0.00023723
  3948           0.00004536    0.00023717
  3949           0.00004535    0.00023710
  3950           0.00004534    0.00023704
  3951           0.00004533    0.00023698
  3952           0.00004532    0.00023692
  3953           0.00004531    0.00023686
  3954           0.00004531    0.00023679
  3955           0.00004530    0.00023673
  3956           0.00004529    0.00023667
  3957           0.00004528    0.00023661
  3958           0.00004527    0.00023655
  3959           0.00004526    0.00023649
  3960           0.00004525    0.00023642
  3961           0.00004525    0.00023636
  3962           0.00004524    0.00023630
  3963           0.00004523    0.00023624
  3964           0.00004522    0.00023618
  3965           0.00004521    0.00023612
  3966           0.00004520    0.00023605
  3967           0.00004520    0.00023599
  3968           0.00004519    0.00023593
  3969           0.00004518    0.00023587
  3970           0.00004517    0.00023581
  3971           0.00004516    0.00023575
  3972           0.00004515    0.00023568
  3973           0.00004515    0.00023562
  3974           0.00004514    0.00023556
  3975           0.00004513    0.00023550
  3976           0.00004512    0.00023544
  3977           0.00004511    0.00023538
  3978           0.00004510    0.00023532
  3979           0.00004510    0.00023526
  3980           0.00004509    0.00023519
  3981           0.00004508    0.00023513
  3982           0.00004507    0.00023507
  3983           0.00004506    0.00023501
  3984           0.00004505    0.00023495
  3985           0.00004504    0.00023489
  3986           0.00004504    0.00023483
  3987           0.00004503    0.00023477
  3988           0.00004502    0.00023470
  3989           0.00004501    0.00023464
  3990           0.00004500    0.00023458
  3991           0.00004499    0.00023452
  3992           0.00004499    0.00023446
  3993           0.00004498    0.00023440
  3994           0.00004497    0.00023434
  3995           0.00004496    0.00023428
  3996           0.00004495    0.00023422
  3997           0.00004494    0.00023415
  3998           0.00004494    0.00023409
  3999           0.00004493    0.00023403
  4000           0.00004492    0.00023397
  4001           0.00004491    0.00023391
  4002           0.00004490    0.00023385
  4003           0.00004489    0.00023379
  4004           0.00004489    0.00023373
  4005           0.00004488    0.00023367
  4006           0.00004487    0.00023361
  4007           0.00004486    0.00023355
  4008           0.00004485    0.00023349
  4009           0.00004485    0.00023343
  4010           0.00004484    0.00023336
  4011           0.00004483    0.00023330
  4012           0.00004482    0.00023324
  4013           0.00004481    0.00023318
  4014           0.00004480    0.00023312
  4015           0.00004480    0.00023306
  4016           0.00004479    0.00023300
  4017           0.00004478    0.00023294
  4018           0.00004477    0.00023288
  4019           0.00004476    0.00023282
  4020           0.00004475    0.00023276
  4021           0.00004475    0.00023270
  4022           0.00004474    0.00023264
  4023           0.00004473    0.00023258
  4024           0.00004472    0.00023252
  4025           0.00004471    0.00023246
  4026           0.00004470    0.00023240
  4027           0.00004470    0.00023234
  4028           0.00004469    0.00023228
  4029           0.00004468    0.00023222
  4030           0.00004467    0.00023216
  4031           0.00004466    0.00023209
  4032           0.00004465    0.00023203
  4033           0.00004465    0.00023197
  4034           0.00004464    0.00023191
  4035           0.00004463    0.00023185
  4036           0.00004462    0.00023179
  4037           0.00004461    0.00023173
  4038           0.00004461    0.00023167
  4039           0.00004460    0.00023161
  4040           0.00004459    0.00023155
  4041           0.00004458    0.00023149
  4042           0.00004457    0.00023143
  4043           0.00004456    0.00023137
  4044           0.00004456    0.00023131
  4045           0.00004455    0.00023125
  4046           0.00004454    0.00023119
  4047           0.00004453    0.00023113
  4048           0.00004452    0.00023107
  4049           0.00004452    0.00023101
  4050           0.00004451    0.00023095
  4051           0.00004450    0.00023089
  4052           0.00004449    0.00023083
  4053           0.00004448    0.00023077
  4054           0.00004447    0.00023072
  4055           0.00004447    0.00023066
  4056           0.00004446    0.00023060
  4057           0.00004445    0.00023054
  4058           0.00004444    0.00023048
  4059           0.00004443    0.00023042
  4060           0.00004442    0.00023036
  4061           0.00004442    0.00023030
  4062           0.00004441    0.00023024
  4063           0.00004440    0.00023018
  4064           0.00004439    0.00023012
  4065           0.00004438    0.00023006
  4066           0.00004438    0.00023000
  4067           0.00004437    0.00022994
  4068           0.00004436    0.00022988
  4069           0.00004435    0.00022982
  4070           0.00004434    0.00022976
  4071           0.00004434    0.00022970
  4072           0.00004433    0.00022964
  4073           0.00004432    0.00022958
  4074           0.00004431    0.00022952
  4075           0.00004430    0.00022946
  4076           0.00004429    0.00022941
  4077           0.00004429    0.00022935
  4078           0.00004428    0.00022929
  4079           0.00004427    0.00022923
  4080           0.00004426    0.00022917
  4081           0.00004425    0.00022911
  4082           0.00004425    0.00022905
  4083           0.00004424    0.00022899
  4084           0.00004423    0.00022893
  4085           0.00004422    0.00022887
  4086           0.00004421    0.00022881
  4087           0.00004421    0.00022875
  4088           0.00004420    0.00022870
  4089           0.00004419    0.00022864
  4090           0.00004418    0.00022858
  4091           0.00004417    0.00022852
  4092           0.00004416    0.00022846
  4093           0.00004416    0.00022840
  4094           0.00004415    0.00022834
  4095           0.00004414    0.00022828
  4096           0.00004413    0.00022822
  4097           0.00004412    0.00022816
  4098           0.00004412    0.00022811
  4099           0.00004411    0.00022805
  4100           0.00004410    0.00022799
  4101           0.00004409    0.00022793
  4102           0.00004408    0.00022787
  4103           0.00004408    0.00022781
  4104           0.00004407    0.00022775
  4105           0.00004406    0.00022769
  4106           0.00004405    0.00022764
  4107           0.00004404    0.00022758
  4108           0.00004404    0.00022752
  4109           0.00004403    0.00022746
  4110           0.00004402    0.00022740
  4111           0.00004401    0.00022734
  4112           0.00004400    0.00022728
  4113           0.00004399    0.00022723
  4114           0.00004399    0.00022717
  4115           0.00004398    0.00022711
  4116           0.00004397    0.00022705
  4117           0.00004396    0.00022699
  4118           0.00004395    0.00022693
  4119           0.00004395    0.00022687
  4120           0.00004394    0.00022682
  4121           0.00004393    0.00022676
  4122           0.00004392    0.00022670
  4123           0.00004391    0.00022664
  4124           0.00004391    0.00022658
  4125           0.00004390    0.00022652
  4126           0.00004389    0.00022647
  4127           0.00004388    0.00022641
  4128           0.00004387    0.00022635
  4129           0.00004387    0.00022629
  4130           0.00004386    0.00022623
  4131           0.00004385    0.00022618
  4132           0.00004384    0.00022612
  4133           0.00004383    0.00022606
  4134           0.00004383    0.00022600
  4135           0.00004382    0.00022594
  4136           0.00004381    0.00022588
  4137           0.00004380    0.00022583
  4138           0.00004379    0.00022577
  4139           0.00004379    0.00022571
  4140           0.00004378    0.00022565
  4141           0.00004377    0.00022559
  4142           0.00004376    0.00022554
  4143           0.00004375    0.00022548
  4144           0.00004375    0.00022542
  4145           0.00004374    0.00022536
  4146           0.00004373    0.00022530
  4147           0.00004372    0.00022525
  4148           0.00004371    0.00022519
  4149           0.00004371    0.00022513
  4150           0.00004370    0.00022507
  4151           0.00004369    0.00022502
  4152           0.00004368    0.00022496
  4153           0.00004367    0.00022490
  4154           0.00004367    0.00022484
  4155           0.00004366    0.00022478
  4156           0.00004365    0.00022473
  4157           0.00004364    0.00022467
  4158           0.00004363    0.00022461
  4159           0.00004363    0.00022455
  4160           0.00004362    0.00022450
  4161           0.00004361    0.00022444
  4162           0.00004360    0.00022438
  4163           0.00004360    0.00022432
  4164           0.00004359    0.00022427
  4165           0.00004358    0.00022421
  4166           0.00004357    0.00022415
  4167           0.00004356    0.00022409
  4168           0.00004356    0.00022404
  4169           0.00004355    0.00022398
  4170           0.00004354    0.00022392
  4171           0.00004353    0.00022386
  4172           0.00004352    0.00022381
  4173           0.00004352    0.00022375
  4174           0.00004351    0.00022369
  4175           0.00004350    0.00022363
  4176           0.00004349    0.00022358
  4177           0.00004348    0.00022352
  4178           0.00004348    0.00022346
  4179           0.00004347    0.00022341
  4180           0.00004346    0.00022335
  4181           0.00004345    0.00022329
  4182           0.00004344    0.00022323
  4183           0.00004344    0.00022318
  4184           0.00004343    0.00022312
  4185           0.00004342    0.00022306
  4186           0.00004341    0.00022301
  4187           0.00004341    0.00022295
  4188           0.00004340    0.00022289
  4189           0.00004339    0.00022283
  4190           0.00004338    0.00022278
  4191           0.00004337    0.00022272
  4192           0.00004337    0.00022266
  4193           0.00004336    0.00022261
  4194           0.00004335    0.00022255
  4195           0.00004334    0.00022249
  4196           0.00004333    0.00022244
  4197           0.00004333    0.00022238
  4198           0.00004332    0.00022232
  4199           0.00004331    0.00022226
  4200           0.00004330    0.00022221
  4201           0.00004330    0.00022215
  4202           0.00004329    0.00022209
  4203           0.00004328    0.00022204
  4204           0.00004327    0.00022198
  4205           0.00004326    0.00022192
  4206           0.00004326    0.00022187
  4207           0.00004325    0.00022181
  4208           0.00004324    0.00022175
  4209           0.00004323    0.00022170
  4210           0.00004322    0.00022164
  4211           0.00004322    0.00022158
  4212           0.00004321    0.00022153
  4213           0.00004320    0.00022147
  4214           0.00004319    0.00022141
  4215           0.00004319    0.00022136
  4216           0.00004318    0.00022130
  4217           0.00004317    0.00022125
  4218           0.00004316    0.00022119
  4219           0.00004315    0.00022113
  4220           0.00004315    0.00022108
  4221           0.00004314    0.00022102
  4222           0.00004313    0.00022096
  4223           0.00004312    0.00022091
  4224           0.00004312    0.00022085
  4225           0.00004311    0.00022079
  4226           0.00004310    0.00022074
  4227           0.00004309    0.00022068
  4228           0.00004308    0.00022063
  4229           0.00004308    0.00022057
  4230           0.00004307    0.00022051
  4231           0.00004306    0.00022046
  4232           0.00004305    0.00022040
  4233           0.00004304    0.00022034
  4234           0.00004304    0.00022029
  4235           0.00004303    0.00022023
  4236           0.00004302    0.00022018
  4237           0.00004301    0.00022012
  4238           0.00004301    0.00022006
  4239           0.00004300    0.00022001
  4240           0.00004299    0.00021995
  4241           0.00004298    0.00021990
  4242           0.00004297    0.00021984
  4243           0.00004297    0.00021978
  4244           0.00004296    0.00021973
  4245           0.00004295    0.00021967
  4246           0.00004294    0.00021962
  4247           0.00004294    0.00021956
  4248           0.00004293    0.00021950
  4249           0.00004292    0.00021945
  4250           0.00004291    0.00021939
  4251           0.00004291    0.00021934
  4252           0.00004290    0.00021928
  4253           0.00004289    0.00021922
  4254           0.00004288    0.00021917
  4255           0.00004287    0.00021911
  4256           0.00004287    0.00021906
  4257           0.00004286    0.00021900
  4258           0.00004285    0.00021895
  4259           0.00004284    0.00021889
  4260           0.00004284    0.00021883
  4261           0.00004283    0.00021878
  4262           0.00004282    0.00021872
  4263           0.00004281    0.00021867
  4264           0.00004280    0.00021861
  4265           0.00004280    0.00021856
  4266           0.00004279    0.00021850
  4267           0.00004278    0.00021845
  4268           0.00004277    0.00021839
  4269           0.00004277    0.00021833
  4270           0.00004276    0.00021828
  4271           0.00004275    0.00021822
  4272           0.00004274    0.00021817
  4273           0.00004274    0.00021811
  4274           0.00004273    0.00021806
  4275           0.00004272    0.00021800
  4276           0.00004271    0.00021795
  4277           0.00004270    0.00021789
  4278           0.00004270    0.00021784
  4279           0.00004269    0.00021778
  4280           0.00004268    0.00021773
  4281           0.00004267    0.00021767
  4282           0.00004267    0.00021761
  4283           0.00004266    0.00021756
  4284           0.00004265    0.00021750
  4285           0.00004264    0.00021745
  4286           0.00004264    0.00021739
  4287           0.00004263    0.00021734
  4288           0.00004262    0.00021728
  4289           0.00004261    0.00021723
  4290           0.00004260    0.00021717
  4291           0.00004260    0.00021712
  4292           0.00004259    0.00021706
  4293           0.00004258    0.00021701
  4294           0.00004257    0.00021695
  4295           0.00004257    0.00021690
  4296           0.00004256    0.00021684
  4297           0.00004255    0.00021679
  4298           0.00004254    0.00021673
  4299           0.00004254    0.00021668
  4300           0.00004253    0.00021662
  4301           0.00004252    0.00021657
  4302           0.00004251    0.00021651
  4303           0.00004251    0.00021646
  4304           0.00004250    0.00021640
  4305           0.00004249    0.00021635
  4306           0.00004248    0.00021629
  4307           0.00004247    0.00021624
  4308           0.00004247    0.00021619
  4309           0.00004246    0.00021613
  4310           0.00004245    0.00021608
  4311           0.00004244    0.00021602
  4312           0.00004244    0.00021597
  4313           0.00004243    0.00021591
  4314           0.00004242    0.00021586
  4315           0.00004241    0.00021580
  4316           0.00004241    0.00021575
  4317           0.00004240    0.00021569
  4318           0.00004239    0.00021564
  4319           0.00004238    0.00021558
  4320           0.00004238    0.00021553
  4321           0.00004237    0.00021548
  4322           0.00004236    0.00021542
  4323           0.00004235    0.00021537
  4324           0.00004235    0.00021531
  4325           0.00004234    0.00021526
  4326           0.00004233    0.00021520
  4327           0.00004232    0.00021515
  4328           0.00004231    0.00021509
  4329           0.00004231    0.00021504
  4330           0.00004230    0.00021499
  4331           0.00004229    0.00021493
  4332           0.00004228    0.00021488
  4333           0.00004228    0.00021482
  4334           0.00004227    0.00021477
  4335           0.00004226    0.00021471
  4336           0.00004225    0.00021466
  4337           0.00004225    0.00021461
  4338           0.00004224    0.00021455
  4339           0.00004223    0.00021450
  4340           0.00004222    0.00021444
  4341           0.00004222    0.00021439
  4342           0.00004221    0.00021434
  4343           0.00004220    0.00021428
  4344           0.00004219    0.00021423
  4345           0.00004219    0.00021417
  4346           0.00004218    0.00021412
  4347           0.00004217    0.00021406
  4348           0.00004216    0.00021401
  4349           0.00004216    0.00021396
  4350           0.00004215    0.00021390
  4351           0.00004214    0.00021385
  4352           0.00004213    0.00021380
  4353           0.00004213    0.00021374
  4354           0.00004212    0.00021369
  4355           0.00004211    0.00021363
  4356           0.00004210    0.00021358
  4357           0.00004210    0.00021353
  4358           0.00004209    0.00021347
  4359           0.00004208    0.00021342
  4360           0.00004207    0.00021336
  4361           0.00004207    0.00021331
  4362           0.00004206    0.00021326
  4363           0.00004205    0.00021320
  4364           0.00004204    0.00021315
  4365           0.00004204    0.00021310
  4366           0.00004203    0.00021304
  4367           0.00004202    0.00021299
  4368           0.00004201    0.00021293
  4369           0.00004201    0.00021288
  4370           0.00004200    0.00021283
  4371           0.00004199    0.00021277
  4372           0.00004198    0.00021272
  4373           0.00004198    0.00021267
  4374           0.00004197    0.00021261
  4375           0.00004196    0.00021256
  4376           0.00004195    0.00021251
  4377           0.00004195    0.00021245
  4378           0.00004194    0.00021240
  4379           0.00004193    0.00021235
  4380           0.00004192    0.00021229
  4381           0.00004192    0.00021224
  4382           0.00004191    0.00021219
  4383           0.00004190    0.00021213
  4384           0.00004189    0.00021208
  4385           0.00004189    0.00021203
  4386           0.00004188    0.00021197
  4387           0.00004187    0.00021192
  4388           0.00004186    0.00021187
  4389           0.00004186    0.00021181
  4390           0.00004185    0.00021176
  4391           0.00004184    0.00021171
  4392           0.00004183    0.00021165
  4393           0.00004183    0.00021160
  4394           0.00004182    0.00021155
  4395           0.00004181    0.00021149
  4396           0.00004180    0.00021144
  4397           0.00004180    0.00021139
  4398           0.00004179    0.00021133
  4399           0.00004178    0.00021128
  4400           0.00004177    0.00021123
  4401           0.00004177    0.00021118
  4402           0.00004176    0.00021112
  4403           0.00004175    0.00021107
  4404           0.00004174    0.00021102
  4405           0.00004174    0.00021096
  4406           0.00004173    0.00021091
  4407           0.00004172    0.00021086
  4408           0.00004171    0.00021080
  4409           0.00004171    0.00021075
  4410           0.00004170    0.00021070
  4411           0.00004169    0.00021065
  4412           0.00004168    0.00021059
  4413           0.00004168    0.00021054
  4414           0.00004167    0.00021049
  4415           0.00004166    0.00021043
  4416           0.00004165    0.00021038
  4417           0.00004165    0.00021033
  4418           0.00004164    0.00021028
  4419           0.00004163    0.00021022
  4420           0.00004163    0.00021017
  4421           0.00004162    0.00021012
  4422           0.00004161    0.00021007
  4423           0.00004160    0.00021001
  4424           0.00004160    0.00020996
  4425           0.00004159    0.00020991
  4426           0.00004158    0.00020986
  4427           0.00004157    0.00020980
  4428           0.00004157    0.00020975
  4429           0.00004156    0.00020970
  4430           0.00004155    0.00020965
  4431           0.00004154    0.00020959
  4432           0.00004154    0.00020954
  4433           0.00004153    0.00020949
  4434           0.00004152    0.00020944
  4435           0.00004151    0.00020938
  4436           0.00004151    0.00020933
  4437           0.00004150    0.00020928
  4438           0.00004149    0.00020923
  4439           0.00004148    0.00020917
  4440           0.00004148    0.00020912
  4441           0.00004147    0.00020907
  4442           0.00004146    0.00020902
  4443           0.00004146    0.00020896
  4444           0.00004145    0.00020891
  4445           0.00004144    0.00020886
  4446           0.00004143    0.00020881
  4447           0.00004143    0.00020876
  4448           0.00004142    0.00020870
  4449           0.00004141    0.00020865
  4450           0.00004140    0.00020860
  4451           0.00004140    0.00020855
  4452           0.00004139    0.00020849
  4453           0.00004138    0.00020844
  4454           0.00004137    0.00020839
  4455           0.00004137    0.00020834
  4456           0.00004136    0.00020829
  4457           0.00004135    0.00020823
  4458           0.00004135    0.00020818
  4459           0.00004134    0.00020813
  4460           0.00004133    0.00020808
  4461           0.00004132    0.00020803
  4462           0.00004132    0.00020797
  4463           0.00004131    0.00020792
  4464           0.00004130    0.00020787
  4465           0.00004129    0.00020782
  4466           0.00004129    0.00020777
  4467           0.00004128    0.00020772
  4468           0.00004127    0.00020766
  4469           0.00004126    0.00020761
  4470           0.00004126    0.00020756
  4471           0.00004125    0.00020751
  4472           0.00004124    0.00020746
  4473           0.00004124    0.00020740
  4474           0.00004123    0.00020735
  4475           0.00004122    0.00020730
  4476           0.00004121    0.00020725
  4477           0.00004121    0.00020720
  4478           0.00004120    0.00020715
  4479           0.00004119    0.00020709
  4480           0.00004118    0.00020704
  4481           0.00004118    0.00020699
  4482           0.00004117    0.00020694
  4483           0.00004116    0.00020689
  4484           0.00004116    0.00020684
  4485           0.00004115    0.00020678
  4486           0.00004114    0.00020673
  4487           0.00004113    0.00020668
  4488           0.00004113    0.00020663
  4489           0.00004112    0.00020658
  4490           0.00004111    0.00020653
  4491           0.00004110    0.00020648
  4492           0.00004110    0.00020642
  4493           0.00004109    0.00020637
  4494           0.00004108    0.00020632
  4495           0.00004108    0.00020627
  4496           0.00004107    0.00020622
  4497           0.00004106    0.00020617
  4498           0.00004105    0.00020612
  4499           0.00004105    0.00020607
  4500           0.00004104    0.00020601
  4501           0.00004103    0.00020596
  4502           0.00004102    0.00020591
  4503           0.00004102    0.00020586
  4504           0.00004101    0.00020581
  4505           0.00004100    0.00020576
  4506           0.00004100    0.00020571
  4507           0.00004099    0.00020566
  4508           0.00004098    0.00020560
  4509           0.00004097    0.00020555
  4510           0.00004097    0.00020550
  4511           0.00004096    0.00020545
  4512           0.00004095    0.00020540
  4513           0.00004094    0.00020535
  4514           0.00004094    0.00020530
  4515           0.00004093    0.00020525
  4516           0.00004092    0.00020520
  4517           0.00004092    0.00020515
  4518           0.00004091    0.00020509
  4519           0.00004090    0.00020504
  4520           0.00004089    0.00020499
  4521           0.00004089    0.00020494
  4522           0.00004088    0.00020489
  4523           0.00004087    0.00020484
  4524           0.00004087    0.00020479
  4525           0.00004086    0.00020474
  4526           0.00004085    0.00020469
  4527           0.00004084    0.00020464
  4528           0.00004084    0.00020459
  4529           0.00004083    0.00020453
  4530           0.00004082    0.00020448
  4531           0.00004082    0.00020443
  4532           0.00004081    0.00020438
  4533           0.00004080    0.00020433
  4534           0.00004079    0.00020428
  4535           0.00004079    0.00020423
  4536           0.00004078    0.00020418
  4537           0.00004077    0.00020413
  4538           0.00004076    0.00020408
  4539           0.00004076    0.00020403
  4540           0.00004075    0.00020398
  4541           0.00004074    0.00020393
  4542           0.00004074    0.00020388
  4543           0.00004073    0.00020383
  4544           0.00004072    0.00020378
  4545           0.00004071    0.00020373
  4546           0.00004071    0.00020367
  4547           0.00004070    0.00020362
  4548           0.00004069    0.00020357
  4549           0.00004069    0.00020352
  4550           0.00004068    0.00020347
  4551           0.00004067    0.00020342
  4552           0.00004066    0.00020337
  4553           0.00004066    0.00020332
  4554           0.00004065    0.00020327
  4555           0.00004064    0.00020322
  4556           0.00004064    0.00020317
  4557           0.00004063    0.00020312
  4558           0.00004062    0.00020307
  4559           0.00004061    0.00020302
  4560           0.00004061    0.00020297
  4561           0.00004060    0.00020292
  4562           0.00004059    0.00020287
  4563           0.00004059    0.00020282
  4564           0.00004058    0.00020277
  4565           0.00004057    0.00020272
  4566           0.00004056    0.00020267
  4567           0.00004056    0.00020262
  4568           0.00004055    0.00020257
  4569           0.00004054    0.00020252
  4570           0.00004054    0.00020247
  4571           0.00004053    0.00020242
  4572           0.00004052    0.00020237
  4573           0.00004051    0.00020232
  4574           0.00004051    0.00020227
  4575           0.00004050    0.00020222
  4576           0.00004049    0.00020217
  4577           0.00004049    0.00020212
  4578           0.00004048    0.00020207
  4579           0.00004047    0.00020202
  4580           0.00004046    0.00020197
  4581           0.00004046    0.00020192
  4582           0.00004045    0.00020187
  4583           0.00004044    0.00020182
  4584           0.00004044    0.00020177
  4585           0.00004043    0.00020172
  4586           0.00004042    0.00020167
  4587           0.00004042    0.00020162
  4588           0.00004041    0.00020157
  4589           0.00004040    0.00020152
  4590           0.00004039    0.00020147
  4591           0.00004039    0.00020142
  4592           0.00004038    0.00020137
  4593           0.00004037    0.00020132
  4594           0.00004037    0.00020127
  4595           0.00004036    0.00020122
  4596           0.00004035    0.00020117
  4597           0.00004034    0.00020112
  4598           0.00004034    0.00020107
  4599           0.00004033    0.00020102
  4600           0.00004032    0.00020097
  4601           0.00004032    0.00020092
  4602           0.00004031    0.00020088
  4603           0.00004030    0.00020083
  4604           0.00004029    0.00020078
  4605           0.00004029    0.00020073
  4606           0.00004028    0.00020068
  4607           0.00004027    0.00020063
  4608           0.00004027    0.00020058
  4609           0.00004026    0.00020053
  4610           0.00004025    0.00020048
  4611           0.00004025    0.00020043
  4612           0.00004024    0.00020038
  4613           0.00004023    0.00020033
  4614           0.00004022    0.00020028
  4615           0.00004022    0.00020023
  4616           0.00004021    0.00020018
  4617           0.00004020    0.00020013
  4618           0.00004020    0.00020009
  4619           0.00004019    0.00020004
  4620           0.00004018    0.00019999
  4621           0.00004017    0.00019994
  4622           0.00004017    0.00019989
  4623           0.00004016    0.00019984
  4624           0.00004015    0.00019979
  4625           0.00004015    0.00019974
  4626           0.00004014    0.00019969
  4627           0.00004013    0.00019964
  4628           0.00004013    0.00019959
  4629           0.00004012    0.00019954
  4630           0.00004011    0.00019950
  4631           0.00004010    0.00019945
  4632           0.00004010    0.00019940
  4633           0.00004009    0.00019935
  4634           0.00004008    0.00019930
  4635           0.00004008    0.00019925
  4636           0.00004007    0.00019920
  4637           0.00004006    0.00019915
  4638           0.00004006    0.00019910
  4639           0.00004005    0.00019905
  4640           0.00004004    0.00019901
  4641           0.00004003    0.00019896
  4642           0.00004003    0.00019891
  4643           0.00004002    0.00019886
  4644           0.00004001    0.00019881
  4645           0.00004001    0.00019876
  4646           0.00004000    0.00019871
  4647           0.00003999    0.00019866
  4648           0.00003999    0.00019862
  4649           0.00003998    0.00019857
  4650           0.00003997    0.00019852
  4651           0.00003996    0.00019847
  4652           0.00003996    0.00019842
  4653           0.00003995    0.00019837
  4654           0.00003994    0.00019832
  4655           0.00003994    0.00019827
  4656           0.00003993    0.00019823
  4657           0.00003992    0.00019818
  4658           0.00003992    0.00019813
  4659           0.00003991    0.00019808
  4660           0.00003990    0.00019803
  4661           0.00003989    0.00019798
  4662           0.00003989    0.00019793
  4663           0.00003988    0.00019789
  4664           0.00003987    0.00019784
  4665           0.00003987    0.00019779
  4666           0.00003986    0.00019774
  4667           0.00003985    0.00019769
  4668           0.00003985    0.00019764
  4669           0.00003984    0.00019760
  4670           0.00003983    0.00019755
  4671           0.00003983    0.00019750
  4672           0.00003982    0.00019745
  4673           0.00003981    0.00019740
  4674           0.00003980    0.00019735
  4675           0.00003980    0.00019731
  4676           0.00003979    0.00019726
  4677           0.00003978    0.00019721
  4678           0.00003978    0.00019716
  4679           0.00003977    0.00019711
  4680           0.00003976    0.00019706
  4681           0.00003976    0.00019702
  4682           0.00003975    0.00019697
  4683           0.00003974    0.00019692
  4684           0.00003974    0.00019687
  4685           0.00003973    0.00019682
  4686           0.00003972    0.00019677
  4687           0.00003971    0.00019673
  4688           0.00003971    0.00019668
  4689           0.00003970    0.00019663
  4690           0.00003969    0.00019658
  4691           0.00003969    0.00019653
  4692           0.00003968    0.00019649
  4693           0.00003967    0.00019644
  4694           0.00003967    0.00019639
  4695           0.00003966    0.00019634
  4696           0.00003965    0.00019629
  4697           0.00003965    0.00019625
  4698           0.00003964    0.00019620
  4699           0.00003963    0.00019615
  4700           0.00003962    0.00019610
  4701           0.00003962    0.00019605
  4702           0.00003961    0.00019601
  4703           0.00003960    0.00019596
  4704           0.00003960    0.00019591
  4705           0.00003959    0.00019586
  4706           0.00003958    0.00019582
  4707           0.00003958    0.00019577
  4708           0.00003957    0.00019572
  4709           0.00003956    0.00019567
  4710           0.00003956    0.00019562
  4711           0.00003955    0.00019558
  4712           0.00003954    0.00019553
  4713           0.00003954    0.00019548
  4714           0.00003953    0.00019543
  4715           0.00003952    0.00019539
  4716           0.00003951    0.00019534
  4717           0.00003951    0.00019529
  4718           0.00003950    0.00019524
  4719           0.00003949    0.00019520
  4720           0.00003949    0.00019515
  4721           0.00003948    0.00019510
  4722           0.00003947    0.00019505
  4723           0.00003947    0.00019501
  4724           0.00003946    0.00019496
  4725           0.00003945    0.00019491
  4726           0.00003945    0.00019486
  4727           0.00003944    0.00019482
  4728           0.00003943    0.00019477
  4729           0.00003943    0.00019472
  4730           0.00003942    0.00019467
  4731           0.00003941    0.00019463
  4732           0.00003940    0.00019458
  4733           0.00003940    0.00019453
  4734           0.00003939    0.00019448
  4735           0.00003938    0.00019444
  4736           0.00003938    0.00019439
  4737           0.00003937    0.00019434
  4738           0.00003936    0.00019429
  4739           0.00003936    0.00019425
  4740           0.00003935    0.00019420
  4741           0.00003934    0.00019415
  4742           0.00003934    0.00019410
  4743           0.00003933    0.00019406
  4744           0.00003932    0.00019401
  4745           0.00003932    0.00019396
  4746           0.00003931    0.00019392
  4747           0.00003930    0.00019387
  4748           0.00003930    0.00019382
  4749           0.00003929    0.00019377
  4750           0.00003928    0.00019373
  4751           0.00003928    0.00019368
  4752           0.00003927    0.00019363
  4753           0.00003926    0.00019359
  4754           0.00003925    0.00019354
  4755           0.00003925    0.00019349
  4756           0.00003924    0.00019345
  4757           0.00003923    0.00019340
  4758           0.00003923    0.00019335
  4759           0.00003922    0.00019330
  4760           0.00003921    0.00019326
  4761           0.00003921    0.00019321
  4762           0.00003920    0.00019316
  4763           0.00003919    0.00019312
  4764           0.00003919    0.00019307
  4765           0.00003918    0.00019302
  4766           0.00003917    0.00019298
  4767           0.00003917    0.00019293
  4768           0.00003916    0.00019288
  4769           0.00003915    0.00019284
  4770           0.00003915    0.00019279
  4771           0.00003914    0.00019274
  4772           0.00003913    0.00019270
  4773           0.00003913    0.00019265
  4774           0.00003912    0.00019260
  4775           0.00003911    0.00019255
  4776           0.00003911    0.00019251
  4777           0.00003910    0.00019246
  4778           0.00003909    0.00019241
  4779           0.00003909    0.00019237
  4780           0.00003908    0.00019232
  4781           0.00003907    0.00019227
  4782           0.00003906    0.00019223
  4783           0.00003906    0.00019218
  4784           0.00003905    0.00019214
  4785           0.00003904    0.00019209
  4786           0.00003904    0.00019204
  4787           0.00003903    0.00019200
  4788           0.00003902    0.00019195
  4789           0.00003902    0.00019190
  4790           0.00003901    0.00019186
  4791           0.00003900    0.00019181
  4792           0.00003900    0.00019176
  4793           0.00003899    0.00019172
  4794           0.00003898    0.00019167
  4795           0.00003898    0.00019162
  4796           0.00003897    0.00019158
  4797           0.00003896    0.00019153
  4798           0.00003896    0.00019148
  4799           0.00003895    0.00019144
  4800           0.00003894    0.00019139
  4801           0.00003894    0.00019135
  4802           0.00003893    0.00019130
  4803           0.00003892    0.00019125
  4804           0.00003892    0.00019121
  4805           0.00003891    0.00019116
  4806           0.00003890    0.00019111
  4807           0.00003890    0.00019107
  4808           0.00003889    0.00019102
  4809           0.00003888    0.00019098
  4810           0.00003888    0.00019093
  4811           0.00003887    0.00019088
  4812           0.00003886    0.00019084
  4813           0.00003886    0.00019079
  4814           0.00003885    0.00019074
  4815           0.00003884    0.00019070
  4816           0.00003884    0.00019065
  4817           0.00003883    0.00019061
  4818           0.00003882    0.00019056
  4819           0.00003882    0.00019051
  4820           0.00003881    0.00019047
  4821           0.00003880    0.00019042
  4822           0.00003880    0.00019038
  4823           0.00003879    0.00019033
  4824           0.00003878    0.00019028
  4825           0.00003878    0.00019024
  4826           0.00003877    0.00019019
  4827           0.00003876    0.00019015
  4828           0.00003876    0.00019010
  4829           0.00003875    0.00019006
  4830           0.00003874    0.00019001
  4831           0.00003874    0.00018996
  4832           0.00003873    0.00018992
  4833           0.00003872    0.00018987
  4834           0.00003872    0.00018983
  4835           0.00003871    0.00018978
  4836           0.00003870    0.00018973
  4837           0.00003870    0.00018969
  4838           0.00003869    0.00018964
  4839           0.00003868    0.00018960
  4840           0.00003868    0.00018955
  4841           0.00003867    0.00018951
  4842           0.00003866    0.00018946
  4843           0.00003866    0.00018941
  4844           0.00003865    0.00018937
  4845           0.00003864    0.00018932
  4846           0.00003864    0.00018928
  4847           0.00003863    0.00018923
  4848           0.00003862    0.00018919
  4849           0.00003862    0.00018914
  4850           0.00003861    0.00018910
  4851           0.00003860    0.00018905
  4852           0.00003860    0.00018900
  4853           0.00003859    0.00018896
  4854           0.00003858    0.00018891
  4855           0.00003858    0.00018887
  4856           0.00003857    0.00018882
  4857           0.00003856    0.00018878
  4858           0.00003856    0.00018873
  4859           0.00003855    0.00018869
  4860           0.00003854    0.00018864
  4861           0.00003854    0.00018859
  4862           0.00003853    0.00018855
  4863           0.00003852    0.00018850
  4864           0.00003852    0.00018846
  4865           0.00003851    0.00018841
  4866           0.00003850    0.00018837
  4867           0.00003850    0.00018832
  4868           0.00003849    0.00018828
  4869           0.00003848    0.00018823
  4870           0.00003848    0.00018819
  4871           0.00003847    0.00018814
  4872           0.00003846    0.00018810
  4873           0.00003846    0.00018805
  4874           0.00003845    0.00018801
  4875           0.00003844    0.00018796
  4876           0.00003844    0.00018792
  4877           0.00003843    0.00018787
  4878           0.00003842    0.00018783
  4879           0.00003842    0.00018778
  4880           0.00003841    0.00018774
  4881           0.00003840    0.00018769
  4882           0.00003840    0.00018765
  4883           0.00003839    0.00018760
  4884           0.00003838    0.00018755
  4885           0.00003838    0.00018751
  4886           0.00003837    0.00018746
  4887           0.00003836    0.00018742
  4888           0.00003836    0.00018737
  4889           0.00003835    0.00018733
  4890           0.00003834    0.00018728
  4891           0.00003834    0.00018724
  4892           0.00003833    0.00018720
  4893           0.00003832    0.00018715
  4894           0.00003832    0.00018711
  4895           0.00003831    0.00018706
  4896           0.00003830    0.00018702
  4897           0.00003830    0.00018697
  4898           0.00003829    0.00018693
  4899           0.00003829    0.00018688
  4900           0.00003828    0.00018684
  4901           0.00003827    0.00018679
  4902           0.00003827    0.00018675
  4903           0.00003826    0.00018670
  4904           0.00003825    0.00018666
  4905           0.00003825    0.00018661
  4906           0.00003824    0.00018657
  4907           0.00003823    0.00018652
  4908           0.00003823    0.00018648
  4909           0.00003822    0.00018643
  4910           0.00003821    0.00018639
  4911           0.00003821    0.00018634
  4912           0.00003820    0.00018630
  4913           0.00003819    0.00018626
  4914           0.00003819    0.00018621
  4915           0.00003818    0.00018617
  4916           0.00003817    0.00018612
  4917           0.00003817    0.00018608
  4918           0.00003816    0.00018603
  4919           0.00003815    0.00018599
  4920           0.00003815    0.00018594
  4921           0.00003814    0.00018590
  4922           0.00003813    0.00018585
  4923           0.00003813    0.00018581
  4924           0.00003812    0.00018577
  4925           0.00003811    0.00018572
  4926           0.00003811    0.00018568
  4927           0.00003810    0.00018563
  4928           0.00003810    0.00018559
  4929           0.00003809    0.00018554
  4930           0.00003808    0.00018550
  4931           0.00003808    0.00018545
  4932           0.00003807    0.00018541
  4933           0.00003806    0.00018537
  4934           0.00003806    0.00018532
  4935           0.00003805    0.00018528
  4936           0.00003804    0.00018523
  4937           0.00003804    0.00018519
  4938           0.00003803    0.00018514
  4939           0.00003802    0.00018510
  4940           0.00003802    0.00018506
  4941           0.00003801    0.00018501
  4942           0.00003800    0.00018497
  4943           0.00003800    0.00018492
  4944           0.00003799    0.00018488
  4945           0.00003798    0.00018484
  4946           0.00003798    0.00018479
  4947           0.00003797    0.00018475
  4948           0.00003796    0.00018470
  4949           0.00003796    0.00018466
  4950           0.00003795    0.00018461
  4951           0.00003795    0.00018457
  4952           0.00003794    0.00018453
  4953           0.00003793    0.00018448
  4954           0.00003793    0.00018444
  4955           0.00003792    0.00018439
  4956           0.00003791    0.00018435
  4957           0.00003791    0.00018431
  4958           0.00003790    0.00018426
  4959           0.00003789    0.00018422
  4960           0.00003789    0.00018417
  4961           0.00003788    0.00018413
  4962           0.00003787    0.00018409
  4963           0.00003787    0.00018404
  4964           0.00003786    0.00018400
  4965           0.00003785    0.00018396
  4966           0.00003785    0.00018391
  4967           0.00003784    0.00018387
  4968           0.00003784    0.00018382
  4969           0.00003783    0.00018378
  4970           0.00003782    0.00018374
  4971           0.00003782    0.00018369
  4972           0.00003781    0.00018365
  4973           0.00003780    0.00018360
  4974           0.00003780    0.00018356
  4975           0.00003779    0.00018352
  4976           0.00003778    0.00018347
  4977           0.00003778    0.00018343
  4978           0.00003777    0.00018339
  4979           0.00003776    0.00018334
  4980           0.00003776    0.00018330
  4981           0.00003775    0.00018326
  4982           0.00003774    0.00018321
  4983           0.00003774    0.00018317
  4984           0.00003773    0.00018312
  4985           0.00003773    0.00018308
  4986           0.00003772    0.00018304
  4987           0.00003771    0.00018299
  4988           0.00003771    0.00018295
  4989           0.00003770    0.00018291
  4990           0.00003769    0.00018286
  4991           0.00003769    0.00018282
  4992           0.00003768    0.00018278
  4993           0.00003767    0.00018273
  4994           0.00003767    0.00018269
  4995           0.00003766    0.00018265
  4996           0.00003765    0.00018260
  4997           0.00003765    0.00018256
  4998           0.00003764    0.00018252
  4999           0.00003764    0.00018247
  5000           0.00003763    0.00018243
  5001           0.00003762    0.00018239
  5002           0.00003762    0.00018234
  5003           0.00003761    0.00018230
  5004           0.00003760    0.00018226
  5005           0.00003760    0.00018221
  5006           0.00003759    0.00018217
  5007           0.00003758    0.00018213
  5008           0.00003758    0.00018208
  5009           0.00003757    0.00018204
  5010           0.00003757    0.00018200
  5011           0.00003756    0.00018195
  5012           0.00003755    0.00018191
  5013           0.00003755    0.00018187
  5014           0.00003754    0.00018182
  5015           0.00003753    0.00018178
  5016           0.00003753    0.00018174
  5017           0.00003752    0.00018169
  5018           0.00003751    0.00018165
  5019           0.00003751    0.00018161
  5020           0.00003750    0.00018157
  5021           0.00003749    0.00018152
  5022           0.00003749    0.00018148
  5023           0.00003748    0.00018144
  5024           0.00003748    0.00018139
  5025           0.00003747    0.00018135
  5026           0.00003746    0.00018131
  5027           0.00003746    0.00018126
  5028           0.00003745    0.00018122
  5029           0.00003744    0.00018118
  5030           0.00003744    0.00018114
  5031           0.00003743    0.00018109
  5032           0.00003742    0.00018105
  5033           0.00003742    0.00018101
  5034           0.00003741    0.00018096
  5035           0.00003741    0.00018092
  5036           0.00003740    0.00018088
  5037           0.00003739    0.00018084
  5038           0.00003739    0.00018079
  5039           0.00003738    0.00018075
  5040           0.00003737    0.00018071
  5041           0.00003737    0.00018066
  5042           0.00003736    0.00018062
  5043           0.00003735    0.00018058
  5044           0.00003735    0.00018054
  5045           0.00003734    0.00018049
  5046           0.00003734    0.00018045
  5047           0.00003733    0.00018041
  5048           0.00003732    0.00018037
  5049           0.00003732    0.00018032
  5050           0.00003731    0.00018028
  5051           0.00003730    0.00018024
  5052           0.00003730    0.00018019
  5053           0.00003729    0.00018015
  5054           0.00003728    0.00018011
  5055           0.00003728    0.00018007
  5056           0.00003727    0.00018002
  5057           0.00003727    0.00017998
  5058           0.00003726    0.00017994
  5059           0.00003725    0.00017990
  5060           0.00003725    0.00017985
  5061           0.00003724    0.00017981
  5062           0.00003723    0.00017977
  5063           0.00003723    0.00017973
  5064           0.00003722    0.00017968
  5065           0.00003722    0.00017964
  5066           0.00003721    0.00017960
  5067           0.00003720    0.00017956
  5068           0.00003720    0.00017951
  5069           0.00003719    0.00017947
  5070           0.00003718    0.00017943
  5071           0.00003718    0.00017939
  5072           0.00003717    0.00017935
  5073           0.00003716    0.00017930
  5074           0.00003716    0.00017926
  5075           0.00003715    0.00017922
  5076           0.00003715    0.00017918
  5077           0.00003714    0.00017913
  5078           0.00003713    0.00017909
  5079           0.00003713    0.00017905
  5080           0.00003712    0.00017901
  5081           0.00003711    0.00017896
  5082           0.00003711    0.00017892
  5083           0.00003710    0.00017888
  5084           0.00003710    0.00017884
  5085           0.00003709    0.00017880
  5086           0.00003708    0.00017875
  5087           0.00003708    0.00017871
  5088           0.00003707    0.00017867
  5089           0.00003706    0.00017863
  5090           0.00003706    0.00017859
  5091           0.00003705    0.00017854
  5092           0.00003704    0.00017850
  5093           0.00003704    0.00017846
  5094           0.00003703    0.00017842
  5095           0.00003703    0.00017838
  5096           0.00003702    0.00017833
  5097           0.00003701    0.00017829
  5098           0.00003701    0.00017825
  5099           0.00003700    0.00017821
  5100           0.00003699    0.00017817
  5101           0.00003699    0.00017812
  5102           0.00003698    0.00017808
  5103           0.00003698    0.00017804
  5104           0.00003697    0.00017800
  5105           0.00003696    0.00017796
  5106           0.00003696    0.00017791
  5107           0.00003695    0.00017787
  5108           0.00003694    0.00017783
  5109           0.00003694    0.00017779
  5110           0.00003693    0.00017775
  5111           0.00003693    0.00017770
  5112           0.00003692    0.00017766
  5113           0.00003691    0.00017762
  5114           0.00003691    0.00017758
  5115           0.00003690    0.00017754
  5116           0.00003689    0.00017750
  5117           0.00003689    0.00017745
  5118           0.00003688    0.00017741
  5119           0.00003688    0.00017737
  5120           0.00003687    0.00017733
  5121           0.00003686    0.00017729
  5122           0.00003686    0.00017725
  5123           0.00003685    0.00017720
  5124           0.00003684    0.00017716
  5125           0.00003684    0.00017712
  5126           0.00003683    0.00017708
  5127           0.00003683    0.00017704
  5128           0.00003682    0.00017700
  5129           0.00003681    0.00017695
  5130           0.00003681    0.00017691
  5131           0.00003680    0.00017687
  5132           0.00003679    0.00017683
  5133           0.00003679    0.00017679
  5134           0.00003678    0.00017675
  5135           0.00003678    0.00017671
  5136           0.00003677    0.00017666
  5137           0.00003676    0.00017662
  5138           0.00003676    0.00017658
  5139           0.00003675    0.00017654
  5140           0.00003674    0.00017650
  5141           0.00003674    0.00017646
  5142           0.00003673    0.00017642
  5143           0.00003673    0.00017637
  5144           0.00003672    0.00017633
  5145           0.00003671    0.00017629
  5146           0.00003671    0.00017625
  5147           0.00003670    0.00017621
  5148           0.00003670    0.00017617
  5149           0.00003669    0.00017613
  5150           0.00003668    0.00017609
  5151           0.00003668    0.00017604
  5152           0.00003667    0.00017600
  5153           0.00003666    0.00017596
  5154           0.00003666    0.00017592
  5155           0.00003665    0.00017588
  5156           0.00003665    0.00017584
  5157           0.00003664    0.00017580
  5158           0.00003663    0.00017576
  5159           0.00003663    0.00017571
  5160           0.00003662    0.00017567
  5161           0.00003661    0.00017563
  5162           0.00003661    0.00017559
  5163           0.00003660    0.00017555
  5164           0.00003660    0.00017551
  5165           0.00003659    0.00017547
  5166           0.00003658    0.00017543
  5167           0.00003658    0.00017539
  5168           0.00003657    0.00017534
  5169           0.00003657    0.00017530
  5170           0.00003656    0.00017526
  5171           0.00003655    0.00017522
  5172           0.00003655    0.00017518
  5173           0.00003654    0.00017514
  5174           0.00003653    0.00017510
  5175           0.00003653    0.00017506
  5176           0.00003652    0.00017502
  5177           0.00003652    0.00017498
  5178           0.00003651    0.00017493
  5179           0.00003650    0.00017489
  5180           0.00003650    0.00017485
  5181           0.00003649    0.00017481
  5182           0.00003649    0.00017477
  5183           0.00003648    0.00017473
  5184           0.00003647    0.00017469
  5185           0.00003647    0.00017465
  5186           0.00003646    0.00017461
  5187           0.00003645    0.00017457
  5188           0.00003645    0.00017453
  5189           0.00003644    0.00017449
  5190           0.00003644    0.00017445
  5191           0.00003643    0.00017440
  5192           0.00003642    0.00017436
  5193           0.00003642    0.00017432
  5194           0.00003641    0.00017428
  5195           0.00003641    0.00017424
  5196           0.00003640    0.00017420
  5197           0.00003639    0.00017416
  5198           0.00003639    0.00017412
  5199           0.00003638    0.00017408
  5200           0.00003637    0.00017404
  5201           0.00003637    0.00017400
  5202           0.00003636    0.00017396
  5203           0.00003636    0.00017392
  5204           0.00003635    0.00017388
  5205           0.00003634    0.00017384
  5206           0.00003634    0.00017380
  5207           0.00003633    0.00017375
  5208           0.00003633    0.00017371
  5209           0.00003632    0.00017367
  5210           0.00003631    0.00017363
  5211           0.00003631    0.00017359
  5212           0.00003630    0.00017355
  5213           0.00003629    0.00017351
  5214           0.00003629    0.00017347
  5215           0.00003628    0.00017343
  5216           0.00003628    0.00017339
  5217           0.00003627    0.00017335
  5218           0.00003626    0.00017331
  5219           0.00003626    0.00017327
  5220           0.00003625    0.00017323
  5221           0.00003625    0.00017319
  5222           0.00003624    0.00017315
  5223           0.00003623    0.00017311
  5224           0.00003623    0.00017307
  5225           0.00003622    0.00017303
  5226           0.00003622    0.00017299
  5227           0.00003621    0.00017295
  5228           0.00003620    0.00017291
  5229           0.00003620    0.00017287
  5230           0.00003619    0.00017283
  5231           0.00003619    0.00017279
  5232           0.00003618    0.00017275
  5233           0.00003617    0.00017271
  5234           0.00003617    0.00017267
  5235           0.00003616    0.00017263
  5236           0.00003615    0.00017259
  5237           0.00003615    0.00017255
  5238           0.00003614    0.00017251
  5239           0.00003614    0.00017247
  5240           0.00003613    0.00017243
  5241           0.00003612    0.00017239
  5242           0.00003612    0.00017235
  5243           0.00003611    0.00017231
  5244           0.00003611    0.00017226
  5245           0.00003610    0.00017222
  5246           0.00003609    0.00017218
  5247           0.00003609    0.00017214
  5248           0.00003608    0.00017210
  5249           0.00003608    0.00017207
  5250           0.00003607    0.00017203
  5251           0.00003606    0.00017199
  5252           0.00003606    0.00017195
  5253           0.00003605    0.00017191
  5254           0.00003605    0.00017187
  5255           0.00003604    0.00017183
  5256           0.00003603    0.00017179
  5257           0.00003603    0.00017175
  5258           0.00003602    0.00017171
  5259           0.00003602    0.00017167
  5260           0.00003601    0.00017163
  5261           0.00003600    0.00017159
  5262           0.00003600    0.00017155
  5263           0.00003599    0.00017151
  5264           0.00003598    0.00017147
  5265           0.00003598    0.00017143
  5266           0.00003597    0.00017139
  5267           0.00003597    0.00017135
  5268           0.00003596    0.00017131
  5269           0.00003595    0.00017127
  5270           0.00003595    0.00017123
  5271           0.00003594    0.00017119
  5272           0.00003594    0.00017115
  5273           0.00003593    0.00017111
  5274           0.00003592    0.00017107
  5275           0.00003592    0.00017103
  5276           0.00003591    0.00017099
  5277           0.00003591    0.00017095
  5278           0.00003590    0.00017091
  5279           0.00003589    0.00017087
  5280           0.00003589    0.00017083
  5281           0.00003588    0.00017079
  5282           0.00003588    0.00017075
  5283           0.00003587    0.00017071
  5284           0.00003586    0.00017067
  5285           0.00003586    0.00017063
  5286           0.00003585    0.00017060
  5287           0.00003585    0.00017056
  5288           0.00003584    0.00017052
  5289           0.00003583    0.00017048
  5290           0.00003583    0.00017044
  5291           0.00003582    0.00017040
  5292           0.00003582    0.00017036
  5293           0.00003581    0.00017032
  5294           0.00003580    0.00017028
  5295           0.00003580    0.00017024
  5296           0.00003579    0.00017020
  5297           0.00003579    0.00017016
  5298           0.00003578    0.00017012
  5299           0.00003577    0.00017008
  5300           0.00003577    0.00017004
  5301           0.00003576    0.00017000
  5302           0.00003576    0.00016997
  5303           0.00003575    0.00016993
  5304           0.00003574    0.00016989
  5305           0.00003574    0.00016985
  5306           0.00003573    0.00016981
  5307           0.00003573    0.00016977
  5308           0.00003572    0.00016973
  5309           0.00003571    0.00016969
  5310           0.00003571    0.00016965
  5311           0.00003570    0.00016961
  5312           0.00003570    0.00016957
  5313           0.00003569    0.00016953
  5314           0.00003568    0.00016949
  5315           0.00003568    0.00016946
  5316           0.00003567    0.00016942
  5317           0.00003567    0.00016938
  5318           0.00003566    0.00016934
  5319           0.00003565    0.00016930
  5320           0.00003565    0.00016926
  5321           0.00003564    0.00016922
  5322           0.00003564    0.00016918
  5323           0.00003563    0.00016914
  5324           0.00003562    0.00016910
  5325           0.00003562    0.00016907
  5326           0.00003561    0.00016903
  5327           0.00003561    0.00016899
  5328           0.00003560    0.00016895
  5329           0.00003559    0.00016891
  5330           0.00003559    0.00016887
  5331           0.00003558    0.00016883
  5332           0.00003558    0.00016879
  5333           0.00003557    0.00016875
  5334           0.00003557    0.00016871
  5335           0.00003556    0.00016868
  5336           0.00003555    0.00016864
  5337           0.00003555    0.00016860
  5338           0.00003554    0.00016856
  5339           0.00003554    0.00016852
  5340           0.00003553    0.00016848
  5341           0.00003552    0.00016844
  5342           0.00003552    0.00016840
  5343           0.00003551    0.00016837
  5344           0.00003551    0.00016833
  5345           0.00003550    0.00016829
  5346           0.00003549    0.00016825
  5347           0.00003549    0.00016821
  5348           0.00003548    0.00016817
  5349           0.00003548    0.00016813
  5350           0.00003547    0.00016809
  5351           0.00003546    0.00016806
  5352           0.00003546    0.00016802
  5353           0.00003545    0.00016798
  5354           0.00003545    0.00016794
  5355           0.00003544    0.00016790
  5356           0.00003543    0.00016786
  5357           0.00003543    0.00016782
  5358           0.00003542    0.00016779
  5359           0.00003542    0.00016775
  5360           0.00003541    0.00016771
  5361           0.00003541    0.00016767
  5362           0.00003540    0.00016763
  5363           0.00003539    0.00016759
  5364           0.00003539    0.00016755
  5365           0.00003538    0.00016752
  5366           0.00003538    0.00016748
  5367           0.00003537    0.00016744
  5368           0.00003536    0.00016740
  5369           0.00003536    0.00016736
  5370           0.00003535    0.00016732
  5371           0.00003535    0.00016728
  5372           0.00003534    0.00016725
  5373           0.00003533    0.00016721
  5374           0.00003533    0.00016717
  5375           0.00003532    0.00016713
  5376           0.00003532    0.00016709
  5377           0.00003531    0.00016705
  5378           0.00003530    0.00016702
  5379           0.00003530    0.00016698
  5380           0.00003529    0.00016694
  5381           0.00003529    0.00016690
  5382           0.00003528    0.00016686
  5383           0.00003528    0.00016682
  5384           0.00003527    0.00016679
  5385           0.00003526    0.00016675
  5386           0.00003526    0.00016671
  5387           0.00003525    0.00016667
  5388           0.00003525    0.00016663
  5389           0.00003524    0.00016660
  5390           0.00003523    0.00016656
  5391           0.00003523    0.00016652
  5392           0.00003522    0.00016648
  5393           0.00003522    0.00016644
  5394           0.00003521    0.00016640
  5395           0.00003520    0.00016637
  5396           0.00003520    0.00016633
  5397           0.00003519    0.00016629
  5398           0.00003519    0.00016625
  5399           0.00003518    0.00016621
  5400           0.00003518    0.00016618
  5401           0.00003517    0.00016614
  5402           0.00003516    0.00016610
  5403           0.00003516    0.00016606
  5404           0.00003515    0.00016602
  5405           0.00003515    0.00016599
  5406           0.00003514    0.00016595
  5407           0.00003513    0.00016591
  5408           0.00003513    0.00016587
  5409           0.00003512    0.00016583
  5410           0.00003512    0.00016580
  5411           0.00003511    0.00016576
  5412           0.00003511    0.00016572
  5413           0.00003510    0.00016568
  5414           0.00003509    0.00016564
  5415           0.00003509    0.00016561
  5416           0.00003508    0.00016557
  5417           0.00003508    0.00016553
  5418           0.00003507    0.00016549
  5419           0.00003506    0.00016545
  5420           0.00003506    0.00016542
  5421           0.00003505    0.00016538
  5422           0.00003505    0.00016534
  5423           0.00003504    0.00016530
  5424           0.00003503    0.00016527
  5425           0.00003503    0.00016523
  5426           0.00003502    0.00016519
  5427           0.00003502    0.00016515
  5428           0.00003501    0.00016511
  5429           0.00003501    0.00016508
  5430           0.00003500    0.00016504
  5431           0.00003499    0.00016500
  5432           0.00003499    0.00016496
  5433           0.00003498    0.00016493
  5434           0.00003498    0.00016489
  5435           0.00003497    0.00016485
  5436           0.00003496    0.00016481
  5437           0.00003496    0.00016478
  5438           0.00003495    0.00016474
  5439           0.00003495    0.00016470
  5440           0.00003494    0.00016466
  5441           0.00003494    0.00016463
  5442           0.00003493    0.00016459
  5443           0.00003492    0.00016455
  5444           0.00003492    0.00016451
  5445           0.00003491    0.00016448
  5446           0.00003491    0.00016444
  5447           0.00003490    0.00016440
  5448           0.00003490    0.00016436
  5449           0.00003489    0.00016433
  5450           0.00003488    0.00016429
  5451           0.00003488    0.00016425
  5452           0.00003487    0.00016421
  5453           0.00003487    0.00016418
  5454           0.00003486    0.00016414
  5455           0.00003485    0.00016410
  5456           0.00003485    0.00016406
  5457           0.00003484    0.00016403
  5458           0.00003484    0.00016399
  5459           0.00003483    0.00016395
  5460           0.00003483    0.00016391
  5461           0.00003482    0.00016388
  5462           0.00003481    0.00016384
  5463           0.00003481    0.00016380
  5464           0.00003480    0.00016376
  5465           0.00003480    0.00016373
  5466           0.00003479    0.00016369
  5467           0.00003479    0.00016365
  5468           0.00003478    0.00016362
  5469           0.00003477    0.00016358
  5470           0.00003477    0.00016354
  5471           0.00003476    0.00016350
  5472           0.00003476    0.00016347
  5473           0.00003475    0.00016343
  5474           0.00003474    0.00016339
  5475           0.00003474    0.00016335
  5476           0.00003473    0.00016332
  5477           0.00003473    0.00016328
  5478           0.00003472    0.00016324
  5479           0.00003472    0.00016321
  5480           0.00003471    0.00016317
  5481           0.00003470    0.00016313
  5482           0.00003470    0.00016309
  5483           0.00003469    0.00016306
  5484           0.00003469    0.00016302
  5485           0.00003468    0.00016298
  5486           0.00003468    0.00016295
  5487           0.00003467    0.00016291
  5488           0.00003466    0.00016287
  5489           0.00003466    0.00016284
  5490           0.00003465    0.00016280
  5491           0.00003465    0.00016276
  5492           0.00003464    0.00016272
  5493           0.00003464    0.00016269
  5494           0.00003463    0.00016265
  5495           0.00003462    0.00016261
  5496           0.00003462    0.00016258
  5497           0.00003461    0.00016254
  5498           0.00003461    0.00016250
  5499           0.00003460    0.00016247
  5500           0.00003460    0.00016243
  5501           0.00003459    0.00016239
  5502           0.00003458    0.00016236
  5503           0.00003458    0.00016232
  5504           0.00003457    0.00016228
  5505           0.00003457    0.00016225
  5506           0.00003456    0.00016221
  5507           0.00003456    0.00016217
  5508           0.00003455    0.00016213
  5509           0.00003454    0.00016210
  5510           0.00003454    0.00016206
  5511           0.00003453    0.00016202
  5512           0.00003453    0.00016199
  5513           0.00003452    0.00016195
  5514           0.00003451    0.00016191
  5515           0.00003451    0.00016188
  5516           0.00003450    0.00016184
  5517           0.00003450    0.00016180
  5518           0.00003449    0.00016177
  5519           0.00003449    0.00016173
  5520           0.00003448    0.00016169
  5521           0.00003447    0.00016166
  5522           0.00003447    0.00016162
  5523           0.00003446    0.00016158
  5524           0.00003446    0.00016155
  5525           0.00003445    0.00016151
  5526           0.00003445    0.00016147
  5527           0.00003444    0.00016144
  5528           0.00003443    0.00016140
  5529           0.00003443    0.00016137
  5530           0.00003442    0.00016133
  5531           0.00003442    0.00016129
  5532           0.00003441    0.00016126
  5533           0.00003441    0.00016122
  5534           0.00003440    0.00016118
  5535           0.00003440    0.00016115
  5536           0.00003439    0.00016111
  5537           0.00003438    0.00016107
  5538           0.00003438    0.00016104
  5539           0.00003437    0.00016100
  5540           0.00003437    0.00016096
  5541           0.00003436    0.00016093
  5542           0.00003436    0.00016089
  5543           0.00003435    0.00016085
  5544           0.00003434    0.00016082
  5545           0.00003434    0.00016078
  5546           0.00003433    0.00016075
  5547           0.00003433    0.00016071
  5548           0.00003432    0.00016067
  5549           0.00003432    0.00016064
  5550           0.00003431    0.00016060
  5551           0.00003430    0.00016056
  5552           0.00003430    0.00016053
  5553           0.00003429    0.00016049
  5554           0.00003429    0.00016046
  5555           0.00003428    0.00016042
  5556           0.00003428    0.00016038
  5557           0.00003427    0.00016035
  5558           0.00003426    0.00016031
  5559           0.00003426    0.00016027
  5560           0.00003425    0.00016024
  5561           0.00003425    0.00016020
  5562           0.00003424    0.00016017
  5563           0.00003424    0.00016013
  5564           0.00003423    0.00016009
  5565           0.00003422    0.00016006
  5566           0.00003422    0.00016002
  5567           0.00003421    0.00015999
  5568           0.00003421    0.00015995
  5569           0.00003420    0.00015991
  5570           0.00003420    0.00015988
  5571           0.00003419    0.00015984
  5572           0.00003419    0.00015980
  5573           0.00003418    0.00015977
  5574           0.00003417    0.00015973
  5575           0.00003417    0.00015970
  5576           0.00003416    0.00015966
  5577           0.00003416    0.00015962
  5578           0.00003415    0.00015959
  5579           0.00003415    0.00015955
  5580           0.00003414    0.00015952
  5581           0.00003413    0.00015948
  5582           0.00003413    0.00015944
  5583           0.00003412    0.00015941
  5584           0.00003412    0.00015937
  5585           0.00003411    0.00015934
  5586           0.00003411    0.00015930
  5587           0.00003410    0.00015927
  5588           0.00003409    0.00015923
  5589           0.00003409    0.00015919
  5590           0.00003408    0.00015916
  5591           0.00003408    0.00015912
  5592           0.00003407    0.00015909
  5593           0.00003407    0.00015905
  5594           0.00003406    0.00015901
  5595           0.00003406    0.00015898
  5596           0.00003405    0.00015894
  5597           0.00003404    0.00015891
  5598           0.00003404    0.00015887
  5599           0.00003403    0.00015884
  5600           0.00003403    0.00015880
  5601           0.00003402    0.00015876
  5602           0.00003402    0.00015873
  5603           0.00003401    0.00015869
  5604           0.00003400    0.00015866
  5605           0.00003400    0.00015862
  5606           0.00003399    0.00015859
  5607           0.00003399    0.00015855
  5608           0.00003398    0.00015851
  5609           0.00003398    0.00015848
  5610           0.00003397    0.00015844
  5611           0.00003397    0.00015841
  5612           0.00003396    0.00015837
  5613           0.00003395    0.00015834
  5614           0.00003395    0.00015830
  5615           0.00003394    0.00015827
  5616           0.00003394    0.00015823
  5617           0.00003393    0.00015819
  5618           0.00003393    0.00015816
  5619           0.00003392    0.00015812
  5620           0.00003392    0.00015809
  5621           0.00003391    0.00015805
  5622           0.00003390    0.00015802
  5623           0.00003390    0.00015798
  5624           0.00003389    0.00015795
  5625           0.00003389    0.00015791
  5626           0.00003388    0.00015787
  5627           0.00003388    0.00015784
  5628           0.00003387    0.00015780
  5629           0.00003387    0.00015777
  5630           0.00003386    0.00015773
  5631           0.00003385    0.00015770
  5632           0.00003385    0.00015766
  5633           0.00003384    0.00015763
  5634           0.00003384    0.00015759
  5635           0.00003383    0.00015756
  5636           0.00003383    0.00015752
  5637           0.00003382    0.00015749
  5638           0.00003381    0.00015745
  5639           0.00003381    0.00015742
  5640           0.00003380    0.00015738
  5641           0.00003380    0.00015734
  5642           0.00003379    0.00015731
  5643           0.00003379    0.00015727
  5644           0.00003378    0.00015724
  5645           0.00003378    0.00015720
  5646           0.00003377    0.00015717
  5647           0.00003376    0.00015713
  5648           0.00003376    0.00015710
  5649           0.00003375    0.00015706
  5650           0.00003375    0.00015703
  5651           0.00003374    0.00015699
  5652           0.00003374    0.00015696
  5653           0.00003373    0.00015692
  5654           0.00003373    0.00015689
  5655           0.00003372    0.00015685
  5656           0.00003371    0.00015682
  5657           0.00003371    0.00015678
  5658           0.00003370    0.00015675
  5659           0.00003370    0.00015671
  5660           0.00003369    0.00015668
  5661           0.00003369    0.00015664
  5662           0.00003368    0.00015661
  5663           0.00003368    0.00015657
  5664           0.00003367    0.00015654
  5665           0.00003366    0.00015650
  5666           0.00003366    0.00015647
  5667           0.00003365    0.00015643
  5668           0.00003365    0.00015640
  5669           0.00003364    0.00015636
  5670           0.00003364    0.00015633
  5671           0.00003363    0.00015629
  5672           0.00003363    0.00015626
  5673           0.00003362    0.00015622
  5674           0.00003361    0.00015619
  5675           0.00003361    0.00015615
  5676           0.00003360    0.00015612
  5677           0.00003360    0.00015608
  5678           0.00003359    0.00015605
  5679           0.00003359    0.00015601
  5680           0.00003358    0.00015598
  5681           0.00003358    0.00015594
  5682           0.00003357    0.00015591
  5683           0.00003357    0.00015587
  5684           0.00003356    0.00015584
  5685           0.00003355    0.00015580
  5686           0.00003355    0.00015577
  5687           0.00003354    0.00015573
  5688           0.00003354    0.00015570
  5689           0.00003353    0.00015566
  5690           0.00003353    0.00015563
  5691           0.00003352    0.00015559
  5692           0.00003352    0.00015556
  5693           0.00003351    0.00015553
  5694           0.00003350    0.00015549
  5695           0.00003350    0.00015546
  5696           0.00003349    0.00015542
  5697           0.00003349    0.00015539
  5698           0.00003348    0.00015535
  5699           0.00003348    0.00015532
  5700           0.00003347    0.00015528
  5701           0.00003347    0.00015525
  5702           0.00003346    0.00015521
  5703           0.00003346    0.00015518
  5704           0.00003345    0.00015514
  5705           0.00003344    0.00015511
  5706           0.00003344    0.00015508
  5707           0.00003343    0.00015504
  5708           0.00003343    0.00015501
  5709           0.00003342    0.00015497
  5710           0.00003342    0.00015494
  5711           0.00003341    0.00015490
  5712           0.00003341    0.00015487
  5713           0.00003340    0.00015483
  5714           0.00003339    0.00015480
  5715           0.00003339    0.00015476
  5716           0.00003338    0.00015473
  5717           0.00003338    0.00015470
  5718           0.00003337    0.00015466
  5719           0.00003337    0.00015463
  5720           0.00003336    0.00015459
  5721           0.00003336    0.00015456
  5722           0.00003335    0.00015452
  5723           0.00003335    0.00015449
  5724           0.00003334    0.00015446
  5725           0.00003333    0.00015442
  5726           0.00003333    0.00015439
  5727           0.00003332    0.00015435
  5728           0.00003332    0.00015432
  5729           0.00003331    0.00015428
  5730           0.00003331    0.00015425
  5731           0.00003330    0.00015421
  5732           0.00003330    0.00015418
  5733           0.00003329    0.00015415
  5734           0.00003329    0.00015411
  5735           0.00003328    0.00015408
  5736           0.00003327    0.00015404
  5737           0.00003327    0.00015401
  5738           0.00003326    0.00015397
  5739           0.00003326    0.00015394
  5740           0.00003325    0.00015391
  5741           0.00003325    0.00015387
  5742           0.00003324    0.00015384
  5743           0.00003324    0.00015380
  5744           0.00003323    0.00015377
  5745           0.00003323    0.00015374
  5746           0.00003322    0.00015370
  5747           0.00003321    0.00015367
  5748           0.00003321    0.00015363
  5749           0.00003320    0.00015360
  5750           0.00003320    0.00015357
  5751           0.00003319    0.00015353
  5752           0.00003319    0.00015350
  5753           0.00003318    0.00015346
  5754           0.00003318    0.00015343
  5755           0.00003317    0.00015339
  5756           0.00003317    0.00015336
  5757           0.00003316    0.00015333
  5758           0.00003315    0.00015329
  5759           0.00003315    0.00015326
  5760           0.00003314    0.00015322
  5761           0.00003314    0.00015319
  5762           0.00003313    0.00015316
  5763           0.00003313    0.00015312
  5764           0.00003312    0.00015309
  5765           0.00003312    0.00015305
  5766           0.00003311    0.00015302
  5767           0.00003311    0.00015299
  5768           0.00003310    0.00015295
  5769           0.00003309    0.00015292
  5770           0.00003309    0.00015289
  5771           0.00003308    0.00015285
  5772           0.00003308    0.00015282
  5773           0.00003307    0.00015278
  5774           0.00003307    0.00015275
  5775           0.00003306    0.00015272
  5776           0.00003306    0.00015268
  5777           0.00003305    0.00015265
  5778           0.00003305    0.00015261
  5779           0.00003304    0.00015258
  5780           0.00003304    0.00015255
  5781           0.00003303    0.00015251
  5782           0.00003302    0.00015248
  5783           0.00003302    0.00015245
  5784           0.00003301    0.00015241
  5785           0.00003301    0.00015238
  5786           0.00003300    0.00015234
  5787           0.00003300    0.00015231
  5788           0.00003299    0.00015228
  5789           0.00003299    0.00015224
  5790           0.00003298    0.00015221
  5791           0.00003298    0.00015218
  5792           0.00003297    0.00015214
  5793           0.00003297    0.00015211
  5794           0.00003296    0.00015208
  5795           0.00003295    0.00015204
  5796           0.00003295    0.00015201
  5797           0.00003294    0.00015197
  5798           0.00003294    0.00015194
  5799           0.00003293    0.00015191
  5800           0.00003293    0.00015187
  5801           0.00003292    0.00015184
  5802           0.00003292    0.00015181
  5803           0.00003291    0.00015177
  5804           0.00003291    0.00015174
  5805           0.00003290    0.00015171
  5806           0.00003290    0.00015167
  5807           0.00003289    0.00015164
  5808           0.00003288    0.00015161
  5809           0.00003288    0.00015157
  5810           0.00003287    0.00015154
  5811           0.00003287    0.00015151
  5812           0.00003286    0.00015147
  5813           0.00003286    0.00015144
  5814           0.00003285    0.00015140
  5815           0.00003285    0.00015137
  5816           0.00003284    0.00015134
  5817           0.00003284    0.00015130
  5818           0.00003283    0.00015127
  5819           0.00003283    0.00015124
  5820           0.00003282    0.00015120
  5821           0.00003281    0.00015117
  5822           0.00003281    0.00015114
  5823           0.00003280    0.00015110
  5824           0.00003280    0.00015107
  5825           0.00003279    0.00015104
  5826           0.00003279    0.00015100
  5827           0.00003278    0.00015097
  5828           0.00003278    0.00015094
  5829           0.00003277    0.00015090
  5830           0.00003277    0.00015087
  5831           0.00003276    0.00015084
  5832           0.00003276    0.00015081
  5833           0.00003275    0.00015077
  5834           0.00003274    0.00015074
  5835           0.00003274    0.00015071
  5836           0.00003273    0.00015067
  5837           0.00003273    0.00015064
  5838           0.00003272    0.00015061
  5839           0.00003272    0.00015057
  5840           0.00003271    0.00015054
  5841           0.00003271    0.00015051
  5842           0.00003270    0.00015047
  5843           0.00003270    0.00015044
  5844           0.00003269    0.00015041
  5845           0.00003269    0.00015037
  5846           0.00003268    0.00015034
  5847           0.00003268    0.00015031
  5848           0.00003267    0.00015027
  5849           0.00003266    0.00015024
  5850           0.00003266    0.00015021
  5851           0.00003265    0.00015018
  5852           0.00003265    0.00015014
  5853           0.00003264    0.00015011
  5854           0.00003264    0.00015008
  5855           0.00003263    0.00015004
  5856           0.00003263    0.00015001
  5857           0.00003262    0.00014998
  5858           0.00003262    0.00014994
  5859           0.00003261    0.00014991
  5860           0.00003261    0.00014988
  5861           0.00003260    0.00014985
  5862           0.00003260    0.00014981
  5863           0.00003259    0.00014978
  5864           0.00003259    0.00014975
  5865           0.00003258    0.00014971
  5866           0.00003257    0.00014968
  5867           0.00003257    0.00014965
  5868           0.00003256    0.00014962
  5869           0.00003256    0.00014958
  5870           0.00003255    0.00014955
  5871           0.00003255    0.00014952
  5872           0.00003254    0.00014948
  5873           0.00003254    0.00014945
  5874           0.00003253    0.00014942
  5875           0.00003253    0.00014939
  5876           0.00003252    0.00014935
  5877           0.00003252    0.00014932
  5878           0.00003251    0.00014929
  5879           0.00003251    0.00014925
  5880           0.00003250    0.00014922
  5881           0.00003249    0.00014919
  5882           0.00003249    0.00014916
  5883           0.00003248    0.00014912
  5884           0.00003248    0.00014909
  5885           0.00003247    0.00014906
  5886           0.00003247    0.00014903
  5887           0.00003246    0.00014899
  5888           0.00003246    0.00014896
  5889           0.00003245    0.00014893
  5890           0.00003245    0.00014889
  5891           0.00003244    0.00014886
  5892           0.00003244    0.00014883
  5893           0.00003243    0.00014880
  5894           0.00003243    0.00014876
  5895           0.00003242    0.00014873
  5896           0.00003242    0.00014870
  5897           0.00003241    0.00014867
  5898           0.00003241    0.00014863
  5899           0.00003240    0.00014860
  5900           0.00003239    0.00014857
  5901           0.00003239    0.00014854
  5902           0.00003238    0.00014850
  5903           0.00003238    0.00014847
  5904           0.00003237    0.00014844
  5905           0.00003237    0.00014841
  5906           0.00003236    0.00014837
  5907           0.00003236    0.00014834
  5908           0.00003235    0.00014831
  5909           0.00003235    0.00014828
  5910           0.00003234    0.00014824
  5911           0.00003234    0.00014821
  5912           0.00003233    0.00014818
  5913           0.00003233    0.00014815
  5914           0.00003232    0.00014811
  5915           0.00003232    0.00014808
  5916           0.00003231    0.00014805
  5917           0.00003230    0.00014802
  5918           0.00003230    0.00014798
  5919           0.00003229    0.00014795
  5920           0.00003229    0.00014792
  5921           0.00003228    0.00014789
  5922           0.00003228    0.00014785
  5923           0.00003227    0.00014782
  5924           0.00003227    0.00014779
  5925           0.00003226    0.00014776
  5926           0.00003226    0.00014773
  5927           0.00003225    0.00014769
  5928           0.00003225    0.00014766
  5929           0.00003224    0.00014763
  5930           0.00003224    0.00014760
  5931           0.00003223    0.00014756
  5932           0.00003223    0.00014753
  5933           0.00003222    0.00014750
  5934           0.00003222    0.00014747
  5935           0.00003221    0.00014744
  5936           0.00003221    0.00014740
  5937           0.00003220    0.00014737
  5938           0.00003219    0.00014734
  5939           0.00003219    0.00014731
  5940           0.00003218    0.00014727
  5941           0.00003218    0.00014724
  5942           0.00003217    0.00014721
  5943           0.00003217    0.00014718
  5944           0.00003216    0.00014715
  5945           0.00003216    0.00014711
  5946           0.00003215    0.00014708
  5947           0.00003215    0.00014705
  5948           0.00003214    0.00014702
  5949           0.00003214    0.00014699
  5950           0.00003213    0.00014695
  5951           0.00003213    0.00014692
  5952           0.00003212    0.00014689
  5953           0.00003212    0.00014686
  5954           0.00003211    0.00014683
  5955           0.00003211    0.00014679
  5956           0.00003210    0.00014676
  5957           0.00003210    0.00014673
  5958           0.00003209    0.00014670
  5959           0.00003209    0.00014667
  5960           0.00003208    0.00014663
  5961           0.00003207    0.00014660
  5962           0.00003207    0.00014657
  5963           0.00003206    0.00014654
  5964           0.00003206    0.00014651
  5965           0.00003205    0.00014647
  5966           0.00003205    0.00014644
  5967           0.00003204    0.00014641
  5968           0.00003204    0.00014638
  5969           0.00003203    0.00014635
  5970           0.00003203    0.00014631
  5971           0.00003202    0.00014628
  5972           0.00003202    0.00014625
  5973           0.00003201    0.00014622
  5974           0.00003201    0.00014619
  5975           0.00003200    0.00014616
  5976           0.00003200    0.00014612
  5977           0.00003199    0.00014609
  5978           0.00003199    0.00014606
  5979           0.00003198    0.00014603
  5980           0.00003198    0.00014600
  5981           0.00003197    0.00014596
  5982           0.00003197    0.00014593
  5983           0.00003196    0.00014590
  5984           0.00003196    0.00014587
  5985           0.00003195    0.00014584
  5986           0.00003194    0.00014581
  5987           0.00003194    0.00014577
  5988           0.00003193    0.00014574
  5989           0.00003193    0.00014571
  5990           0.00003192    0.00014568
  5991           0.00003192    0.00014565
  5992           0.00003191    0.00014562
  5993           0.00003191    0.00014558
  5994           0.00003190    0.00014555
  5995           0.00003190    0.00014552
  5996           0.00003189    0.00014549
  5997           0.00003189    0.00014546
  5998           0.00003188    0.00014543
  5999           0.00003188    0.00014539
  6000           0.00003187    0.00014536
  6001           0.00003187    0.00014533
  6002           0.00003186    0.00014530
  6003           0.00003186    0.00014527
  6004           0.00003185    0.00014524
  6005           0.00003185    0.00014521
  6006           0.00003184    0.00014517
  6007           0.00003184    0.00014514
  6008           0.00003183    0.00014511
  6009           0.00003183    0.00014508
  6010           0.00003182    0.00014505
  6011           0.00003182    0.00014502
  6012           0.00003181    0.00014499
  6013           0.00003181    0.00014495
  6014           0.00003180    0.00014492
  6015           0.00003179    0.00014489
  6016           0.00003179    0.00014486
  6017           0.00003178    0.00014483
  6018           0.00003178    0.00014480
  6019           0.00003177    0.00014477
  6020           0.00003177    0.00014473
  6021           0.00003176    0.00014470
  6022           0.00003176    0.00014467
  6023           0.00003175    0.00014464
  6024           0.00003175    0.00014461
  6025           0.00003174    0.00014458
  6026           0.00003174    0.00014455
  6027           0.00003173    0.00014451
  6028           0.00003173    0.00014448
  6029           0.00003172    0.00014445
  6030           0.00003172    0.00014442
  6031           0.00003171    0.00014439
  6032           0.00003171    0.00014436
  6033           0.00003170    0.00014433
  6034           0.00003170    0.00014430
  6035           0.00003169    0.00014426
  6036           0.00003169    0.00014423
  6037           0.00003168    0.00014420
  6038           0.00003168    0.00014417
  6039           0.00003167    0.00014414
  6040           0.00003167    0.00014411
  6041           0.00003166    0.00014408
  6042           0.00003166    0.00014405
  6043           0.00003165    0.00014401
  6044           0.00003165    0.00014398
  6045           0.00003164    0.00014395
  6046           0.00003164    0.00014392
  6047           0.00003163    0.00014389
  6048           0.00003163    0.00014386
  6049           0.00003162    0.00014383
  6050           0.00003162    0.00014380
  6051           0.00003161    0.00014377
  6052           0.00003161    0.00014373
  6053           0.00003160    0.00014370
  6054           0.00003159    0.00014367
  6055           0.00003159    0.00014364
  6056           0.00003158    0.00014361
  6057           0.00003158    0.00014358
  6058           0.00003157    0.00014355
  6059           0.00003157    0.00014352
  6060           0.00003156    0.00014349
  6061           0.00003156    0.00014346
  6062           0.00003155    0.00014342
  6063           0.00003155    0.00014339
  6064           0.00003154    0.00014336
  6065           0.00003154    0.00014333
  6066           0.00003153    0.00014330
  6067           0.00003153    0.00014327
  6068           0.00003152    0.00014324
  6069           0.00003152    0.00014321
  6070           0.00003151    0.00014318
  6071           0.00003151    0.00014315
  6072           0.00003150    0.00014311
  6073           0.00003150    0.00014308
  6074           0.00003149    0.00014305
  6075           0.00003149    0.00014302
  6076           0.00003148    0.00014299
  6077           0.00003148    0.00014296
  6078           0.00003147    0.00014293
  6079           0.00003147    0.00014290
  6080           0.00003146    0.00014287
  6081           0.00003146    0.00014284
  6082           0.00003145    0.00014281
  6083           0.00003145    0.00014278
  6084           0.00003144    0.00014274
  6085           0.00003144    0.00014271
  6086           0.00003143    0.00014268
  6087           0.00003143    0.00014265
  6088           0.00003142    0.00014262
  6089           0.00003142    0.00014259
  6090           0.00003141    0.00014256
  6091           0.00003141    0.00014253
  6092           0.00003140    0.00014250
  6093           0.00003140    0.00014247
  6094           0.00003139    0.00014244
  6095           0.00003139    0.00014241
  6096           0.00003138    0.00014238
  6097           0.00003138    0.00014235
  6098           0.00003137    0.00014231
  6099           0.00003137    0.00014228
  6100           0.00003136    0.00014225
  6101           0.00003136    0.00014222
  6102           0.00003135    0.00014219
  6103           0.00003135    0.00014216
  6104           0.00003134    0.00014213
  6105           0.00003134    0.00014210
  6106           0.00003133    0.00014207
  6107           0.00003133    0.00014204
  6108           0.00003132    0.00014201
  6109           0.00003132    0.00014198
  6110           0.00003131    0.00014195
  6111           0.00003131    0.00014192
  6112           0.00003130    0.00014189
  6113           0.00003130    0.00014186
  6114           0.00003129    0.00014183
  6115           0.00003129    0.00014180
  6116           0.00003128    0.00014176
  6117           0.00003127    0.00014173
  6118           0.00003127    0.00014170
  6119           0.00003126    0.00014167
  6120           0.00003126    0.00014164
  6121           0.00003125    0.00014161
  6122           0.00003125    0.00014158
  6123           0.00003124    0.00014155
  6124           0.00003124    0.00014152
  6125           0.00003123    0.00014149
  6126           0.00003123    0.00014146
  6127           0.00003122    0.00014143
  6128           0.00003122    0.00014140
  6129           0.00003121    0.00014137
  6130           0.00003121    0.00014134
  6131           0.00003120    0.00014131
  6132           0.00003120    0.00014128
  6133           0.00003119    0.00014125
  6134           0.00003119    0.00014122
  6135           0.00003118    0.00014119
  6136           0.00003118    0.00014116
  6137           0.00003117    0.00014113
  6138           0.00003117    0.00014110
  6139           0.00003116    0.00014107
  6140           0.00003116    0.00014104
  6141           0.00003115    0.00014101
  6142           0.00003115    0.00014098
  6143           0.00003114    0.00014095
  6144           0.00003114    0.00014091
  6145           0.00003113    0.00014088
  6146           0.00003113    0.00014085
  6147           0.00003112    0.00014082
  6148           0.00003112    0.00014079
  6149           0.00003111    0.00014076
  6150           0.00003111    0.00014073
  6151           0.00003110    0.00014070
  6152           0.00003110    0.00014067
  6153           0.00003109    0.00014064
  6154           0.00003109    0.00014061
  6155           0.00003108    0.00014058
  6156           0.00003108    0.00014055
  6157           0.00003107    0.00014052
  6158           0.00003107    0.00014049
  6159           0.00003106    0.00014046
  6160           0.00003106    0.00014043
  6161           0.00003105    0.00014040
  6162           0.00003105    0.00014037
  6163           0.00003104    0.00014034
  6164           0.00003104    0.00014031
  6165           0.00003103    0.00014028
  6166           0.00003103    0.00014025
  6167           0.00003102    0.00014022
  6168           0.00003102    0.00014019
  6169           0.00003101    0.00014016
  6170           0.00003101    0.00014013
  6171           0.00003100    0.00014010
  6172           0.00003100    0.00014007
  6173           0.00003099    0.00014004
  6174           0.00003099    0.00014001
  6175           0.00003098    0.00013998
  6176           0.00003098    0.00013995
  6177           0.00003097    0.00013992
  6178           0.00003097    0.00013989
  6179           0.00003096    0.00013986
  6180           0.00003096    0.00013983
  6181           0.00003095    0.00013980
  6182           0.00003095    0.00013977
  6183           0.00003094    0.00013974
  6184           0.00003094    0.00013971
  6185           0.00003093    0.00013968
  6186           0.00003093    0.00013965
  6187           0.00003092    0.00013962
  6188           0.00003092    0.00013959
  6189           0.00003091    0.00013956
  6190           0.00003091    0.00013953
  6191           0.00003090    0.00013950
  6192           0.00003090    0.00013947
  6193           0.00003089    0.00013944
  6194           0.00003089    0.00013941
  6195           0.00003088    0.00013939
  6196           0.00003088    0.00013936
  6197           0.00003087    0.00013933
  6198           0.00003087    0.00013930
  6199           0.00003086    0.00013927
  6200           0.00003086    0.00013924
  6201           0.00003085    0.00013921
  6202           0.00003085    0.00013918
  6203           0.00003084    0.00013915
  6204           0.00003084    0.00013912
  6205           0.00003083    0.00013909
  6206           0.00003083    0.00013906
  6207           0.00003082    0.00013903
  6208           0.00003082    0.00013900
  6209           0.00003081    0.00013897
  6210           0.00003081    0.00013894
  6211           0.00003081    0.00013891
  6212           0.00003080    0.00013888
  6213           0.00003080    0.00013885
  6214           0.00003079    0.00013882
  6215           0.00003079    0.00013879
  6216           0.00003078    0.00013876
  6217           0.00003078    0.00013873
  6218           0.00003077    0.00013870
  6219           0.00003077    0.00013867
  6220           0.00003076    0.00013864
  6221           0.00003076    0.00013861
  6222           0.00003075    0.00013858
  6223           0.00003075    0.00013856
  6224           0.00003074    0.00013853
  6225           0.00003074    0.00013850
  6226           0.00003073    0.00013847
  6227           0.00003073    0.00013844
  6228           0.00003072    0.00013841
  6229           0.00003072    0.00013838
  6230           0.00003071    0.00013835
  6231           0.00003071    0.00013832
  6232           0.00003070    0.00013829
  6233           0.00003070    0.00013826
  6234           0.00003069    0.00013823
  6235           0.00003069    0.00013820
  6236           0.00003068    0.00013817
  6237           0.00003068    0.00013814
  6238           0.00003067    0.00013811
  6239           0.00003067    0.00013808
  6240           0.00003066    0.00013805
  6241           0.00003066    0.00013803
  6242           0.00003065    0.00013800
  6243           0.00003065    0.00013797
  6244           0.00003064    0.00013794
  6245           0.00003064    0.00013791
  6246           0.00003063    0.00013788
  6247           0.00003063    0.00013785
  6248           0.00003062    0.00013782
  6249           0.00003062    0.00013779
  6250           0.00003061    0.00013776

IDPP INTERPOLATION FAILED
- Reaction output to rxn_0001_RP_0001.xyz


================================================================
                     CALCULATION COMPLETE                       
================================================================

