
************************ CDE simulation ************************

- Start date:    04/09/2026
- Start time:    18:54:29

- The input filename is: input                                             

================================================================
                INPUT FILE INTERPRETATION FOLLOWS               
================================================================

- The input filename is: input                                             

# COMMENT: comment line                                                                                        
- Calculation type:  REACTION-PATH FINDER
- Minimum allowed molecular charge:     0
- Maximum allowed molecular charge:     0
- Maximum number of charged molecules allowed at any step:     0
- Maximum allowed molecular charge:     0
- Maximum total system charge:     0
- PES geometry optimization after graph move?:  T
- PES evaluations for FULL system being used...
- Number of images per path:    10
- Start-point structure file:  start.xyz                                         
- End-point structure file:  end.xyz                                           
- IDPP interpolation :  T

- Path refinement method:  CLIMBING-IMAGE NUDGED ELASTIC BAND
- (CI)NEB optimization method:  QUICKMIN
# COMMENT: projforcetype 1                                                                                     
- Maximum number of NEB iteractions:      50
- NEB NORM force-convergence criterion (au):      0.01000000
- Climbing-image start criterion (au):      0.00000500
- NEB spring constant:        0.050000
- NEB optimization step-size:        5.000000
- NEB output frequency:       5
- Strip inactive molecules before path optimization?:  F
- Optimize end-points before NEB run:  T
- Optimize end-points during NEB run:  F
- Use graph-restrain potential during NEB:  F

- Number of fixed DOFs:     0
- Number of fixed atoms:     0

- PES type:  orca
- PES calculation template file:  orca.head
- PES type for geometry optimization:  orca
- Geometry optimisation template file:  orca.min
- PES calculation executable:  ~/Documents/Code/orca_6_1_0_macosx_intel_openmpi411/orca
- PES geometry optimization executable:  ~/Documents/Code/orca_6_1_0_macosx_intel_openmpi411/orca

- Graph-moves file:  moves.in                                          
- GDS attempt probability:      0.50000000
- Spring constant for inter-bead springs:      0.05000000
- Spring constant for bonded-graph restraints:      0.05000000
- Strength of non-bonded exponential graph restraints:      0.04000000
- Range of non-bonded exponential graph restraints:      2.50000000
- Spring constant for intermolecular repulsion restraints:      0.05000000
- Number of SD steps after GDS graph move:    10000
- GDS SD relaxation step-size:      0.10000000
- GDS output frequency:       10

- Number of valence range constraints:     2
- Valence range constraint:    1 C     1    4
- Valence range constraint:    2 H     0    1

- Number of reactive atom types:     2
- Reactive atom labels:  C 
- Reactive atom labels:  H 


- Number of reactive valence constraints:     0

- Fixed bonds for GDS:

- Number of allowed bonding constraints:     0

- Number of reactions in sampled strings for pathfinder:     6
- Number of MC steps in pathfinder calculation::  1000000
- Initial temperature for pathfinder (in K):      0.5000E+05
- Pathfinding function type: Eigenvalue comparison for single molecule
- Random number seed:     4

================================================================
                 END OF INPUT FILE INTERPRETATION                   
================================================================

*************** Finished reading input parameters **************

* Starting double-ended mechanism-finding calculation...

* Running pathfinder calculation....

* Optimization function information will be printed to mcopt.dat

* Reading reactant structure...

================================================================
# Graph Info for CXS:  Reactant structure

* Bonded atoms *
 C 1   - O 2  
 H 3   - H 4  

* Atomic valencies *
 C 1    :    1
 O 2    :    1
 H 3    :    1
 H 4    :    1

================================================================

* Reading product structure...

================================================================
# Graph Info for CXS:  Product structure

* Bonded atoms *
 C 1   - O 2  
 C 1   - H 3  
 C 1   - H 4  

* Atomic valencies *
 C 1    :    3
 O 2    :    1
 H 3    :    1
 H 4    :    1

================================================================

* Reading graph moves file...
* Graph moves input file: moves.in

================================================================
              MOVE FILE INTERPRETATION FOLLOWS...               
================================================================

Comment line: 
# Contains the graph-moves library...

*** Graph move number:    1 ***

- Number of atoms:    2
- Bond-changing move detected 
- Start graph: 
  0  1
  1  0
- End graph: 
  0  0
  0  0
- Allowed atom labels: 
* * 
Move probability: 0.100

*** Graph move number:    2 ***

- Number of atoms:    2
- Bond-changing move detected 
- Start graph: 
  0  0
  0  0
- End graph: 
  0  1
  1  0
- Allowed atom labels: 
* * 
Move probability: 0.100

*** Graph move number:    3 ***

- Number of atoms:    3
- Bond-changing move detected 
- Start graph: 
  0  0  1
  0  0  1
  1  1  0
- End graph: 
  0  1  0
  1  0  0
  0  0  0
- Allowed atom labels: 
* * * 
Move probability: 0.100

*** Graph move number:    4 ***

- Number of atoms:    3
- Bond-changing move detected 
- Start graph: 
  0  1  0
  1  0  0
  0  0  0
- End graph: 
  0  0  1
  0  0  1
  1  1  0
- Allowed atom labels: 
* * * 
Move probability: 0.100

*** Graph move number:    5 ***

- Number of atoms:    3
- Bond-changing move detected 
- Start graph: 
  0  0  1
  0  0  0
  1  0  0
- End graph: 
  0  1  0
  1  0  0
  0  0  0
- Allowed atom labels: 
* * * 
Move probability: 0.100

*** Graph move number:    6 ***

- Number of atoms:    3
- Bond-changing move detected 
- Start graph: 
  0  1  0
  1  0  0
  0  0  0
- End graph: 
  0  0  1
  0  0  0
  1  0  0
- Allowed atom labels: 
* * * 
Move probability: 0.100

*** Graph move number:    7 ***

- Number of atoms:    3
- Bond-changing move detected 
- Start graph: 
  0  1  0
  1  0  1
  0  1  0
- End graph: 
  0  1  1
  1  0  0
  1  0  0
- Allowed atom labels: 
* * * 
Move probability: 0.100

*** Graph move number:    8 ***

- Number of atoms:    4
- Bond-changing move detected 
- Start graph: 
  0  1  0  0
  1  0  1  0
  0  1  0  1
  0  0  1  0
- End graph: 
  0  1  0  1
  1  0  1  0
  0  1  0  0
  1  0  0  0
- Allowed atom labels: 
* * * * 
Move probability: 0.100

*** Graph move number:    9 ***

- Number of atoms:    4
- Bond-changing move detected 
- Start graph: 
  0  1  0  0
  1  0  0  0
  0  0  0  1
  0  0  1  0
- End graph: 
  0  0  1  0
  0  0  0  1
  1  0  0  1
  0  1  1  0
- Allowed atom labels: 
* * * * 
Move probability: 0.100

*** Graph move number:   10 ***

- Number of atoms:    4
- Bond-changing move detected 
- Start graph: 
  0  0  1  0
  0  0  0  1
  1  0  0  1
  0  1  1  0
- End graph: 
  0  1  0  0
  1  0  0  0
  0  0  0  1
  0  0  1  0
- Allowed atom labels: 
* * * * 
Move probability: 0.100

*** Graph move number:   11 ***

- Number of atoms:    4
- Bond-changing move detected 
- Start graph: 
  0  1  0  0
  1  0  0  0
  0  0  0  0
  0  0  0  0
- End graph: 
  0  0  1  0
  0  0  0  1
  1  0  0  0
  0  1  0  0
- Allowed atom labels: 
* * * * 
Move probability: 0.100

*** Graph move number:   12 ***

- Number of atoms:    4
- Bond-changing move detected 
- Start graph: 
  0  0  1  0
  0  0  0  1
  1  0  0  0
  0  1  0  0
- End graph: 
  0  1  0  0
  1  0  0  0
  0  0  0  0
  0  0  0  0
- Allowed atom labels: 
* * * * 
Move probability: 0.100

================================================================
                MOVE FILE INTERPRETATION COMPLETE               
================================================================

* Finished reading graph moves file...

* Setting all initial moves to null...

* Initial Graph Error =      5.21147

* Initial Total Error =      5.21147

*** Starting reaction-path search ***

================================================================
            SUCCESSFULLY LOCATED ZERO_ERROR MECHANISM           
================================================================


* Checking when target molecule is created...trimming path...

- Reaction:    1: GraphError =        5.21146548
- Reaction:    2: GraphError =        5.21146548
- Reaction:    3: GraphError =        2.04477862
- Reaction:    4: GraphError =        2.04477862
- Reaction:    5: GraphError =        2.04477862
- Reaction:    6: GraphError =        0.00000000

* TARGET FOUND AFTER REACTION   6
* Setting remainder of reactions to null moves...

* Successfully finished path trimming....

*********  Molecular analysis of final reaction-string  ********

======== Start-point molecules ========

- Molecule number:      1
- Chemical formula:   O1C1                

- Molecule number:      2
- Chemical formula:   H2                  

=== Reaction number:      1

- Selected move number:      0

 - Null move
- Molecule number:      1
- Chemical formula:   O1C1                

- Molecule number:      2
- Chemical formula:   H2                  

=== Reaction number:      2

- Selected move number:      0

 - Null move
- Molecule number:      1
- Chemical formula:   O1C1                

- Molecule number:      2
- Chemical formula:   H2                  

=== Reaction number:      3

- Selected move number:      9

 - Atom numbers:            4           3           2           1
- Molecule number:      1
- Chemical formula:   H2O1C1              

=== Reaction number:      4

- Selected move number:      0

 - Null move
- Molecule number:      1
- Chemical formula:   H2O1C1              

=== Reaction number:      5

- Selected move number:      0

 - Null move
- Molecule number:      1
- Chemical formula:   H2O1C1              

=== Reaction number:      6

- Selected move number:      7

 - Atom numbers:            1           2           4
- Molecule number:      1
- Chemical formula:   H2O1C1              

======== End-point molecules ========

- Molecule number:      1
- Chemical formula:   H2O1C1              

********  Molecular analysis of reaction-string complete *******

* Generating structures from connectivity matrices...

* Reaction end-points printed to final_path.xyz

* Finished structure generation.

===============        ENERGY INFORMATION         ===============

* Initial energy =      -7.10452959  Eh
* Reaction #    1 :  dE =      -0.01476118
* Reaction #    2 :  dE =      -0.00000031
* Reaction #    3 :  dE =      21.93025426
* Reaction #    4 :  dE =      -0.00002069
* Reaction #    5 :  dE =      -0.00000013
* Reaction #    6 :  dE =    -208.63706816

* Final Q-value (NOT averaged over non-zero rxns) =      230.58210472  kJ/mol


* Number of non-zero reactions =     2  kJ/mol


* Final Q-value (averaged over non-zero rxns) =      115.28366121  kJ/mol


* Maximum dE =      208.63706816  kJ/mol

================================================================

* Reaction paths printed to final_path_rx_*.xyz
* Starting IDPP force optimisation...
Max. force tolerance:    0.00100000

Iteration    |Force|       Max. Force
     1           0.00001371    0.00002662

* |Forces| < NEBconv :: IDPP INTERPOLATION CONVERGED, Iter =     1
* Starting IDPP force optimisation...
Max. force tolerance:    0.00100000

Iteration    |Force|       Max. Force
     1           0.00000083    0.00000323

* |Forces| < NEBconv :: IDPP INTERPOLATION CONVERGED, Iter =     1
* Starting IDPP force optimisation...
Max. force tolerance:    0.00100000

Iteration    |Force|       Max. Force
     1           0.00844215    0.03407225
     2           0.00533689    0.02084838
     3           0.00423177    0.01519348
     4           0.00362162    0.01361005
     5           0.00324802    0.01357539
     6           0.00299246    0.01350807
     7           0.00281429    0.01349534
     8           0.00268043    0.01347384
     9           0.00257929    0.01346841
    10           0.00249929    0.01346211
    11           0.00243577    0.01345919
    12           0.00238383    0.01345812
    13           0.00234114    0.01345607
    14           0.00230536    0.01345681
    15           0.00227519    0.01345507
    16           0.00224940    0.01345643
    17           0.00222722    0.01345480
    18           0.00220795    0.01345638
    19           0.00219110    0.01345479
    20           0.00217625    0.01345645
    21           0.00216309    0.01345487
    22           0.00215134    0.01345656
    23           0.00214079    0.01345498
    24           0.00213126    0.01345668
    25           0.00212260    0.01345510
    26           0.00211470    0.01345680
    27           0.00210745    0.01345523
    28           0.00210075    0.01345693
    29           0.00209455    0.01345536
    30           0.00208877    0.01345706
    31           0.00208337    0.01345549
    32           0.00207831    0.01345718
    33           0.00207353    0.01345561
    34           0.00206903    0.01345731
    35           0.00206476    0.01345574
    36           0.00206072    0.01345744
    37           0.00205688    0.01345587
    38           0.00205323    0.01345756
    39           0.00204976    0.01345600
    40           0.00204646    0.01345769
    41           0.00204331    0.01345613
    42           0.00204033    0.01345782
    43           0.00203749    0.01345626
    44           0.00203480    0.01345795
    45           0.00203224    0.01345638
    46           0.00202982    0.01345807
    47           0.00202754    0.01345651
    48           0.00202538    0.01345820
    49           0.00202333    0.01345664
    50           0.00202141    0.01345833
    51           0.00201960    0.01345677
    52           0.00201789    0.01345845
    53           0.00201628    0.01345689
    54           0.00201476    0.01345858
    55           0.00201334    0.01345702
    56           0.00201200    0.01345870
    57           0.00201073    0.01345715
    58           0.00200954    0.01345883
    59           0.00200842    0.01345728
    60           0.00200736    0.01345896
    61           0.00200636    0.01345740
    62           0.00200542    0.01345908
    63           0.00200452    0.01345753
    64           0.00200367    0.01345921
    65           0.00200287    0.01345766
    66           0.00200211    0.01345934
    67           0.00200138    0.01345778
    68           0.00200069    0.01345946
    69           0.00200004    0.01345791
    70           0.00199941    0.01345959
    71           0.00199881    0.01345804
    72           0.00199824    0.01345971
    73           0.00199770    0.01345816
    74           0.00199718    0.01345984
    75           0.00199668    0.01345829
    76           0.00199620    0.01345996
    77           0.00199574    0.01345842
    78           0.00199529    0.01346009
    79           0.00199487    0.01345854
    80           0.00199446    0.01346021
    81           0.00199407    0.01345867
    82           0.00199369    0.01346034
    83           0.00199333    0.01345880
    84           0.00199298    0.01346047
    85           0.00199264    0.01345892
    86           0.00199231    0.01346059
    87           0.00199200    0.01345905
    88           0.00199169    0.01346072
    89           0.00199140    0.01345917
    90           0.00199112    0.01346084
    91           0.00199084    0.01345930
    92           0.00199058    0.01346097
    93           0.00199032    0.01345943
    94           0.00199007    0.01346109
    95           0.00198983    0.01345955
    96           0.00198960    0.01346121
    97           0.00198937    0.01345968
    98           0.00198915    0.01346134
    99           0.00198894    0.01345980
   100           0.00198873    0.01346146
   101           0.00198853    0.01345993
   102           0.00198834    0.01346159
   103           0.00198815    0.01346005
   104           0.00198797    0.01346171
   105           0.00198779    0.01346018
   106           0.00198762    0.01346184
   107           0.00198745    0.01346031
   108           0.00198729    0.01346196
   109           0.00198713    0.01346043
   110           0.00198698    0.01346209
   111           0.00198683    0.01346056
   112           0.00198668    0.01346221
   113           0.00198654    0.01346068
   114           0.00198640    0.01346233
   115           0.00198627    0.01346081
   116           0.00198613    0.01346246
   117           0.00198601    0.01346093
   118           0.00198588    0.01346258
   119           0.00198576    0.01346106
   120           0.00198564    0.01346271
   121           0.00198553    0.01346118
   122           0.00198542    0.01346283
   123           0.00198531    0.01346131
   124           0.00198520    0.01346295
   125           0.00198509    0.01346143
   126           0.00198499    0.01346308
   127           0.00198489    0.01346155
   128           0.00198479    0.01346320
   129           0.00198470    0.01346168
   130           0.00198461    0.01346332
   131           0.00198452    0.01346180
   132           0.00198443    0.01346345
   133           0.00198434    0.01346193
   134           0.00198426    0.01346357
   135           0.00198417    0.01346205
   136           0.00198409    0.01346369
   137           0.00198401    0.01346218
   138           0.00198394    0.01346382
   139           0.00198386    0.01346230
   140           0.00198379    0.01346394
   141           0.00198371    0.01346242
   142           0.00198364    0.01346406
   143           0.00198357    0.01346255
   144           0.00198351    0.01346419
   145           0.00198344    0.01346267
   146           0.00198337    0.01346431
   147           0.00198331    0.01346280
   148           0.00198325    0.01346443
   149           0.00198319    0.01346292
   150           0.00198313    0.01346455
   151           0.00198307    0.01346304
   152           0.00198301    0.01346468
   153           0.00198295    0.01346317
   154           0.00198290    0.01346480
   155           0.00198284    0.01346329
   156           0.00198279    0.01346492
   157           0.00198274    0.01346341
   158           0.00198269    0.01346504
   159           0.00198263    0.01346354
   160           0.00198259    0.01346517
   161           0.00198254    0.01346366
   162           0.00198249    0.01346529
   163           0.00198244    0.01346378
   164           0.00198240    0.01346541
   165           0.00198235    0.01346391
   166           0.00198231    0.01346553
   167           0.00198226    0.01346403
   168           0.00198222    0.01346565
   169           0.00198218    0.01346415
   170           0.00198214    0.01346578
   171           0.00198210    0.01346427
   172           0.00198206    0.01346590
   173           0.00198202    0.01346440
   174           0.00198198    0.01346602
   175           0.00198194    0.01346452
   176           0.00198191    0.01346614
   177           0.00198187    0.01346464
   178           0.00198183    0.01346626
   179           0.00198180    0.01346477
   180           0.00198176    0.01346638
   181           0.00198173    0.01346489
   182           0.00198170    0.01346651
   183           0.00198166    0.01346501
   184           0.00198163    0.01346663
   185           0.00198160    0.01346513
   186           0.00198157    0.01346675
   187           0.00198154    0.01346525
   188           0.00198151    0.01346687
   189           0.00198148    0.01346538
   190           0.00198145    0.01346699
   191           0.00198142    0.01346550
   192           0.00198139    0.01346711
   193           0.00198136    0.01346562
   194           0.00198133    0.01346723
   195           0.00198131    0.01346574
   196           0.00198128    0.01346735
   197           0.00198125    0.01346586
   198           0.00198123    0.01346747
   199           0.00198120    0.01346599
   200           0.00198118    0.01346760
   201           0.00198115    0.01346611
   202           0.00198113    0.01346772
   203           0.00198110    0.01346623
   204           0.00198108    0.01346784
   205           0.00198106    0.01346635
   206           0.00198103    0.01346796
   207           0.00198101    0.01346647
   208           0.00198099    0.01346808
   209           0.00198097    0.01346659
   210           0.00198095    0.01346820
   211           0.00198092    0.01346672
   212           0.00198090    0.01346832
   213           0.00198088    0.01346684
   214           0.00198086    0.01346844
   215           0.00198084    0.01346696
   216           0.00198082    0.01346856
   217           0.00198080    0.01346708
   218           0.00198078    0.01346868
   219           0.00198076    0.01346720
   220           0.00198074    0.01346880
   221           0.00198073    0.01346732
   222           0.00198071    0.01346892
   223           0.00198069    0.01346744
   224           0.00198067    0.01346904
   225           0.00198065    0.01346756
   226           0.00198064    0.01346916
   227           0.00198062    0.01346768
   228           0.00198060    0.01346928
   229           0.00198059    0.01346780
   230           0.00198057    0.01346940
   231           0.00198055    0.01346792
   232           0.00198054    0.01346952
   233           0.00198052    0.01346805
   234           0.00198050    0.01346964
   235           0.00198049    0.01346817
   236           0.00198047    0.01346976
   237           0.00198046    0.01346829
   238           0.00198044    0.01346988
   239           0.00198043    0.01346841
   240           0.00198041    0.01347000
   241           0.00198040    0.01346853
   242           0.00198039    0.01347011
   243           0.00198037    0.01346865
   244           0.00198036    0.01347023
   245           0.00198035    0.01346877
   246           0.00198033    0.01347035
   247           0.00198032    0.01346889
   248           0.00198031    0.01347047
   249           0.00198029    0.01346901
   250           0.00198028    0.01347059
   251           0.00198027    0.01346913
   252           0.00198025    0.01347071
   253           0.00198024    0.01346925
   254           0.00198023    0.01347083
   255           0.00198022    0.01346937
   256           0.00198021    0.01347095
   257           0.00198019    0.01346949
   258           0.00198018    0.01347107
   259           0.00198017    0.01346960
   260           0.00198016    0.01347118
   261           0.00198015    0.01346972
   262           0.00198014    0.01347130
   263           0.00198013    0.01346984
   264           0.00198011    0.01347142
   265           0.00198010    0.01346996
   266           0.00198009    0.01347154
   267           0.00198008    0.01347008
   268           0.00198007    0.01347166
   269           0.00198006    0.01347020
   270           0.00198005    0.01347178
   271           0.00198004    0.01347032
   272           0.00198003    0.01347189
   273           0.00198002    0.01347044
   274           0.00198001    0.01347201
   275           0.00198000    0.01347056
   276           0.00197999    0.01347213
   277           0.00197998    0.01347068
   278           0.00197997    0.01347225
   279           0.00197997    0.01347080
   280           0.00197996    0.01347236
   281           0.00197995    0.01347091
   282           0.00197994    0.01347248
   283           0.00197993    0.01347103
   284           0.00197992    0.01347260
   285           0.00197991    0.01347115
   286           0.00197990    0.01347272
   287           0.00197990    0.01347127
   288           0.00197989    0.01347284
   289           0.00197988    0.01347139
   290           0.00197987    0.01347295
   291           0.00197986    0.01347151
   292           0.00197985    0.01347307
   293           0.00197985    0.01347162
   294           0.00197984    0.01347319
   295           0.00197983    0.01347174
   296           0.00197982    0.01347330
   297           0.00197982    0.01347186
   298           0.00197981    0.01347342
   299           0.00197980    0.01347198
   300           0.00197979    0.01347354
   301           0.00197979    0.01347210
   302           0.00197978    0.01347366
   303           0.00197977    0.01347222
   304           0.00197976    0.01347377
   305           0.00197976    0.01347233
   306           0.00197975    0.01347389
   307           0.00197974    0.01347245
   308           0.00197974    0.01347401
   309           0.00197973    0.01347257
   310           0.00197972    0.01347412
   311           0.00197972    0.01347269
   312           0.00197971    0.01347424
   313           0.00197970    0.01347280
   314           0.00197970    0.01347436
   315           0.00197969    0.01347292
   316           0.00197969    0.01347447
   317           0.00197968    0.01347304
   318           0.00197967    0.01347459
   319           0.00197967    0.01347316
   320           0.00197966    0.01347471
   321           0.00197965    0.01347327
   322           0.00197965    0.01347482
   323           0.00197964    0.01347339
   324           0.00197964    0.01347494
   325           0.00197963    0.01347351
   326           0.00197963    0.01347505
   327           0.00197962    0.01347362
   328           0.00197961    0.01347517
   329           0.00197961    0.01347374
   330           0.00197960    0.01347529
   331           0.00197960    0.01347386
   332           0.00197959    0.01347540
   333           0.00197959    0.01347397
   334           0.00197958    0.01347552
   335           0.00197958    0.01347409
   336           0.00197957    0.01347563
   337           0.00197957    0.01347421
   338           0.00197956    0.01347575
   339           0.00197956    0.01347432
   340           0.00197955    0.01347587
   341           0.00197955    0.01347444
   342           0.00197954    0.01347598
   343           0.00197954    0.01347456
   344           0.00197953    0.01347610
   345           0.00197953    0.01347467
   346           0.00197952    0.01347621
   347           0.00197952    0.01347479
   348           0.00197951    0.01347633
   349           0.00197951    0.01347491
   350           0.00197950    0.01347644
   351           0.00197950    0.01347502
   352           0.00197949    0.01347656
   353           0.00197949    0.01347514
   354           0.00197948    0.01347667
   355           0.00197948    0.01347525
   356           0.00197948    0.01347679
   357           0.00197947    0.01347537
   358           0.00197947    0.01347690
   359           0.00197946    0.01347549
   360           0.00197946    0.01347702
   361           0.00197945    0.01347560
   362           0.00197945    0.01347713
   363           0.00197945    0.01347572
   364           0.00197944    0.01347725
   365           0.00197944    0.01347583
   366           0.00197943    0.01347736
   367           0.00197943    0.01347595
   368           0.00197943    0.01347748
   369           0.00197942    0.01347606
   370           0.00197942    0.01347759
   371           0.00197941    0.01347618
   372           0.00197941    0.01347771
   373           0.00197941    0.01347630
   374           0.00197940    0.01347782
   375           0.00197940    0.01347641
   376           0.00197940    0.01347793
   377           0.00197939    0.01347653
   378           0.00197939    0.01347805
   379           0.00197938    0.01347664
   380           0.00197938    0.01347816
   381           0.00197938    0.01347676
   382           0.00197937    0.01347828
   383           0.00197937    0.01347687
   384           0.00197937    0.01347839
   385           0.00197936    0.01347699
   386           0.00197936    0.01347851
   387           0.00197936    0.01347710
   388           0.00197935    0.01347862
   389           0.00197935    0.01347722
   390           0.00197935    0.01347873
   391           0.00197934    0.01347733
   392           0.00197934    0.01347885
   393           0.00197934    0.01347745
   394           0.00197933    0.01347896
   395           0.00197933    0.01347756
   396           0.00197933    0.01347907
   397           0.00197932    0.01347767
   398           0.00197932    0.01347919
   399           0.00197932    0.01347779
   400           0.00197932    0.01347930
   401           0.00197931    0.01347790
   402           0.00197931    0.01347941
   403           0.00197931    0.01347802
   404           0.00197930    0.01347953
   405           0.00197930    0.01347813
   406           0.00197930    0.01347964
   407           0.00197929    0.01347825
   408           0.00197929    0.01347975
   409           0.00197929    0.01347836
   410           0.00197929    0.01347987
   411           0.00197928    0.01347847
   412           0.00197928    0.01347998
   413           0.00197928    0.01347859
   414           0.00197927    0.01348009
   415           0.00197927    0.01347870
   416           0.00197927    0.01348021
   417           0.00197927    0.01347882
   418           0.00197926    0.01348032
   419           0.00197926    0.01347893
   420           0.00197926    0.01348043
   421           0.00197926    0.01347904
   422           0.00197925    0.01348055
   423           0.00197925    0.01347916
   424           0.00197925    0.01348066
   425           0.00197925    0.01347927
   426           0.00197924    0.01348077
   427           0.00197924    0.01347938
   428           0.00197924    0.01348088
   429           0.00197924    0.01347950
   430           0.00197923    0.01348100
   431           0.00197923    0.01347961
   432           0.00197923    0.01348111
   433           0.00197923    0.01347972
   434           0.00197922    0.01348122
   435           0.00197922    0.01347984
   436           0.00197922    0.01348133
   437           0.00197922    0.01347995
   438           0.00197921    0.01348144
   439           0.00197921    0.01348006
   440           0.00197921    0.01348156
   441           0.00197921    0.01348018
   442           0.00197921    0.01348167
   443           0.00197920    0.01348029
   444           0.00197920    0.01348178
   445           0.00197920    0.01348040
   446           0.00197920    0.01348189
   447           0.00197919    0.01348051
   448           0.00197919    0.01348200
   449           0.00197919    0.01348063
   450           0.00197919    0.01348212
   451           0.00197919    0.01348074
   452           0.00197918    0.01348223
   453           0.00197918    0.01348085
   454           0.00197918    0.01348234
   455           0.00197918    0.01348097
   456           0.00197918    0.01348245
   457           0.00197917    0.01348108
   458           0.00197917    0.01348256
   459           0.00197917    0.01348119
   460           0.00197917    0.01348267
   461           0.00197917    0.01348130
   462           0.00197916    0.01348279
   463           0.00197916    0.01348141
   464           0.00197916    0.01348290
   465           0.00197916    0.01348153
   466           0.00197916    0.01348301
   467           0.00197915    0.01348164
   468           0.00197915    0.01348312
   469           0.00197915    0.01348175
   470           0.00197915    0.01348323
   471           0.00197915    0.01348186
   472           0.00197914    0.01348334
   473           0.00197914    0.01348197
   474           0.00197914    0.01348345
   475           0.00197914    0.01348209
   476           0.00197914    0.01348356
   477           0.00197914    0.01348220
   478           0.00197913    0.01348367
   479           0.00197913    0.01348231
   480           0.00197913    0.01348379
   481           0.00197913    0.01348242
   482           0.00197913    0.01348390
   483           0.00197912    0.01348253
   484           0.00197912    0.01348401
   485           0.00197912    0.01348264
   486           0.00197912    0.01348412
   487           0.00197912    0.01348276
   488           0.00197912    0.01348423
   489           0.00197911    0.01348287
   490           0.00197911    0.01348434
   491           0.00197911    0.01348298
   492           0.00197911    0.01348445
   493           0.00197911    0.01348309
   494           0.00197911    0.01348456
   495           0.00197911    0.01348320
   496           0.00197910    0.01348467
   497           0.00197910    0.01348331
   498           0.00197910    0.01348478
   499           0.00197910    0.01348342
   500           0.00197910    0.01348489
   501           0.00197910    0.01348353
   502           0.00197909    0.01348500
   503           0.00197909    0.01348364
   504           0.00197909    0.01348511
   505           0.00197909    0.01348376
   506           0.00197909    0.01348522
   507           0.00197909    0.01348387
   508           0.00197909    0.01348533
   509           0.00197908    0.01348398
   510           0.00197908    0.01348544
   511           0.00197908    0.01348409
   512           0.00197908    0.01348555
   513           0.00197908    0.01348420
   514           0.00197908    0.01348566
   515           0.00197908    0.01348431
   516           0.00197907    0.01348577
   517           0.00197907    0.01348442
   518           0.00197907    0.01348588
   519           0.00197907    0.01348453
   520           0.00197907    0.01348599
   521           0.00197907    0.01348464
   522           0.00197907    0.01348610
   523           0.00197906    0.01348475
   524           0.00197906    0.01348621
   525           0.00197906    0.01348486
   526           0.00197906    0.01348631
   527           0.00197906    0.01348497
   528           0.00197906    0.01348642
   529           0.00197906    0.01348508
   530           0.00197906    0.01348653
   531           0.00197905    0.01348519
   532           0.00197905    0.01348664
   533           0.00197905    0.01348530
   534           0.00197905    0.01348675
   535           0.00197905    0.01348541
   536           0.00197905    0.01348686
   537           0.00197905    0.01348552
   538           0.00197905    0.01348697
   539           0.00197904    0.01348563
   540           0.00197904    0.01348708
   541           0.00197904    0.01348574
   542           0.00197904    0.01348719
   543           0.00197904    0.01348585
   544           0.00197904    0.01348730
   545           0.00197904    0.01348596
   546           0.00197904    0.01348740
   547           0.00197903    0.01348607
   548           0.00197903    0.01348751
   549           0.00197903    0.01348618
   550           0.00197903    0.01348762
   551           0.00197903    0.01348629
   552           0.00197903    0.01348773
   553           0.00197903    0.01348639
   554           0.00197903    0.01348784
   555           0.00197903    0.01348650
   556           0.00197902    0.01348795
   557           0.00197902    0.01348661
   558           0.00197902    0.01348805
   559           0.00197902    0.01348672
   560           0.00197902    0.01348816
   561           0.00197902    0.01348683
   562           0.00197902    0.01348827
   563           0.00197902    0.01348694
   564           0.00197902    0.01348838
   565           0.00197901    0.01348705
   566           0.00197901    0.01348849
   567           0.00197901    0.01348716
   568           0.00197901    0.01348859
   569           0.00197901    0.01348727
   570           0.00197901    0.01348870
   571           0.00197901    0.01348737
   572           0.00197901    0.01348881
   573           0.00197901    0.01348748
   574           0.00197901    0.01348892
   575           0.00197900    0.01348759
   576           0.00197900    0.01348902
   577           0.00197900    0.01348770
   578           0.00197900    0.01348913
   579           0.00197900    0.01348781
   580           0.00197900    0.01348924
   581           0.00197900    0.01348792
   582           0.00197900    0.01348935
   583           0.00197900    0.01348802
   584           0.00197900    0.01348945
   585           0.00197899    0.01348813
   586           0.00197899    0.01348956
   587           0.00197899    0.01348824
   588           0.00197899    0.01348967
   589           0.00197899    0.01348835
   590           0.00197899    0.01348978
   591           0.00197899    0.01348846
   592           0.00197899    0.01348988
   593           0.00197899    0.01348857
   594           0.00197899    0.01348999
   595           0.00197899    0.01348867
   596           0.00197898    0.01349010
   597           0.00197898    0.01348878
   598           0.00197898    0.01349020
   599           0.00197898    0.01348889
   600           0.00197898    0.01349031
   601           0.00197898    0.01348900
   602           0.00197898    0.01349042
   603           0.00197898    0.01348910
   604           0.00197898    0.01349052
   605           0.00197898    0.01348921
   606           0.00197898    0.01349063
   607           0.00197897    0.01348932
   608           0.00197897    0.01349074
   609           0.00197897    0.01348943
   610           0.00197897    0.01349084
   611           0.00197897    0.01348953
   612           0.00197897    0.01349095
   613           0.00197897    0.01348964
   614           0.00197897    0.01349106
   615           0.00197897    0.01348975
   616           0.00197897    0.01349116
   617           0.00197897    0.01348985
   618           0.00197897    0.01349127
   619           0.00197897    0.01348996
   620           0.00197896    0.01349138
   621           0.00197896    0.01349007
   622           0.00197896    0.01349148
   623           0.00197896    0.01349018
   624           0.00197896    0.01349159
   625           0.00197896    0.01349028
   626           0.00197896    0.01349169
   627           0.00197896    0.01349039
   628           0.00197896    0.01349180
   629           0.00197896    0.01349050
   630           0.00197896    0.01349191
   631           0.00197896    0.01349060
   632           0.00197896    0.01349201
   633           0.00197895    0.01349071
   634           0.00197895    0.01349212
   635           0.00197895    0.01349082
   636           0.00197895    0.01349222
   637           0.00197895    0.01349092
   638           0.00197895    0.01349233
   639           0.00197895    0.01349103
   640           0.00197895    0.01349243
   641           0.00197895    0.01349113
   642           0.00197895    0.01349254
   643           0.00197895    0.01349124
   644           0.00197895    0.01349264
   645           0.00197895    0.01349135
   646           0.00197895    0.01349275
   647           0.00197894    0.01349145
   648           0.00197894    0.01349286
   649           0.00197894    0.01349156
   650           0.00197894    0.01349296
   651           0.00197894    0.01349167
   652           0.00197894    0.01349307
   653           0.00197894    0.01349177
   654           0.00197894    0.01349317
   655           0.00197894    0.01349188
   656           0.00197894    0.01349328
   657           0.00197894    0.01349198
   658           0.00197894    0.01349338
   659           0.00197894    0.01349209
   660           0.00197894    0.01349349
   661           0.00197893    0.01349219
   662           0.00197893    0.01349359
   663           0.00197893    0.01349230
   664           0.00197893    0.01349370
   665           0.00197893    0.01349241
   666           0.00197893    0.01349380
   667           0.00197893    0.01349251
   668           0.00197893    0.01349390
   669           0.00197893    0.01349262
   670           0.00197893    0.01349401
   671           0.00197893    0.01349272
   672           0.00197893    0.01349411
   673           0.00197893    0.01349283
   674           0.00197893    0.01349422
   675           0.00197893    0.01349293
   676           0.00197893    0.01349432
   677           0.00197892    0.01349304
   678           0.00197892    0.01349443
   679           0.00197892    0.01349314
   680           0.00197892    0.01349453
   681           0.00197892    0.01349325
   682           0.00197892    0.01349464
   683           0.00197892    0.01349335
   684           0.00197892    0.01349474
   685           0.00197892    0.01349346
   686           0.00197892    0.01349484
   687           0.00197892    0.01349356
   688           0.00197892    0.01349495
   689           0.00197892    0.01349367
   690           0.00197892    0.01349505
   691           0.00197892    0.01349377
   692           0.00197892    0.01349516
   693           0.00197892    0.01349388
   694           0.00197892    0.01349526
   695           0.00197891    0.01349398
   696           0.00197891    0.01349536
   697           0.00197891    0.01349409
   698           0.00197891    0.01349547
   699           0.00197891    0.01349419
   700           0.00197891    0.01349557
   701           0.00197891    0.01349430
   702           0.00197891    0.01349567
   703           0.00197891    0.01349440
   704           0.00197891    0.01349578
   705           0.00197891    0.01349450
   706           0.00197891    0.01349588
   707           0.00197891    0.01349461
   708           0.00197891    0.01349599
   709           0.00197891    0.01349471
   710           0.00197891    0.01349609
   711           0.00197891    0.01349482
   712           0.00197891    0.01349619
   713           0.00197890    0.01349492
   714           0.00197890    0.01349630
   715           0.00197890    0.01349502
   716           0.00197890    0.01349640
   717           0.00197890    0.01349513
   718           0.00197890    0.01349650
   719           0.00197890    0.01349523
   720           0.00197890    0.01349660
   721           0.00197890    0.01349534
   722           0.00197890    0.01349671
   723           0.00197890    0.01349544
   724           0.00197890    0.01349681
   725           0.00197890    0.01349554
   726           0.00197890    0.01349691
   727           0.00197890    0.01349565
   728           0.00197890    0.01349702
   729           0.00197890    0.01349575
   730           0.00197890    0.01349712
   731           0.00197890    0.01349585
   732           0.00197890    0.01349722
   733           0.00197890    0.01349596
   734           0.00197889    0.01349732
   735           0.00197889    0.01349606
   736           0.00197889    0.01349743
   737           0.00197889    0.01349616
   738           0.00197889    0.01349753
   739           0.00197889    0.01349627
   740           0.00197889    0.01349763
   741           0.00197889    0.01349637
   742           0.00197889    0.01349773
   743           0.00197889    0.01349647
   744           0.00197889    0.01349784
   745           0.00197889    0.01349658
   746           0.00197889    0.01349794
   747           0.00197889    0.01349668
   748           0.00197889    0.01349804
   749           0.00197889    0.01349678
   750           0.00197889    0.01349814
   751           0.00197889    0.01349689
   752           0.00197889    0.01349824
   753           0.00197889    0.01349699
   754           0.00197889    0.01349835
   755           0.00197889    0.01349709
   756           0.00197888    0.01349845
   757           0.00197888    0.01349719
   758           0.00197888    0.01349855
   759           0.00197888    0.01349730
   760           0.00197888    0.01349865
   761           0.00197888    0.01349740
   762           0.00197888    0.01349875
   763           0.00197888    0.01349750
   764           0.00197888    0.01349886
   765           0.00197888    0.01349760
   766           0.00197888    0.01349896
   767           0.00197888    0.01349771
   768           0.00197888    0.01349906
   769           0.00197888    0.01349781
   770           0.00197888    0.01349916
   771           0.00197888    0.01349791
   772           0.00197888    0.01349926
   773           0.00197888    0.01349801
   774           0.00197888    0.01349936
   775           0.00197888    0.01349812
   776           0.00197888    0.01349947
   777           0.00197888    0.01349822
   778           0.00197888    0.01349957
   779           0.00197888    0.01349832
   780           0.00197887    0.01349967
   781           0.00197887    0.01349842
   782           0.00197887    0.01349977
   783           0.00197887    0.01349852
   784           0.00197887    0.01349987
   785           0.00197887    0.01349863
   786           0.00197887    0.01349997
   787           0.00197887    0.01349873
   788           0.00197887    0.01350007
   789           0.00197887    0.01349883
   790           0.00197887    0.01350017
   791           0.00197887    0.01349893
   792           0.00197887    0.01350027
   793           0.00197887    0.01349903
   794           0.00197887    0.01350037
   795           0.00197887    0.01349913
   796           0.00197887    0.01350048
   797           0.00197887    0.01349924
   798           0.00197887    0.01350058
   799           0.00197887    0.01349934
   800           0.00197887    0.01350068
   801           0.00197887    0.01349944
   802           0.00197887    0.01350078
   803           0.00197887    0.01349954
   804           0.00197887    0.01350088
   805           0.00197887    0.01349964
   806           0.00197887    0.01350098
   807           0.00197886    0.01349974
   808           0.00197886    0.01350108
   809           0.00197886    0.01349984
   810           0.00197886    0.01350118
   811           0.00197886    0.01349994
   812           0.00197886    0.01350128
   813           0.00197886    0.01350005
   814           0.00197886    0.01350138
   815           0.00197886    0.01350015
   816           0.00197886    0.01350148
   817           0.00197886    0.01350025
   818           0.00197886    0.01350158
   819           0.00197886    0.01350035
   820           0.00197886    0.01350168
   821           0.00197886    0.01350045
   822           0.00197886    0.01350178
   823           0.00197886    0.01350055
   824           0.00197886    0.01350188
   825           0.00197886    0.01350065
   826           0.00197886    0.01350198
   827           0.00197886    0.01350075
   828           0.00197886    0.01350208
   829           0.00197886    0.01350085
   830           0.00197886    0.01350218
   831           0.00197886    0.01350095
   832           0.00197886    0.01350228
   833           0.00197886    0.01350105
   834           0.00197886    0.01350238
   835           0.00197886    0.01350115
   836           0.00197886    0.01350248
   837           0.00197885    0.01350125
   838           0.00197885    0.01350258
   839           0.00197885    0.01350135
   840           0.00197885    0.01350268
   841           0.00197885    0.01350145
   842           0.00197885    0.01350278
   843           0.00197885    0.01350155
   844           0.00197885    0.01350288
   845           0.00197885    0.01350165
   846           0.00197885    0.01350297
   847           0.00197885    0.01350175
   848           0.00197885    0.01350307
   849           0.00197885    0.01350185
   850           0.00197885    0.01350317
   851           0.00197885    0.01350195
   852           0.00197885    0.01350327
   853           0.00197885    0.01350205
   854           0.00197885    0.01350337
   855           0.00197885    0.01350215
   856           0.00197885    0.01350347
   857           0.00197885    0.01350225
   858           0.00197885    0.01350357
   859           0.00197885    0.01350235
   860           0.00197885    0.01350367
   861           0.00197885    0.01350245
   862           0.00197885    0.01350377
   863           0.00197885    0.01350255
   864           0.00197885    0.01350387
   865           0.00197885    0.01350265
   866           0.00197885    0.01350396
   867           0.00197885    0.01350275
   868           0.00197885    0.01350406
   869           0.00197885    0.01350285
   870           0.00197885    0.01350416
   871           0.00197884    0.01350295
   872           0.00197884    0.01350426
   873           0.00197884    0.01350305
   874           0.00197884    0.01350436
   875           0.00197884    0.01350315
   876           0.00197884    0.01350446
   877           0.00197884    0.01350325
   878           0.00197884    0.01350456
   879           0.00197884    0.01350335
   880           0.00197884    0.01350465
   881           0.00197884    0.01350344
   882           0.00197884    0.01350475
   883           0.00197884    0.01350354
   884           0.00197884    0.01350485
   885           0.00197884    0.01350364
   886           0.00197884    0.01350495
   887           0.00197884    0.01350374
   888           0.00197884    0.01350505
   889           0.00197884    0.01350384
   890           0.00197884    0.01350514
   891           0.00197884    0.01350394
   892           0.00197884    0.01350524
   893           0.00197884    0.01350404
   894           0.00197884    0.01350534
   895           0.00197884    0.01350414
   896           0.00197884    0.01350544
   897           0.00197884    0.01350423
   898           0.00197884    0.01350554
   899           0.00197884    0.01350433
   900           0.00197884    0.01350563
   901           0.00197884    0.01350443
   902           0.00197884    0.01350573
   903           0.00197884    0.01350453
   904           0.00197884    0.01350583
   905           0.00197884    0.01350463
   906           0.00197884    0.01350593
   907           0.00197884    0.01350473
   908           0.00197884    0.01350602
   909           0.00197883    0.01350482
   910           0.00197883    0.01350612
   911           0.00197883    0.01350492
   912           0.00197883    0.01350622
   913           0.00197883    0.01350502
   914           0.00197883    0.01350632
   915           0.00197883    0.01350512
   916           0.00197883    0.01350641
   917           0.00197883    0.01350522
   918           0.00197883    0.01350651
   919           0.00197883    0.01350531
   920           0.00197883    0.01350661
   921           0.00197883    0.01350541
   922           0.00197883    0.01350670
   923           0.00197883    0.01350551
   924           0.00197883    0.01350680
   925           0.00197883    0.01350561
   926           0.00197883    0.01350690
   927           0.00197883    0.01350571
   928           0.00197883    0.01350699
   929           0.00197883    0.01350580
   930           0.00197883    0.01350709
   931           0.00197883    0.01350590
   932           0.00197883    0.01350719
   933           0.00197883    0.01350600
   934           0.00197883    0.01350729
   935           0.00197883    0.01350610
   936           0.00197883    0.01350738
   937           0.00197883    0.01350619
   938           0.00197883    0.01350748
   939           0.00197883    0.01350629
   940           0.00197883    0.01350758
   941           0.00197883    0.01350639
   942           0.00197883    0.01350767
   943           0.00197883    0.01350648
   944           0.00197883    0.01350777
   945           0.00197883    0.01350658
   946           0.00197883    0.01350786
   947           0.00197883    0.01350668
   948           0.00197883    0.01350796
   949           0.00197883    0.01350678
   950           0.00197883    0.01350806
   951           0.00197883    0.01350687
   952           0.00197883    0.01350815
   953           0.00197882    0.01350697
   954           0.00197882    0.01350825
   955           0.00197882    0.01350707
   956           0.00197882    0.01350835
   957           0.00197882    0.01350716
   958           0.00197882    0.01350844
   959           0.00197882    0.01350726
   960           0.00197882    0.01350854
   961           0.00197882    0.01350736
   962           0.00197882    0.01350863
   963           0.00197882    0.01350745
   964           0.00197882    0.01350873
   965           0.00197882    0.01350755
   966           0.00197882    0.01350883
   967           0.00197882    0.01350765
   968           0.00197882    0.01350892
   969           0.00197882    0.01350774
   970           0.00197882    0.01350902
   971           0.00197882    0.01350784
   972           0.00197882    0.01350911
   973           0.00197882    0.01350794
   974           0.00197882    0.01350921
   975           0.00197882    0.01350803
   976           0.00197882    0.01350930
   977           0.00197882    0.01350813
   978           0.00197882    0.01350940
   979           0.00197882    0.01350822
   980           0.00197882    0.01350949
   981           0.00197882    0.01350832
   982           0.00197882    0.01350959
   983           0.00197882    0.01350842
   984           0.00197882    0.01350969
   985           0.00197882    0.01350851
   986           0.00197882    0.01350978
   987           0.00197882    0.01350861
   988           0.00197882    0.01350988
   989           0.00197882    0.01350870
   990           0.00197882    0.01350997
   991           0.00197882    0.01350880
   992           0.00197882    0.01351007
   993           0.00197882    0.01350890
   994           0.00197882    0.01351016
   995           0.00197882    0.01350899
   996           0.00197882    0.01351026
   997           0.00197882    0.01350909
   998           0.00197882    0.01351035
   999           0.00197882    0.01350918
  1000           0.00197882    0.01351045
  1001           0.00197882    0.01350928
  1002           0.00197882    0.01351054
  1003           0.00197882    0.01350937
  1004           0.00197881    0.01351064
  1005           0.00197881    0.01350947
  1006           0.00197881    0.01351073
  1007           0.00197881    0.01350956
  1008           0.00197881    0.01351082
  1009           0.00197881    0.01350966
  1010           0.00197881    0.01351092
  1011           0.00197881    0.01350976
  1012           0.00197881    0.01351101
  1013           0.00197881    0.01350985
  1014           0.00197881    0.01351111
  1015           0.00197881    0.01350995
  1016           0.00197881    0.01351120
  1017           0.00197881    0.01351004
  1018           0.00197881    0.01351130
  1019           0.00197881    0.01351014
  1020           0.00197881    0.01351139
  1021           0.00197881    0.01351023
  1022           0.00197881    0.01351149
  1023           0.00197881    0.01351033
  1024           0.00197881    0.01351158
  1025           0.00197881    0.01351042
  1026           0.00197881    0.01351167
  1027           0.00197881    0.01351052
  1028           0.00197881    0.01351177
  1029           0.00197881    0.01351061
  1030           0.00197881    0.01351186
  1031           0.00197881    0.01351071
  1032           0.00197881    0.01351196
  1033           0.00197881    0.01351080
  1034           0.00197881    0.01351205
  1035           0.00197881    0.01351089
  1036           0.00197881    0.01351214
  1037           0.00197881    0.01351099
  1038           0.00197881    0.01351224
  1039           0.00197881    0.01351108
  1040           0.00197881    0.01351233
  1041           0.00197881    0.01351118
  1042           0.00197881    0.01351243
  1043           0.00197881    0.01351127
  1044           0.00197881    0.01351252
  1045           0.00197881    0.01351137
  1046           0.00197881    0.01351261
  1047           0.00197881    0.01351146
  1048           0.00197881    0.01351271
  1049           0.00197881    0.01351156
  1050           0.00197881    0.01351280
  1051           0.00197881    0.01351165
  1052           0.00197881    0.01351289
  1053           0.00197881    0.01351174
  1054           0.00197881    0.01351299
  1055           0.00197881    0.01351184
  1056           0.00197881    0.01351308
  1057           0.00197881    0.01351193
  1058           0.00197881    0.01351317
  1059           0.00197881    0.01351203
  1060           0.00197881    0.01351327
  1061           0.00197881    0.01351212
  1062           0.00197881    0.01351336
  1063           0.00197881    0.01351221
  1064           0.00197880    0.01351345
  1065           0.00197880    0.01351231
  1066           0.00197880    0.01351355
  1067           0.00197880    0.01351240
  1068           0.00197880    0.01351364
  1069           0.00197880    0.01351249
  1070           0.00197880    0.01351373
  1071           0.00197880    0.01351259
  1072           0.00197880    0.01351383
  1073           0.00197880    0.01351268
  1074           0.00197880    0.01351392
  1075           0.00197880    0.01351278
  1076           0.00197880    0.01351401
  1077           0.00197880    0.01351287
  1078           0.00197880    0.01351410
  1079           0.00197880    0.01351296
  1080           0.00197880    0.01351420
  1081           0.00197880    0.01351306
  1082           0.00197880    0.01351429
  1083           0.00197880    0.01351315
  1084           0.00197880    0.01351438
  1085           0.00197880    0.01351324
  1086           0.00197880    0.01351447
  1087           0.00197880    0.01351334
  1088           0.00197880    0.01351457
  1089           0.00197880    0.01351343
  1090           0.00197880    0.01351466
  1091           0.00197880    0.01351352
  1092           0.00197880    0.01351475
  1093           0.00197880    0.01351361
  1094           0.00197880    0.01351484
  1095           0.00197880    0.01351371
  1096           0.00197880    0.01351494
  1097           0.00197880    0.01351380
  1098           0.00197880    0.01351503
  1099           0.00197880    0.01351389
  1100           0.00197880    0.01351512
  1101           0.00197880    0.01351399
  1102           0.00197880    0.01351521
  1103           0.00197880    0.01351408
  1104           0.00197880    0.01351530
  1105           0.00197880    0.01351417
  1106           0.00197880    0.01351540
  1107           0.00197880    0.01351426
  1108           0.00197880    0.01351549
  1109           0.00197880    0.01351436
  1110           0.00197880    0.01351558
  1111           0.00197880    0.01351445
  1112           0.00197880    0.01351567
  1113           0.00197880    0.01351454
  1114           0.00197880    0.01351576
  1115           0.00197880    0.01351463
  1116           0.00197880    0.01351586
  1117           0.00197880    0.01351473
  1118           0.00197880    0.01351595
  1119           0.00197880    0.01351482
  1120           0.00197880    0.01351604
  1121           0.00197880    0.01351491
  1122           0.00197880    0.01351613
  1123           0.00197880    0.01351500
  1124           0.00197880    0.01351622
  1125           0.00197880    0.01351510
  1126           0.00197880    0.01351631
  1127           0.00197880    0.01351519
  1128           0.00197880    0.01351640
  1129           0.00197880    0.01351528
  1130           0.00197880    0.01351650
  1131           0.00197880    0.01351537
  1132           0.00197880    0.01351659
  1133           0.00197880    0.01351546
  1134           0.00197880    0.01351668
  1135           0.00197880    0.01351556
  1136           0.00197880    0.01351677
  1137           0.00197879    0.01351565
  1138           0.00197879    0.01351686
  1139           0.00197879    0.01351574
  1140           0.00197879    0.01351695
  1141           0.00197879    0.01351583
  1142           0.00197879    0.01351704
  1143           0.00197879    0.01351592
  1144           0.00197879    0.01351713
  1145           0.00197879    0.01351602
  1146           0.00197879    0.01351723
  1147           0.00197879    0.01351611
  1148           0.00197879    0.01351732
  1149           0.00197879    0.01351620
  1150           0.00197879    0.01351741
  1151           0.00197879    0.01351629
  1152           0.00197879    0.01351750
  1153           0.00197879    0.01351638
  1154           0.00197879    0.01351759
  1155           0.00197879    0.01351647
  1156           0.00197879    0.01351768
  1157           0.00197879    0.01351656
  1158           0.00197879    0.01351777
  1159           0.00197879    0.01351666
  1160           0.00197879    0.01351786
  1161           0.00197879    0.01351675
  1162           0.00197879    0.01351795
  1163           0.00197879    0.01351684
  1164           0.00197879    0.01351804
  1165           0.00197879    0.01351693
  1166           0.00197879    0.01351813
  1167           0.00197879    0.01351702
  1168           0.00197879    0.01351822
  1169           0.00197879    0.01351711
  1170           0.00197879    0.01351831
  1171           0.00197879    0.01351720
  1172           0.00197879    0.01351840
  1173           0.00197879    0.01351729
  1174           0.00197879    0.01351849
  1175           0.00197879    0.01351738
  1176           0.00197879    0.01351858
  1177           0.00197879    0.01351747
  1178           0.00197879    0.01351867
  1179           0.00197879    0.01351757
  1180           0.00197879    0.01351876
  1181           0.00197879    0.01351766
  1182           0.00197879    0.01351885
  1183           0.00197879    0.01351775
  1184           0.00197879    0.01351894
  1185           0.00197879    0.01351784
  1186           0.00197879    0.01351903
  1187           0.00197879    0.01351793
  1188           0.00197879    0.01351912
  1189           0.00197879    0.01351802
  1190           0.00197879    0.01351921
  1191           0.00197879    0.01351811
  1192           0.00197879    0.01351930
  1193           0.00197879    0.01351820
  1194           0.00197879    0.01351939
  1195           0.00197879    0.01351829
  1196           0.00197879    0.01351948
  1197           0.00197879    0.01351838
  1198           0.00197879    0.01351957
  1199           0.00197879    0.01351847
  1200           0.00197879    0.01351966
  1201           0.00197879    0.01351856
  1202           0.00197879    0.01351975
  1203           0.00197879    0.01351865
  1204           0.00197879    0.01351984
  1205           0.00197879    0.01351874
  1206           0.00197879    0.01351993
  1207           0.00197879    0.01351883
  1208           0.00197879    0.01352002
  1209           0.00197879    0.01351892
  1210           0.00197879    0.01352011
  1211           0.00197879    0.01351901
  1212           0.00197879    0.01352020
  1213           0.00197879    0.01351910
  1214           0.00197879    0.01352029
  1215           0.00197879    0.01351919
  1216           0.00197879    0.01352038
  1217           0.00197879    0.01351928
  1218           0.00197879    0.01352046
  1219           0.00197879    0.01351937
  1220           0.00197879    0.01352055
  1221           0.00197879    0.01351946
  1222           0.00197879    0.01352064
  1223           0.00197879    0.01351955
  1224           0.00197879    0.01352073
  1225           0.00197879    0.01351964
  1226           0.00197879    0.01352082
  1227           0.00197878    0.01351973
  1228           0.00197878    0.01352091
  1229           0.00197878    0.01351982
  1230           0.00197878    0.01352100
  1231           0.00197878    0.01351991
  1232           0.00197878    0.01352109
  1233           0.00197878    0.01352000
  1234           0.00197878    0.01352118
  1235           0.00197878    0.01352009
  1236           0.00197878    0.01352126
  1237           0.00197878    0.01352017
  1238           0.00197878    0.01352135
  1239           0.00197878    0.01352026
  1240           0.00197878    0.01352144
  1241           0.00197878    0.01352035
  1242           0.00197878    0.01352153
  1243           0.00197878    0.01352044
  1244           0.00197878    0.01352162
  1245           0.00197878    0.01352053
  1246           0.00197878    0.01352171
  1247           0.00197878    0.01352062
  1248           0.00197878    0.01352179
  1249           0.00197878    0.01352071
  1250           0.00197878    0.01352188
  1251           0.00197878    0.01352080
  1252           0.00197878    0.01352197
  1253           0.00197878    0.01352089
  1254           0.00197878    0.01352206
  1255           0.00197878    0.01352098
  1256           0.00197878    0.01352215
  1257           0.00197878    0.01352106
  1258           0.00197878    0.01352224
  1259           0.00197878    0.01352115
  1260           0.00197878    0.01352232
  1261           0.00197878    0.01352124
  1262           0.00197878    0.01352241
  1263           0.00197878    0.01352133
  1264           0.00197878    0.01352250
  1265           0.00197878    0.01352142
  1266           0.00197878    0.01352259
  1267           0.00197878    0.01352151
  1268           0.00197878    0.01352268
  1269           0.00197878    0.01352160
  1270           0.00197878    0.01352276
  1271           0.00197878    0.01352168
  1272           0.00197878    0.01352285
  1273           0.00197878    0.01352177
  1274           0.00197878    0.01352294
  1275           0.00197878    0.01352186
  1276           0.00197878    0.01352303
  1277           0.00197878    0.01352195
  1278           0.00197878    0.01352311
  1279           0.00197878    0.01352204
  1280           0.00197878    0.01352320
  1281           0.00197878    0.01352212
  1282           0.00197878    0.01352329
  1283           0.00197878    0.01352221
  1284           0.00197878    0.01352338
  1285           0.00197878    0.01352230
  1286           0.00197878    0.01352346
  1287           0.00197878    0.01352239
  1288           0.00197878    0.01352355
  1289           0.00197878    0.01352248
  1290           0.00197878    0.01352364
  1291           0.00197878    0.01352256
  1292           0.00197878    0.01352373
  1293           0.00197878    0.01352265
  1294           0.00197878    0.01352381
  1295           0.00197878    0.01352274
  1296           0.00197878    0.01352390
  1297           0.00197878    0.01352283
  1298           0.00197878    0.01352399
  1299           0.00197878    0.01352292
  1300           0.00197878    0.01352407
  1301           0.00197878    0.01352300
  1302           0.00197878    0.01352416
  1303           0.00197878    0.01352309
  1304           0.00197878    0.01352425
  1305           0.00197878    0.01352318
  1306           0.00197878    0.01352433
  1307           0.00197878    0.01352327
  1308           0.00197878    0.01352442
  1309           0.00197878    0.01352335
  1310           0.00197878    0.01352451
  1311           0.00197878    0.01352344
  1312           0.00197878    0.01352459
  1313           0.00197878    0.01352353
  1314           0.00197878    0.01352468
  1315           0.00197878    0.01352362
  1316           0.00197878    0.01352477
  1317           0.00197878    0.01352370
  1318           0.00197878    0.01352485
  1319           0.00197878    0.01352379
  1320           0.00197878    0.01352494
  1321           0.00197878    0.01352388
  1322           0.00197878    0.01352503
  1323           0.00197878    0.01352396
  1324           0.00197878    0.01352511
  1325           0.00197878    0.01352405
  1326           0.00197878    0.01352520
  1327           0.00197878    0.01352414
  1328           0.00197878    0.01352529
  1329           0.00197878    0.01352423
  1330           0.00197878    0.01352537
  1331           0.00197878    0.01352431
  1332           0.00197878    0.01352546
  1333           0.00197878    0.01352440
  1334           0.00197878    0.01352555
  1335           0.00197878    0.01352449
  1336           0.00197878    0.01352563
  1337           0.00197878    0.01352457
  1338           0.00197878    0.01352572
  1339           0.00197878    0.01352466
  1340           0.00197878    0.01352580
  1341           0.00197877    0.01352475
  1342           0.00197877    0.01352589
  1343           0.00197877    0.01352483
  1344           0.00197877    0.01352598
  1345           0.00197877    0.01352492
  1346           0.00197877    0.01352606
  1347           0.00197877    0.01352501
  1348           0.00197877    0.01352615
  1349           0.00197877    0.01352509
  1350           0.00197877    0.01352623
  1351           0.00197877    0.01352518
  1352           0.00197877    0.01352632
  1353           0.00197877    0.01352526
  1354           0.00197877    0.01352640
  1355           0.00197877    0.01352535
  1356           0.00197877    0.01352649
  1357           0.00197877    0.01352544
  1358           0.00197877    0.01352658
  1359           0.00197877    0.01352552
  1360           0.00197877    0.01352666
  1361           0.00197877    0.01352561
  1362           0.00197877    0.01352675
  1363           0.00197877    0.01352570
  1364           0.00197877    0.01352683
  1365           0.00197877    0.01352578
  1366           0.00197877    0.01352692
  1367           0.00197877    0.01352587
  1368           0.00197877    0.01352700
  1369           0.00197877    0.01352595
  1370           0.00197877    0.01352709
  1371           0.00197877    0.01352604
  1372           0.00197877    0.01352717
  1373           0.00197877    0.01352613
  1374           0.00197877    0.01352726
  1375           0.00197877    0.01352621
  1376           0.00197877    0.01352734
  1377           0.00197877    0.01352630
  1378           0.00197877    0.01352743
  1379           0.00197877    0.01352638
  1380           0.00197877    0.01352751
  1381           0.00197877    0.01352647
  1382           0.00197877    0.01352760
  1383           0.00197877    0.01352655
  1384           0.00197877    0.01352768
  1385           0.00197877    0.01352664
  1386           0.00197877    0.01352777
  1387           0.00197877    0.01352672
  1388           0.00197877    0.01352785
  1389           0.00197877    0.01352681
  1390           0.00197877    0.01352794
  1391           0.00197877    0.01352690
  1392           0.00197877    0.01352802
  1393           0.00197877    0.01352698
  1394           0.00197877    0.01352811
  1395           0.00197877    0.01352707
  1396           0.00197877    0.01352819
  1397           0.00197877    0.01352715
  1398           0.00197877    0.01352828
  1399           0.00197877    0.01352724
  1400           0.00197877    0.01352836
  1401           0.00197877    0.01352732
  1402           0.00197877    0.01352845
  1403           0.00197877    0.01352741
  1404           0.00197877    0.01352853
  1405           0.00197877    0.01352749
  1406           0.00197877    0.01352862
  1407           0.00197877    0.01352758
  1408           0.00197877    0.01352870
  1409           0.00197877    0.01352766
  1410           0.00197877    0.01352878
  1411           0.00197877    0.01352775
  1412           0.00197877    0.01352887
  1413           0.00197877    0.01352783
  1414           0.00197877    0.01352895
  1415           0.00197877    0.01352792
  1416           0.00197877    0.01352904
  1417           0.00197877    0.01352800
  1418           0.00197877    0.01352912
  1419           0.00197877    0.01352809
  1420           0.00197877    0.01352920
  1421           0.00197877    0.01352817
  1422           0.00197877    0.01352929
  1423           0.00197877    0.01352826
  1424           0.00197877    0.01352937
  1425           0.00197877    0.01352834
  1426           0.00197877    0.01352946
  1427           0.00197877    0.01352842
  1428           0.00197877    0.01352954
  1429           0.00197877    0.01352851
  1430           0.00197877    0.01352962
  1431           0.00197877    0.01352859
  1432           0.00197877    0.01352971
  1433           0.00197877    0.01352868
  1434           0.00197877    0.01352979
  1435           0.00197877    0.01352876
  1436           0.00197877    0.01352988
  1437           0.00197877    0.01352885
  1438           0.00197877    0.01352996
  1439           0.00197877    0.01352893
  1440           0.00197877    0.01353004
  1441           0.00197877    0.01352902
  1442           0.00197877    0.01353013
  1443           0.00197877    0.01352910
  1444           0.00197877    0.01353021
  1445           0.00197877    0.01352918
  1446           0.00197877    0.01353029
  1447           0.00197877    0.01352927
  1448           0.00197877    0.01353038
  1449           0.00197877    0.01352935
  1450           0.00197877    0.01353046
  1451           0.00197877    0.01352944
  1452           0.00197877    0.01353054
  1453           0.00197877    0.01352952
  1454           0.00197877    0.01353063
  1455           0.00197877    0.01352960
  1456           0.00197877    0.01353071
  1457           0.00197877    0.01352969
  1458           0.00197877    0.01353079
  1459           0.00197877    0.01352977
  1460           0.00197877    0.01353088
  1461           0.00197877    0.01352985
  1462           0.00197877    0.01353096
  1463           0.00197877    0.01352994
  1464           0.00197877    0.01353104
  1465           0.00197877    0.01353002
  1466           0.00197877    0.01353113
  1467           0.00197877    0.01353011
  1468           0.00197877    0.01353121
  1469           0.00197877    0.01353019
  1470           0.00197877    0.01353129
  1471           0.00197877    0.01353027
  1472           0.00197877    0.01353137
  1473           0.00197877    0.01353036
  1474           0.00197877    0.01353146
  1475           0.00197877    0.01353044
  1476           0.00197877    0.01353154
  1477           0.00197877    0.01353052
  1478           0.00197877    0.01353162
  1479           0.00197877    0.01353061
  1480           0.00197877    0.01353171
  1481           0.00197877    0.01353069
  1482           0.00197877    0.01353179
  1483           0.00197877    0.01353077
  1484           0.00197877    0.01353187
  1485           0.00197877    0.01353086
  1486           0.00197877    0.01353195
  1487           0.00197877    0.01353094
  1488           0.00197877    0.01353204
  1489           0.00197877    0.01353102
  1490           0.00197877    0.01353212
  1491           0.00197876    0.01353110
  1492           0.00197876    0.01353220
  1493           0.00197876    0.01353119
  1494           0.00197876    0.01353228
  1495           0.00197876    0.01353127
  1496           0.00197876    0.01353237
  1497           0.00197876    0.01353135
  1498           0.00197876    0.01353245
  1499           0.00197876    0.01353144
  1500           0.00197876    0.01353253
  1501           0.00197876    0.01353152
  1502           0.00197876    0.01353261
  1503           0.00197876    0.01353160
  1504           0.00197876    0.01353269
  1505           0.00197876    0.01353168
  1506           0.00197876    0.01353278
  1507           0.00197876    0.01353177
  1508           0.00197876    0.01353286
  1509           0.00197876    0.01353185
  1510           0.00197876    0.01353294
  1511           0.00197876    0.01353193
  1512           0.00197876    0.01353302
  1513           0.00197876    0.01353202
  1514           0.00197876    0.01353310
  1515           0.00197876    0.01353210
  1516           0.00197876    0.01353319
  1517           0.00197876    0.01353218
  1518           0.00197876    0.01353327
  1519           0.00197876    0.01353226
  1520           0.00197876    0.01353335
  1521           0.00197876    0.01353234
  1522           0.00197876    0.01353343
  1523           0.00197876    0.01353243
  1524           0.00197876    0.01353351
  1525           0.00197876    0.01353251
  1526           0.00197876    0.01353359
  1527           0.00197876    0.01353259
  1528           0.00197876    0.01353368
  1529           0.00197876    0.01353267
  1530           0.00197876    0.01353376
  1531           0.00197876    0.01353276
  1532           0.00197876    0.01353384
  1533           0.00197876    0.01353284
  1534           0.00197876    0.01353392
  1535           0.00197876    0.01353292
  1536           0.00197876    0.01353400
  1537           0.00197876    0.01353300
  1538           0.00197876    0.01353408
  1539           0.00197876    0.01353308
  1540           0.00197876    0.01353417
  1541           0.00197876    0.01353317
  1542           0.00197876    0.01353425
  1543           0.00197876    0.01353325
  1544           0.00197876    0.01353433
  1545           0.00197876    0.01353333
  1546           0.00197876    0.01353441
  1547           0.00197876    0.01353341
  1548           0.00197876    0.01353449
  1549           0.00197876    0.01353349
  1550           0.00197876    0.01353457
  1551           0.00197876    0.01353357
  1552           0.00197876    0.01353465
  1553           0.00197876    0.01353366
  1554           0.00197876    0.01353473
  1555           0.00197876    0.01353374
  1556           0.00197876    0.01353481
  1557           0.00197876    0.01353382
  1558           0.00197876    0.01353489
  1559           0.00197876    0.01353390
  1560           0.00197876    0.01353498
  1561           0.00197876    0.01353398
  1562           0.00197876    0.01353506
  1563           0.00197876    0.01353406
  1564           0.00197876    0.01353514
  1565           0.00197876    0.01353414
  1566           0.00197876    0.01353522
  1567           0.00197876    0.01353423
  1568           0.00197876    0.01353530
  1569           0.00197876    0.01353431
  1570           0.00197876    0.01353538
  1571           0.00197876    0.01353439
  1572           0.00197876    0.01353546
  1573           0.00197876    0.01353447
  1574           0.00197876    0.01353554
  1575           0.00197876    0.01353455
  1576           0.00197876    0.01353562
  1577           0.00197876    0.01353463
  1578           0.00197876    0.01353570
  1579           0.00197876    0.01353471
  1580           0.00197876    0.01353578
  1581           0.00197876    0.01353479
  1582           0.00197876    0.01353586
  1583           0.00197876    0.01353487
  1584           0.00197876    0.01353594
  1585           0.00197876    0.01353495
  1586           0.00197876    0.01353602
  1587           0.00197876    0.01353504
  1588           0.00197876    0.01353610
  1589           0.00197876    0.01353512
  1590           0.00197876    0.01353618
  1591           0.00197876    0.01353520
  1592           0.00197876    0.01353626
  1593           0.00197876    0.01353528
  1594           0.00197876    0.01353634
  1595           0.00197876    0.01353536
  1596           0.00197876    0.01353642
  1597           0.00197876    0.01353544
  1598           0.00197876    0.01353650
  1599           0.00197876    0.01353552
  1600           0.00197876    0.01353658
  1601           0.00197876    0.01353560
  1602           0.00197876    0.01353666
  1603           0.00197876    0.01353568
  1604           0.00197876    0.01353674
  1605           0.00197876    0.01353576
  1606           0.00197876    0.01353682
  1607           0.00197876    0.01353584
  1608           0.00197876    0.01353690
  1609           0.00197876    0.01353592
  1610           0.00197876    0.01353698
  1611           0.00197876    0.01353600
  1612           0.00197876    0.01353706
  1613           0.00197876    0.01353608
  1614           0.00197876    0.01353714
  1615           0.00197876    0.01353616
  1616           0.00197876    0.01353722
  1617           0.00197876    0.01353624
  1618           0.00197876    0.01353730
  1619           0.00197876    0.01353632
  1620           0.00197876    0.01353738
  1621           0.00197876    0.01353640
  1622           0.00197876    0.01353746
  1623           0.00197876    0.01353648
  1624           0.00197876    0.01353754
  1625           0.00197876    0.01353656
  1626           0.00197876    0.01353762
  1627           0.00197876    0.01353664
  1628           0.00197876    0.01353770
  1629           0.00197876    0.01353672
  1630           0.00197876    0.01353778
  1631           0.00197876    0.01353680
  1632           0.00197876    0.01353786
  1633           0.00197876    0.01353688
  1634           0.00197876    0.01353794
  1635           0.00197876    0.01353696
  1636           0.00197876    0.01353801
  1637           0.00197876    0.01353704
  1638           0.00197876    0.01353809
  1639           0.00197876    0.01353712
  1640           0.00197876    0.01353817
  1641           0.00197876    0.01353720
  1642           0.00197876    0.01353825
  1643           0.00197876    0.01353728
  1644           0.00197876    0.01353833
  1645           0.00197876    0.01353736
  1646           0.00197876    0.01353841
  1647           0.00197876    0.01353744
  1648           0.00197876    0.01353849
  1649           0.00197876    0.01353752
  1650           0.00197876    0.01353857
  1651           0.00197876    0.01353760
  1652           0.00197876    0.01353865
  1653           0.00197876    0.01353768
  1654           0.00197876    0.01353872
  1655           0.00197876    0.01353776
  1656           0.00197876    0.01353880
  1657           0.00197876    0.01353784
  1658           0.00197876    0.01353888
  1659           0.00197876    0.01353792
  1660           0.00197876    0.01353896
  1661           0.00197876    0.01353799
  1662           0.00197876    0.01353904
  1663           0.00197876    0.01353807
  1664           0.00197876    0.01353912
  1665           0.00197876    0.01353815
  1666           0.00197876    0.01353920
  1667           0.00197876    0.01353823
  1668           0.00197876    0.01353928
  1669           0.00197876    0.01353831
  1670           0.00197876    0.01353935
  1671           0.00197876    0.01353839
  1672           0.00197876    0.01353943
  1673           0.00197876    0.01353847
  1674           0.00197876    0.01353951
  1675           0.00197876    0.01353855
  1676           0.00197876    0.01353959
  1677           0.00197876    0.01353863
  1678           0.00197876    0.01353967
  1679           0.00197876    0.01353870
  1680           0.00197876    0.01353974
  1681           0.00197876    0.01353878
  1682           0.00197876    0.01353982
  1683           0.00197876    0.01353886
  1684           0.00197876    0.01353990
  1685           0.00197876    0.01353894
  1686           0.00197876    0.01353998
  1687           0.00197876    0.01353902
  1688           0.00197876    0.01354006
  1689           0.00197876    0.01353910
  1690           0.00197876    0.01354014
  1691           0.00197876    0.01353918
  1692           0.00197876    0.01354021
  1693           0.00197876    0.01353925
  1694           0.00197876    0.01354029
  1695           0.00197876    0.01353933
  1696           0.00197876    0.01354037
  1697           0.00197876    0.01353941
  1698           0.00197876    0.01354045
  1699           0.00197876    0.01353949
  1700           0.00197876    0.01354052
  1701           0.00197876    0.01353957
  1702           0.00197875    0.01354060
  1703           0.00197875    0.01353965
  1704           0.00197875    0.01354068
  1705           0.00197875    0.01353972
  1706           0.00197875    0.01354076
  1707           0.00197875    0.01353980
  1708           0.00197875    0.01354083
  1709           0.00197875    0.01353988
  1710           0.00197875    0.01354091
  1711           0.00197875    0.01353996
  1712           0.00197875    0.01354099
  1713           0.00197875    0.01354004
  1714           0.00197875    0.01354107
  1715           0.00197875    0.01354012
  1716           0.00197875    0.01354114
  1717           0.00197875    0.01354019
  1718           0.00197875    0.01354122
  1719           0.00197875    0.01354027
  1720           0.00197875    0.01354130
  1721           0.00197875    0.01354035
  1722           0.00197875    0.01354138
  1723           0.00197875    0.01354043
  1724           0.00197875    0.01354145
  1725           0.00197875    0.01354050
  1726           0.00197875    0.01354153
  1727           0.00197875    0.01354058
  1728           0.00197875    0.01354161
  1729           0.00197875    0.01354066
  1730           0.00197875    0.01354169
  1731           0.00197875    0.01354074
  1732           0.00197875    0.01354176
  1733           0.00197875    0.01354082
  1734           0.00197875    0.01354184
  1735           0.00197875    0.01354089
  1736           0.00197875    0.01354192
  1737           0.00197875    0.01354097
  1738           0.00197875    0.01354199
  1739           0.00197875    0.01354105
  1740           0.00197875    0.01354207
  1741           0.00197875    0.01354112
  1742           0.00197875    0.01354215
  1743           0.00197875    0.01354120
  1744           0.00197875    0.01354222
  1745           0.00197875    0.01354128
  1746           0.00197875    0.01354230
  1747           0.00197875    0.01354136
  1748           0.00197875    0.01354238
  1749           0.00197875    0.01354143
  1750           0.00197875    0.01354245
  1751           0.00197875    0.01354151
  1752           0.00197875    0.01354253
  1753           0.00197875    0.01354159
  1754           0.00197875    0.01354261
  1755           0.00197875    0.01354167
  1756           0.00197875    0.01354268
  1757           0.00197875    0.01354174
  1758           0.00197875    0.01354276
  1759           0.00197875    0.01354182
  1760           0.00197875    0.01354284
  1761           0.00197875    0.01354190
  1762           0.00197875    0.01354291
  1763           0.00197875    0.01354197
  1764           0.00197875    0.01354299
  1765           0.00197875    0.01354205
  1766           0.00197875    0.01354307
  1767           0.00197875    0.01354213
  1768           0.00197875    0.01354314
  1769           0.00197875    0.01354220
  1770           0.00197875    0.01354322
  1771           0.00197875    0.01354228
  1772           0.00197875    0.01354329
  1773           0.00197875    0.01354236
  1774           0.00197875    0.01354337
  1775           0.00197875    0.01354243
  1776           0.00197875    0.01354345
  1777           0.00197875    0.01354251
  1778           0.00197875    0.01354352
  1779           0.00197875    0.01354259
  1780           0.00197875    0.01354360
  1781           0.00197875    0.01354266
  1782           0.00197875    0.01354368
  1783           0.00197875    0.01354274
  1784           0.00197875    0.01354375
  1785           0.00197875    0.01354282
  1786           0.00197875    0.01354383
  1787           0.00197875    0.01354289
  1788           0.00197875    0.01354390
  1789           0.00197875    0.01354297
  1790           0.00197875    0.01354398
  1791           0.00197875    0.01354305
  1792           0.00197875    0.01354405
  1793           0.00197875    0.01354312
  1794           0.00197875    0.01354413
  1795           0.00197875    0.01354320
  1796           0.00197875    0.01354421
  1797           0.00197875    0.01354328
  1798           0.00197875    0.01354428
  1799           0.00197875    0.01354335
  1800           0.00197875    0.01354436
  1801           0.00197875    0.01354343
  1802           0.00197875    0.01354443
  1803           0.00197875    0.01354350
  1804           0.00197875    0.01354451
  1805           0.00197875    0.01354358
  1806           0.00197875    0.01354458
  1807           0.00197875    0.01354366
  1808           0.00197875    0.01354466
  1809           0.00197875    0.01354373
  1810           0.00197875    0.01354474
  1811           0.00197875    0.01354381
  1812           0.00197875    0.01354481
  1813           0.00197875    0.01354388
  1814           0.00197875    0.01354489
  1815           0.00197875    0.01354396
  1816           0.00197875    0.01354496
  1817           0.00197875    0.01354404
  1818           0.00197875    0.01354504
  1819           0.00197875    0.01354411
  1820           0.00197875    0.01354511
  1821           0.00197875    0.01354419
  1822           0.00197875    0.01354519
  1823           0.00197875    0.01354426
  1824           0.00197875    0.01354526
  1825           0.00197875    0.01354434
  1826           0.00197875    0.01354534
  1827           0.00197875    0.01354441
  1828           0.00197875    0.01354541
  1829           0.00197875    0.01354449
  1830           0.00197875    0.01354549
  1831           0.00197875    0.01354456
  1832           0.00197875    0.01354556
  1833           0.00197875    0.01354464
  1834           0.00197875    0.01354564
  1835           0.00197875    0.01354472
  1836           0.00197875    0.01354571
  1837           0.00197875    0.01354479
  1838           0.00197875    0.01354579
  1839           0.00197875    0.01354487
  1840           0.00197875    0.01354586
  1841           0.00197875    0.01354494
  1842           0.00197875    0.01354594
  1843           0.00197875    0.01354502
  1844           0.00197875    0.01354601
  1845           0.00197875    0.01354509
  1846           0.00197875    0.01354609
  1847           0.00197875    0.01354517
  1848           0.00197875    0.01354616
  1849           0.00197875    0.01354524
  1850           0.00197875    0.01354623
  1851           0.00197875    0.01354532
  1852           0.00197875    0.01354631
  1853           0.00197875    0.01354539
  1854           0.00197875    0.01354638
  1855           0.00197875    0.01354547
  1856           0.00197875    0.01354646
  1857           0.00197875    0.01354554
  1858           0.00197875    0.01354653
  1859           0.00197875    0.01354562
  1860           0.00197875    0.01354661
  1861           0.00197875    0.01354569
  1862           0.00197875    0.01354668
  1863           0.00197875    0.01354577
  1864           0.00197875    0.01354676
  1865           0.00197875    0.01354584
  1866           0.00197875    0.01354683
  1867           0.00197875    0.01354592
  1868           0.00197875    0.01354690
  1869           0.00197875    0.01354599
  1870           0.00197875    0.01354698
  1871           0.00197875    0.01354607
  1872           0.00197875    0.01354705
  1873           0.00197875    0.01354614
  1874           0.00197875    0.01354713
  1875           0.00197875    0.01354622
  1876           0.00197875    0.01354720
  1877           0.00197875    0.01354629
  1878           0.00197875    0.01354727
  1879           0.00197875    0.01354637
  1880           0.00197875    0.01354735
  1881           0.00197875    0.01354644
  1882           0.00197875    0.01354742
  1883           0.00197875    0.01354651
  1884           0.00197875    0.01354750
  1885           0.00197875    0.01354659
  1886           0.00197875    0.01354757
  1887           0.00197875    0.01354666
  1888           0.00197875    0.01354764
  1889           0.00197875    0.01354674
  1890           0.00197875    0.01354772
  1891           0.00197875    0.01354681
  1892           0.00197875    0.01354779
  1893           0.00197875    0.01354689
  1894           0.00197875    0.01354787
  1895           0.00197875    0.01354696
  1896           0.00197875    0.01354794
  1897           0.00197875    0.01354703
  1898           0.00197875    0.01354801
  1899           0.00197875    0.01354711
  1900           0.00197875    0.01354809
  1901           0.00197875    0.01354718
  1902           0.00197875    0.01354816
  1903           0.00197875    0.01354726
  1904           0.00197875    0.01354823
  1905           0.00197875    0.01354733
  1906           0.00197875    0.01354831
  1907           0.00197875    0.01354740
  1908           0.00197875    0.01354838
  1909           0.00197875    0.01354748
  1910           0.00197875    0.01354845
  1911           0.00197875    0.01354755
  1912           0.00197875    0.01354853
  1913           0.00197875    0.01354763
  1914           0.00197875    0.01354860
  1915           0.00197875    0.01354770
  1916           0.00197875    0.01354867
  1917           0.00197875    0.01354777
  1918           0.00197875    0.01354875
  1919           0.00197875    0.01354785
  1920           0.00197875    0.01354882
  1921           0.00197875    0.01354792
  1922           0.00197875    0.01354889
  1923           0.00197875    0.01354799
  1924           0.00197875    0.01354897
  1925           0.00197875    0.01354807
  1926           0.00197875    0.01354904
  1927           0.00197875    0.01354814
  1928           0.00197875    0.01354911
  1929           0.00197875    0.01354821
  1930           0.00197875    0.01354919
  1931           0.00197875    0.01354829
  1932           0.00197875    0.01354926
  1933           0.00197875    0.01354836
  1934           0.00197875    0.01354933
  1935           0.00197875    0.01354844
  1936           0.00197875    0.01354940
  1937           0.00197875    0.01354851
  1938           0.00197875    0.01354948
  1939           0.00197875    0.01354858
  1940           0.00197875    0.01354955
  1941           0.00197875    0.01354866
  1942           0.00197875    0.01354962
  1943           0.00197875    0.01354873
  1944           0.00197875    0.01354970
  1945           0.00197875    0.01354880
  1946           0.00197875    0.01354977
  1947           0.00197875    0.01354887
  1948           0.00197875    0.01354984
  1949           0.00197875    0.01354895
  1950           0.00197875    0.01354991
  1951           0.00197875    0.01354902
  1952           0.00197875    0.01354999
  1953           0.00197875    0.01354909
  1954           0.00197875    0.01355006
  1955           0.00197875    0.01354917
  1956           0.00197875    0.01355013
  1957           0.00197875    0.01354924
  1958           0.00197875    0.01355020
  1959           0.00197875    0.01354931
  1960           0.00197875    0.01355028
  1961           0.00197875    0.01354939
  1962           0.00197875    0.01355035
  1963           0.00197875    0.01354946
  1964           0.00197875    0.01355042
  1965           0.00197875    0.01354953
  1966           0.00197875    0.01355049
  1967           0.00197875    0.01354960
  1968           0.00197875    0.01355056
  1969           0.00197875    0.01354968
  1970           0.00197875    0.01355064
  1971           0.00197875    0.01354975
  1972           0.00197875    0.01355071
  1973           0.00197875    0.01354982
  1974           0.00197875    0.01355078
  1975           0.00197875    0.01354989
  1976           0.00197875    0.01355085
  1977           0.00197875    0.01354997
  1978           0.00197875    0.01355093
  1979           0.00197875    0.01355004
  1980           0.00197875    0.01355100
  1981           0.00197875    0.01355011
  1982           0.00197875    0.01355107
  1983           0.00197875    0.01355018
  1984           0.00197875    0.01355114
  1985           0.00197875    0.01355026
  1986           0.00197875    0.01355121
  1987           0.00197875    0.01355033
  1988           0.00197875    0.01355128
  1989           0.00197875    0.01355040
  1990           0.00197875    0.01355136
  1991           0.00197875    0.01355047
  1992           0.00197875    0.01355143
  1993           0.00197875    0.01355055
  1994           0.00197875    0.01355150
  1995           0.00197875    0.01355062
  1996           0.00197875    0.01355157
  1997           0.00197875    0.01355069
  1998           0.00197875    0.01355164
  1999           0.00197875    0.01355076
  2000           0.00197875    0.01355171
  2001           0.00197875    0.01355083
  2002           0.00197875    0.01355179
  2003           0.00197875    0.01355091
  2004           0.00197875    0.01355186
  2005           0.00197875    0.01355098
  2006           0.00197875    0.01355193
  2007           0.00197875    0.01355105
  2008           0.00197875    0.01355200
  2009           0.00197875    0.01355112
  2010           0.00197875    0.01355207
  2011           0.00197875    0.01355119
  2012           0.00197875    0.01355214
  2013           0.00197875    0.01355127
  2014           0.00197875    0.01355221
  2015           0.00197875    0.01355134
  2016           0.00197875    0.01355229
  2017           0.00197875    0.01355141
  2018           0.00197875    0.01355236
  2019           0.00197875    0.01355148
  2020           0.00197875    0.01355243
  2021           0.00197874    0.01355155
  2022           0.00197874    0.01355250
  2023           0.00197874    0.01355163
  2024           0.00197874    0.01355257
  2025           0.00197874    0.01355170
  2026           0.00197874    0.01355264
  2027           0.00197874    0.01355177
  2028           0.00197874    0.01355271
  2029           0.00197874    0.01355184
  2030           0.00197874    0.01355278
  2031           0.00197874    0.01355191
  2032           0.00197874    0.01355286
  2033           0.00197874    0.01355198
  2034           0.00197874    0.01355293
  2035           0.00197874    0.01355205
  2036           0.00197874    0.01355300
  2037           0.00197874    0.01355213
  2038           0.00197874    0.01355307
  2039           0.00197874    0.01355220
  2040           0.00197874    0.01355314
  2041           0.00197874    0.01355227
  2042           0.00197874    0.01355321
  2043           0.00197874    0.01355234
  2044           0.00197874    0.01355328
  2045           0.00197874    0.01355241
  2046           0.00197874    0.01355335
  2047           0.00197874    0.01355248
  2048           0.00197874    0.01355342
  2049           0.00197874    0.01355255
  2050           0.00197874    0.01355349
  2051           0.00197874    0.01355262
  2052           0.00197874    0.01355356
  2053           0.00197874    0.01355270
  2054           0.00197874    0.01355363
  2055           0.00197874    0.01355277
  2056           0.00197874    0.01355370
  2057           0.00197874    0.01355284
  2058           0.00197874    0.01355377
  2059           0.00197874    0.01355291
  2060           0.00197874    0.01355384
  2061           0.00197874    0.01355298
  2062           0.00197874    0.01355392
  2063           0.00197874    0.01355305
  2064           0.00197874    0.01355399
  2065           0.00197874    0.01355312
  2066           0.00197874    0.01355406
  2067           0.00197874    0.01355319
  2068           0.00197874    0.01355413
  2069           0.00197874    0.01355326
  2070           0.00197874    0.01355420
  2071           0.00197874    0.01355333
  2072           0.00197874    0.01355427
  2073           0.00197874    0.01355340
  2074           0.00197874    0.01355434
  2075           0.00197874    0.01355347
  2076           0.00197874    0.01355441
  2077           0.00197874    0.01355354
  2078           0.00197874    0.01355448
  2079           0.00197874    0.01355362
  2080           0.00197874    0.01355455
  2081           0.00197874    0.01355369
  2082           0.00197874    0.01355462
  2083           0.00197874    0.01355376
  2084           0.00197874    0.01355469
  2085           0.00197874    0.01355383
  2086           0.00197874    0.01355476
  2087           0.00197874    0.01355390
  2088           0.00197874    0.01355483
  2089           0.00197874    0.01355397
  2090           0.00197874    0.01355490
  2091           0.00197874    0.01355404
  2092           0.00197874    0.01355497
  2093           0.00197874    0.01355411
  2094           0.00197874    0.01355504
  2095           0.00197874    0.01355418
  2096           0.00197874    0.01355511
  2097           0.00197874    0.01355425
  2098           0.00197874    0.01355518
  2099           0.00197874    0.01355432
  2100           0.00197874    0.01355525
  2101           0.00197874    0.01355439
  2102           0.00197874    0.01355532
  2103           0.00197874    0.01355446
  2104           0.00197874    0.01355538
  2105           0.00197874    0.01355453
  2106           0.00197874    0.01355545
  2107           0.00197874    0.01355460
  2108           0.00197874    0.01355552
  2109           0.00197874    0.01355467
  2110           0.00197874    0.01355559
  2111           0.00197874    0.01355474
  2112           0.00197874    0.01355566
  2113           0.00197874    0.01355481
  2114           0.00197874    0.01355573
  2115           0.00197874    0.01355488
  2116           0.00197874    0.01355580
  2117           0.00197874    0.01355495
  2118           0.00197874    0.01355587
  2119           0.00197874    0.01355502
  2120           0.00197874    0.01355594
  2121           0.00197874    0.01355509
  2122           0.00197874    0.01355601
  2123           0.00197874    0.01355516
  2124           0.00197874    0.01355608
  2125           0.00197874    0.01355523
  2126           0.00197874    0.01355615
  2127           0.00197874    0.01355530
  2128           0.00197874    0.01355622
  2129           0.00197874    0.01355537
  2130           0.00197874    0.01355629
  2131           0.00197874    0.01355544
  2132           0.00197874    0.01355636
  2133           0.00197874    0.01355551
  2134           0.00197874    0.01355642
  2135           0.00197874    0.01355558
  2136           0.00197874    0.01355649
  2137           0.00197874    0.01355565
  2138           0.00197874    0.01355656
  2139           0.00197874    0.01355571
  2140           0.00197874    0.01355663
  2141           0.00197874    0.01355578
  2142           0.00197874    0.01355670
  2143           0.00197874    0.01355585
  2144           0.00197874    0.01355677
  2145           0.00197874    0.01355592
  2146           0.00197874    0.01355684
  2147           0.00197874    0.01355599
  2148           0.00197874    0.01355691
  2149           0.00197874    0.01355606
  2150           0.00197874    0.01355698
  2151           0.00197874    0.01355613
  2152           0.00197874    0.01355704
  2153           0.00197874    0.01355620
  2154           0.00197874    0.01355711
  2155           0.00197874    0.01355627
  2156           0.00197874    0.01355718
  2157           0.00197874    0.01355634
  2158           0.00197874    0.01355725
  2159           0.00197874    0.01355641
  2160           0.00197874    0.01355732
  2161           0.00197874    0.01355648
  2162           0.00197874    0.01355739
  2163           0.00197874    0.01355655
  2164           0.00197874    0.01355746
  2165           0.00197874    0.01355661
  2166           0.00197874    0.01355752
  2167           0.00197874    0.01355668
  2168           0.00197874    0.01355759
  2169           0.00197874    0.01355675
  2170           0.00197874    0.01355766
  2171           0.00197874    0.01355682
  2172           0.00197874    0.01355773
  2173           0.00197874    0.01355689
  2174           0.00197874    0.01355780
  2175           0.00197874    0.01355696
  2176           0.00197874    0.01355787
  2177           0.00197874    0.01355703
  2178           0.00197874    0.01355793
  2179           0.00197874    0.01355710
  2180           0.00197874    0.01355800
  2181           0.00197874    0.01355716
  2182           0.00197874    0.01355807
  2183           0.00197874    0.01355723
  2184           0.00197874    0.01355814
  2185           0.00197874    0.01355730
  2186           0.00197874    0.01355821
  2187           0.00197874    0.01355737
  2188           0.00197874    0.01355827
  2189           0.00197874    0.01355744
  2190           0.00197874    0.01355834
  2191           0.00197874    0.01355751
  2192           0.00197874    0.01355841
  2193           0.00197874    0.01355758
  2194           0.00197874    0.01355848
  2195           0.00197874    0.01355764
  2196           0.00197874    0.01355855
  2197           0.00197874    0.01355771
  2198           0.00197874    0.01355861
  2199           0.00197874    0.01355778
  2200           0.00197874    0.01355868
  2201           0.00197874    0.01355785
  2202           0.00197874    0.01355875
  2203           0.00197874    0.01355792
  2204           0.00197874    0.01355882
  2205           0.00197874    0.01355799
  2206           0.00197874    0.01355889
  2207           0.00197874    0.01355805
  2208           0.00197874    0.01355895
  2209           0.00197874    0.01355812
  2210           0.00197874    0.01355902
  2211           0.00197874    0.01355819
  2212           0.00197874    0.01355909
  2213           0.00197874    0.01355826
  2214           0.00197874    0.01355916
  2215           0.00197874    0.01355833
  2216           0.00197874    0.01355922
  2217           0.00197874    0.01355839
  2218           0.00197874    0.01355929
  2219           0.00197874    0.01355846
  2220           0.00197874    0.01355936
  2221           0.00197874    0.01355853
  2222           0.00197874    0.01355943
  2223           0.00197874    0.01355860
  2224           0.00197874    0.01355949
  2225           0.00197874    0.01355867
  2226           0.00197874    0.01355956
  2227           0.00197874    0.01355873
  2228           0.00197874    0.01355963
  2229           0.00197874    0.01355880
  2230           0.00197874    0.01355970
  2231           0.00197874    0.01355887
  2232           0.00197874    0.01355976
  2233           0.00197874    0.01355894
  2234           0.00197874    0.01355983
  2235           0.00197874    0.01355900
  2236           0.00197874    0.01355990
  2237           0.00197874    0.01355907
  2238           0.00197874    0.01355996
  2239           0.00197874    0.01355914
  2240           0.00197874    0.01356003
  2241           0.00197874    0.01355921
  2242           0.00197874    0.01356010
  2243           0.00197874    0.01355927
  2244           0.00197874    0.01356017
  2245           0.00197874    0.01355934
  2246           0.00197874    0.01356023
  2247           0.00197874    0.01355941
  2248           0.00197874    0.01356030
  2249           0.00197874    0.01355948
  2250           0.00197874    0.01356037
  2251           0.00197874    0.01355954
  2252           0.00197874    0.01356043
  2253           0.00197874    0.01355961
  2254           0.00197874    0.01356050
  2255           0.00197874    0.01355968
  2256           0.00197874    0.01356057
  2257           0.00197874    0.01355975
  2258           0.00197874    0.01356063
  2259           0.00197874    0.01355981
  2260           0.00197874    0.01356070
  2261           0.00197874    0.01355988
  2262           0.00197874    0.01356077
  2263           0.00197874    0.01355995
  2264           0.00197874    0.01356083
  2265           0.00197874    0.01356001
  2266           0.00197874    0.01356090
  2267           0.00197874    0.01356008
  2268           0.00197874    0.01356097
  2269           0.00197874    0.01356015
  2270           0.00197874    0.01356103
  2271           0.00197874    0.01356022
  2272           0.00197874    0.01356110
  2273           0.00197874    0.01356028
  2274           0.00197874    0.01356117
  2275           0.00197874    0.01356035
  2276           0.00197874    0.01356123
  2277           0.00197874    0.01356042
  2278           0.00197874    0.01356130
  2279           0.00197874    0.01356048
  2280           0.00197874    0.01356137
  2281           0.00197874    0.01356055
  2282           0.00197874    0.01356143
  2283           0.00197874    0.01356062
  2284           0.00197874    0.01356150
  2285           0.00197874    0.01356068
  2286           0.00197874    0.01356156
  2287           0.00197874    0.01356075
  2288           0.00197874    0.01356163
  2289           0.00197874    0.01356082
  2290           0.00197874    0.01356170
  2291           0.00197874    0.01356088
  2292           0.00197874    0.01356176
  2293           0.00197874    0.01356095
  2294           0.00197874    0.01356183
  2295           0.00197874    0.01356102
  2296           0.00197874    0.01356190
  2297           0.00197874    0.01356108
  2298           0.00197874    0.01356196
  2299           0.00197874    0.01356115
  2300           0.00197874    0.01356203
  2301           0.00197874    0.01356122
  2302           0.00197874    0.01356209
  2303           0.00197874    0.01356128
  2304           0.00197874    0.01356216
  2305           0.00197874    0.01356135
  2306           0.00197874    0.01356223
  2307           0.00197874    0.01356142
  2308           0.00197874    0.01356229
  2309           0.00197874    0.01356148
  2310           0.00197874    0.01356236
  2311           0.00197874    0.01356155
  2312           0.00197874    0.01356242
  2313           0.00197874    0.01356161
  2314           0.00197874    0.01356249
  2315           0.00197874    0.01356168
  2316           0.00197874    0.01356255
  2317           0.00197874    0.01356175
  2318           0.00197874    0.01356262
  2319           0.00197874    0.01356181
  2320           0.00197874    0.01356269
  2321           0.00197874    0.01356188
  2322           0.00197874    0.01356275
  2323           0.00197874    0.01356195
  2324           0.00197874    0.01356282
  2325           0.00197874    0.01356201
  2326           0.00197874    0.01356288
  2327           0.00197874    0.01356208
  2328           0.00197874    0.01356295
  2329           0.00197874    0.01356214
  2330           0.00197874    0.01356301
  2331           0.00197874    0.01356221
  2332           0.00197874    0.01356308
  2333           0.00197874    0.01356227
  2334           0.00197874    0.01356315
  2335           0.00197874    0.01356234
  2336           0.00197874    0.01356321
  2337           0.00197874    0.01356241
  2338           0.00197874    0.01356328
  2339           0.00197874    0.01356247
  2340           0.00197874    0.01356334
  2341           0.00197874    0.01356254
  2342           0.00197874    0.01356341
  2343           0.00197874    0.01356260
  2344           0.00197874    0.01356347
  2345           0.00197874    0.01356267
  2346           0.00197874    0.01356354
  2347           0.00197874    0.01356274
  2348           0.00197874    0.01356360
  2349           0.00197874    0.01356280
  2350           0.00197874    0.01356367
  2351           0.00197874    0.01356287
  2352           0.00197874    0.01356373
  2353           0.00197874    0.01356293
  2354           0.00197874    0.01356380
  2355           0.00197874    0.01356300
  2356           0.00197874    0.01356386
  2357           0.00197874    0.01356306
  2358           0.00197874    0.01356393
  2359           0.00197874    0.01356313
  2360           0.00197874    0.01356399
  2361           0.00197874    0.01356319
  2362           0.00197874    0.01356406
  2363           0.00197874    0.01356326
  2364           0.00197874    0.01356412
  2365           0.00197874    0.01356332
  2366           0.00197874    0.01356419
  2367           0.00197874    0.01356339
  2368           0.00197874    0.01356425
  2369           0.00197874    0.01356346
  2370           0.00197874    0.01356432
  2371           0.00197874    0.01356352
  2372           0.00197874    0.01356438
  2373           0.00197874    0.01356359
  2374           0.00197874    0.01356445
  2375           0.00197874    0.01356365
  2376           0.00197874    0.01356451
  2377           0.00197874    0.01356372
  2378           0.00197874    0.01356458
  2379           0.00197874    0.01356378
  2380           0.00197874    0.01356464
  2381           0.00197874    0.01356385
  2382           0.00197874    0.01356471
  2383           0.00197874    0.01356391
  2384           0.00197874    0.01356477
  2385           0.00197874    0.01356398
  2386           0.00197874    0.01356483
  2387           0.00197874    0.01356404
  2388           0.00197874    0.01356490
  2389           0.00197874    0.01356411
  2390           0.00197874    0.01356496
  2391           0.00197874    0.01356417
  2392           0.00197874    0.01356503
  2393           0.00197874    0.01356424
  2394           0.00197874    0.01356509
  2395           0.00197874    0.01356430
  2396           0.00197874    0.01356516
  2397           0.00197874    0.01356437
  2398           0.00197874    0.01356522
  2399           0.00197874    0.01356443
  2400           0.00197874    0.01356529
  2401           0.00197874    0.01356449
  2402           0.00197874    0.01356535
  2403           0.00197874    0.01356456
  2404           0.00197874    0.01356541
  2405           0.00197874    0.01356462
  2406           0.00197874    0.01356548
  2407           0.00197874    0.01356469
  2408           0.00197874    0.01356554
  2409           0.00197874    0.01356475
  2410           0.00197874    0.01356561
  2411           0.00197874    0.01356482
  2412           0.00197874    0.01356567
  2413           0.00197874    0.01356488
  2414           0.00197874    0.01356573
  2415           0.00197874    0.01356495
  2416           0.00197874    0.01356580
  2417           0.00197874    0.01356501
  2418           0.00197874    0.01356586
  2419           0.00197874    0.01356508
  2420           0.00197874    0.01356593
  2421           0.00197874    0.01356514
  2422           0.00197874    0.01356599
  2423           0.00197874    0.01356520
  2424           0.00197874    0.01356605
  2425           0.00197874    0.01356527
  2426           0.00197874    0.01356612
  2427           0.00197874    0.01356533
  2428           0.00197874    0.01356618
  2429           0.00197874    0.01356540
  2430           0.00197874    0.01356625
  2431           0.00197874    0.01356546
  2432           0.00197874    0.01356631
  2433           0.00197874    0.01356553
  2434           0.00197874    0.01356637
  2435           0.00197874    0.01356559
  2436           0.00197874    0.01356644
  2437           0.00197874    0.01356565
  2438           0.00197874    0.01356650
  2439           0.00197874    0.01356572
  2440           0.00197874    0.01356656
  2441           0.00197874    0.01356578
  2442           0.00197874    0.01356663
  2443           0.00197874    0.01356585
  2444           0.00197874    0.01356669
  2445           0.00197874    0.01356591
  2446           0.00197874    0.01356675
  2447           0.00197874    0.01356597
  2448           0.00197874    0.01356682
  2449           0.00197874    0.01356604
  2450           0.00197874    0.01356688
  2451           0.00197874    0.01356610
  2452           0.00197874    0.01356694
  2453           0.00197874    0.01356617
  2454           0.00197874    0.01356701
  2455           0.00197874    0.01356623
  2456           0.00197874    0.01356707
  2457           0.00197874    0.01356629
  2458           0.00197874    0.01356713
  2459           0.00197874    0.01356636
  2460           0.00197874    0.01356720
  2461           0.00197874    0.01356642
  2462           0.00197874    0.01356726
  2463           0.00197874    0.01356648
  2464           0.00197874    0.01356732
  2465           0.00197874    0.01356655
  2466           0.00197874    0.01356739
  2467           0.00197874    0.01356661
  2468           0.00197874    0.01356745
  2469           0.00197874    0.01356667
  2470           0.00197874    0.01356751
  2471           0.00197874    0.01356674
  2472           0.00197874    0.01356758
  2473           0.00197874    0.01356680
  2474           0.00197874    0.01356764
  2475           0.00197874    0.01356687
  2476           0.00197874    0.01356770
  2477           0.00197874    0.01356693
  2478           0.00197874    0.01356777
  2479           0.00197874    0.01356699
  2480           0.00197874    0.01356783
  2481           0.00197874    0.01356706
  2482           0.00197874    0.01356789
  2483           0.00197874    0.01356712
  2484           0.00197874    0.01356795
  2485           0.00197874    0.01356718
  2486           0.00197874    0.01356802
  2487           0.00197874    0.01356725
  2488           0.00197874    0.01356808
  2489           0.00197874    0.01356731
  2490           0.00197874    0.01356814
  2491           0.00197874    0.01356737
  2492           0.00197874    0.01356821
  2493           0.00197874    0.01356744
  2494           0.00197874    0.01356827
  2495           0.00197874    0.01356750
  2496           0.00197874    0.01356833
  2497           0.00197874    0.01356756
  2498           0.00197874    0.01356839
  2499           0.00197874    0.01356762
  2500           0.00197874    0.01356846
  2501           0.00197874    0.01356769
  2502           0.00197874    0.01356852
  2503           0.00197874    0.01356775
  2504           0.00197874    0.01356858
  2505           0.00197874    0.01356781
  2506           0.00197874    0.01356864
  2507           0.00197874    0.01356788
  2508           0.00197874    0.01356871
  2509           0.00197874    0.01356794
  2510           0.00197874    0.01356877
  2511           0.00197874    0.01356800
  2512           0.00197874    0.01356883
  2513           0.00197874    0.01356806
  2514           0.00197874    0.01356889
  2515           0.00197874    0.01356813
  2516           0.00197874    0.01356896
  2517           0.00197874    0.01356819
  2518           0.00197874    0.01356902
  2519           0.00197874    0.01356825
  2520           0.00197874    0.01356908
  2521           0.00197874    0.01356832
  2522           0.00197874    0.01356914
  2523           0.00197874    0.01356838
  2524           0.00197874    0.01356921
  2525           0.00197874    0.01356844
  2526           0.00197874    0.01356927
  2527           0.00197874    0.01356850
  2528           0.00197874    0.01356933
  2529           0.00197874    0.01356857
  2530           0.00197874    0.01356939
  2531           0.00197874    0.01356863
  2532           0.00197874    0.01356945
  2533           0.00197874    0.01356869
  2534           0.00197874    0.01356952
  2535           0.00197874    0.01356875
  2536           0.00197874    0.01356958
  2537           0.00197874    0.01356882
  2538           0.00197874    0.01356964
  2539           0.00197874    0.01356888
  2540           0.00197874    0.01356970
  2541           0.00197874    0.01356894
  2542           0.00197874    0.01356976
  2543           0.00197874    0.01356900
  2544           0.00197874    0.01356983
  2545           0.00197874    0.01356907
  2546           0.00197874    0.01356989
  2547           0.00197874    0.01356913
  2548           0.00197874    0.01356995
  2549           0.00197874    0.01356919
  2550           0.00197874    0.01357001
  2551           0.00197874    0.01356925
  2552           0.00197874    0.01357007
  2553           0.00197874    0.01356931
  2554           0.00197874    0.01357014
  2555           0.00197874    0.01356938
  2556           0.00197874    0.01357020
  2557           0.00197874    0.01356944
  2558           0.00197874    0.01357026
  2559           0.00197874    0.01356950
  2560           0.00197874    0.01357032
  2561           0.00197874    0.01356956
  2562           0.00197874    0.01357038
  2563           0.00197874    0.01356962
  2564           0.00197874    0.01357044
  2565           0.00197874    0.01356969
  2566           0.00197874    0.01357050
  2567           0.00197874    0.01356975
  2568           0.00197874    0.01357057
  2569           0.00197874    0.01356981
  2570           0.00197873    0.01357063
  2571           0.00197873    0.01356987
  2572           0.00197873    0.01357069
  2573           0.00197873    0.01356993
  2574           0.00197873    0.01357075
  2575           0.00197873    0.01357000
  2576           0.00197873    0.01357081
  2577           0.00197873    0.01357006
  2578           0.00197873    0.01357087
  2579           0.00197873    0.01357012
  2580           0.00197873    0.01357093
  2581           0.00197873    0.01357018
  2582           0.00197873    0.01357100
  2583           0.00197873    0.01357024
  2584           0.00197873    0.01357106
  2585           0.00197873    0.01357030
  2586           0.00197873    0.01357112
  2587           0.00197873    0.01357037
  2588           0.00197873    0.01357118
  2589           0.00197873    0.01357043
  2590           0.00197873    0.01357124
  2591           0.00197873    0.01357049
  2592           0.00197873    0.01357130
  2593           0.00197873    0.01357055
  2594           0.00197873    0.01357136
  2595           0.00197873    0.01357061
  2596           0.00197873    0.01357142
  2597           0.00197873    0.01357067
  2598           0.00197873    0.01357148
  2599           0.00197873    0.01357074
  2600           0.00197873    0.01357155
  2601           0.00197873    0.01357080
  2602           0.00197873    0.01357161
  2603           0.00197873    0.01357086
  2604           0.00197873    0.01357167
  2605           0.00197873    0.01357092
  2606           0.00197873    0.01357173
  2607           0.00197873    0.01357098
  2608           0.00197873    0.01357179
  2609           0.00197873    0.01357104
  2610           0.00197873    0.01357185
  2611           0.00197873    0.01357110
  2612           0.00197873    0.01357191
  2613           0.00197873    0.01357116
  2614           0.00197873    0.01357197
  2615           0.00197873    0.01357123
  2616           0.00197873    0.01357203
  2617           0.00197873    0.01357129
  2618           0.00197873    0.01357209
  2619           0.00197873    0.01357135
  2620           0.00197873    0.01357215
  2621           0.00197873    0.01357141
  2622           0.00197873    0.01357221
  2623           0.00197873    0.01357147
  2624           0.00197873    0.01357228
  2625           0.00197873    0.01357153
  2626           0.00197873    0.01357234
  2627           0.00197873    0.01357159
  2628           0.00197873    0.01357240
  2629           0.00197873    0.01357165
  2630           0.00197873    0.01357246
  2631           0.00197873    0.01357171
  2632           0.00197873    0.01357252
  2633           0.00197873    0.01357177
  2634           0.00197873    0.01357258
  2635           0.00197873    0.01357184
  2636           0.00197873    0.01357264
  2637           0.00197873    0.01357190
  2638           0.00197873    0.01357270
  2639           0.00197873    0.01357196
  2640           0.00197873    0.01357276
  2641           0.00197873    0.01357202
  2642           0.00197873    0.01357282
  2643           0.00197873    0.01357208
  2644           0.00197873    0.01357288
  2645           0.00197873    0.01357214
  2646           0.00197873    0.01357294
  2647           0.00197873    0.01357220
  2648           0.00197873    0.01357300
  2649           0.00197873    0.01357226
  2650           0.00197873    0.01357306
  2651           0.00197873    0.01357232
  2652           0.00197873    0.01357312
  2653           0.00197873    0.01357238
  2654           0.00197873    0.01357318
  2655           0.00197873    0.01357244
  2656           0.00197873    0.01357324
  2657           0.00197873    0.01357250
  2658           0.00197873    0.01357330
  2659           0.00197873    0.01357256
  2660           0.00197873    0.01357336
  2661           0.00197873    0.01357262
  2662           0.00197873    0.01357342
  2663           0.00197873    0.01357268
  2664           0.00197873    0.01357348
  2665           0.00197873    0.01357274
  2666           0.00197873    0.01357354
  2667           0.00197873    0.01357280
  2668           0.00197873    0.01357360
  2669           0.00197873    0.01357286
  2670           0.00197873    0.01357366
  2671           0.00197873    0.01357292
  2672           0.00197873    0.01357372
  2673           0.00197873    0.01357298
  2674           0.00197873    0.01357378
  2675           0.00197873    0.01357305
  2676           0.00197873    0.01357384
  2677           0.00197873    0.01357311
  2678           0.00197873    0.01357390
  2679           0.00197873    0.01357317
  2680           0.00197873    0.01357396
  2681           0.00197873    0.01357323
  2682           0.00197873    0.01357402
  2683           0.00197873    0.01357329
  2684           0.00197873    0.01357408
  2685           0.00197873    0.01357335
  2686           0.00197873    0.01357414
  2687           0.00197873    0.01357341
  2688           0.00197873    0.01357420
  2689           0.00197873    0.01357347
  2690           0.00197873    0.01357426
  2691           0.00197873    0.01357353
  2692           0.00197873    0.01357432
  2693           0.00197873    0.01357359
  2694           0.00197873    0.01357438
  2695           0.00197873    0.01357365
  2696           0.00197873    0.01357444
  2697           0.00197873    0.01357371
  2698           0.00197873    0.01357450
  2699           0.00197873    0.01357377
  2700           0.00197873    0.01357455
  2701           0.00197873    0.01357382
  2702           0.00197873    0.01357461
  2703           0.00197873    0.01357388
  2704           0.00197873    0.01357467
  2705           0.00197873    0.01357394
  2706           0.00197873    0.01357473
  2707           0.00197873    0.01357400
  2708           0.00197873    0.01357479
  2709           0.00197873    0.01357406
  2710           0.00197873    0.01357485
  2711           0.00197873    0.01357412
  2712           0.00197873    0.01357491
  2713           0.00197873    0.01357418
  2714           0.00197873    0.01357497
  2715           0.00197873    0.01357424
  2716           0.00197873    0.01357503
  2717           0.00197873    0.01357430
  2718           0.00197873    0.01357509
  2719           0.00197873    0.01357436
  2720           0.00197873    0.01357515
  2721           0.00197873    0.01357442
  2722           0.00197873    0.01357521
  2723           0.00197873    0.01357448
  2724           0.00197873    0.01357527
  2725           0.00197873    0.01357454
  2726           0.00197873    0.01357532
  2727           0.00197873    0.01357460
  2728           0.00197873    0.01357538
  2729           0.00197873    0.01357466
  2730           0.00197873    0.01357544
  2731           0.00197873    0.01357472
  2732           0.00197873    0.01357550
  2733           0.00197873    0.01357478
  2734           0.00197873    0.01357556
  2735           0.00197873    0.01357484
  2736           0.00197873    0.01357562
  2737           0.00197873    0.01357490
  2738           0.00197873    0.01357568
  2739           0.00197873    0.01357496
  2740           0.00197873    0.01357574
  2741           0.00197873    0.01357501
  2742           0.00197873    0.01357580
  2743           0.00197873    0.01357507
  2744           0.00197873    0.01357585
  2745           0.00197873    0.01357513
  2746           0.00197873    0.01357591
  2747           0.00197873    0.01357519
  2748           0.00197873    0.01357597
  2749           0.00197873    0.01357525
  2750           0.00197873    0.01357603
  2751           0.00197873    0.01357531
  2752           0.00197873    0.01357609
  2753           0.00197873    0.01357537
  2754           0.00197873    0.01357615
  2755           0.00197873    0.01357543
  2756           0.00197873    0.01357621
  2757           0.00197873    0.01357549
  2758           0.00197873    0.01357626
  2759           0.00197873    0.01357555
  2760           0.00197873    0.01357632
  2761           0.00197873    0.01357560
  2762           0.00197873    0.01357638
  2763           0.00197873    0.01357566
  2764           0.00197873    0.01357644
  2765           0.00197873    0.01357572
  2766           0.00197873    0.01357650
  2767           0.00197873    0.01357578
  2768           0.00197873    0.01357656
  2769           0.00197873    0.01357584
  2770           0.00197873    0.01357661
  2771           0.00197873    0.01357590
  2772           0.00197873    0.01357667
  2773           0.00197873    0.01357596
  2774           0.00197873    0.01357673
  2775           0.00197873    0.01357602
  2776           0.00197873    0.01357679
  2777           0.00197873    0.01357607
  2778           0.00197873    0.01357685
  2779           0.00197873    0.01357613
  2780           0.00197873    0.01357691
  2781           0.00197873    0.01357619
  2782           0.00197873    0.01357696
  2783           0.00197873    0.01357625
  2784           0.00197873    0.01357702
  2785           0.00197873    0.01357631
  2786           0.00197873    0.01357708
  2787           0.00197873    0.01357637
  2788           0.00197873    0.01357714
  2789           0.00197873    0.01357643
  2790           0.00197873    0.01357720
  2791           0.00197873    0.01357648
  2792           0.00197873    0.01357725
  2793           0.00197873    0.01357654
  2794           0.00197873    0.01357731
  2795           0.00197873    0.01357660
  2796           0.00197873    0.01357737
  2797           0.00197873    0.01357666
  2798           0.00197873    0.01357743
  2799           0.00197873    0.01357672
  2800           0.00197873    0.01357749
  2801           0.00197873    0.01357678
  2802           0.00197873    0.01357754
  2803           0.00197873    0.01357683
  2804           0.00197873    0.01357760
  2805           0.00197873    0.01357689
  2806           0.00197873    0.01357766
  2807           0.00197873    0.01357695
  2808           0.00197873    0.01357772
  2809           0.00197873    0.01357701
  2810           0.00197873    0.01357778
  2811           0.00197873    0.01357707
  2812           0.00197873    0.01357783
  2813           0.00197873    0.01357712
  2814           0.00197873    0.01357789
  2815           0.00197873    0.01357718
  2816           0.00197873    0.01357795
  2817           0.00197873    0.01357724
  2818           0.00197873    0.01357801
  2819           0.00197873    0.01357730
  2820           0.00197873    0.01357806
  2821           0.00197873    0.01357736
  2822           0.00197873    0.01357812
  2823           0.00197873    0.01357741
  2824           0.00197873    0.01357818
  2825           0.00197873    0.01357747
  2826           0.00197873    0.01357824
  2827           0.00197873    0.01357753
  2828           0.00197873    0.01357829
  2829           0.00197873    0.01357759
  2830           0.00197873    0.01357835
  2831           0.00197873    0.01357765
  2832           0.00197873    0.01357841
  2833           0.00197873    0.01357770
  2834           0.00197873    0.01357847
  2835           0.00197873    0.01357776
  2836           0.00197873    0.01357852
  2837           0.00197873    0.01357782
  2838           0.00197873    0.01357858
  2839           0.00197873    0.01357788
  2840           0.00197873    0.01357864
  2841           0.00197873    0.01357793
  2842           0.00197873    0.01357869
  2843           0.00197873    0.01357799
  2844           0.00197873    0.01357875
  2845           0.00197873    0.01357805
  2846           0.00197873    0.01357881
  2847           0.00197873    0.01357811
  2848           0.00197873    0.01357887
  2849           0.00197873    0.01357816
  2850           0.00197873    0.01357892
  2851           0.00197873    0.01357822
  2852           0.00197873    0.01357898
  2853           0.00197873    0.01357828
  2854           0.00197873    0.01357904
  2855           0.00197873    0.01357834
  2856           0.00197873    0.01357909
  2857           0.00197873    0.01357839
  2858           0.00197873    0.01357915
  2859           0.00197873    0.01357845
  2860           0.00197873    0.01357921
  2861           0.00197873    0.01357851
  2862           0.00197873    0.01357927
  2863           0.00197873    0.01357857
  2864           0.00197873    0.01357932
  2865           0.00197873    0.01357862
  2866           0.00197873    0.01357938
  2867           0.00197873    0.01357868
  2868           0.00197873    0.01357944
  2869           0.00197873    0.01357874
  2870           0.00197873    0.01357949
  2871           0.00197873    0.01357879
  2872           0.00197873    0.01357955
  2873           0.00197873    0.01357885
  2874           0.00197873    0.01357961
  2875           0.00197873    0.01357891
  2876           0.00197873    0.01357966
  2877           0.00197873    0.01357897
  2878           0.00197873    0.01357972
  2879           0.00197873    0.01357902
  2880           0.00197873    0.01357978
  2881           0.00197873    0.01357908
  2882           0.00197873    0.01357983
  2883           0.00197873    0.01357914
  2884           0.00197873    0.01357989
  2885           0.00197873    0.01357919
  2886           0.00197873    0.01357995
  2887           0.00197873    0.01357925
  2888           0.00197873    0.01358000
  2889           0.00197873    0.01357931
  2890           0.00197873    0.01358006
  2891           0.00197873    0.01357937
  2892           0.00197873    0.01358012
  2893           0.00197873    0.01357942
  2894           0.00197873    0.01358017
  2895           0.00197873    0.01357948
  2896           0.00197873    0.01358023
  2897           0.00197873    0.01357954
  2898           0.00197873    0.01358029
  2899           0.00197873    0.01357959
  2900           0.00197873    0.01358034
  2901           0.00197873    0.01357965
  2902           0.00197873    0.01358040
  2903           0.00197873    0.01357971
  2904           0.00197873    0.01358046
  2905           0.00197873    0.01357976
  2906           0.00197873    0.01358051
  2907           0.00197873    0.01357982
  2908           0.00197873    0.01358057
  2909           0.00197873    0.01357988
  2910           0.00197873    0.01358062
  2911           0.00197873    0.01357993
  2912           0.00197873    0.01358068
  2913           0.00197873    0.01357999
  2914           0.00197873    0.01358074
  2915           0.00197873    0.01358005
  2916           0.00197873    0.01358079
  2917           0.00197873    0.01358010
  2918           0.00197873    0.01358085
  2919           0.00197873    0.01358016
  2920           0.00197873    0.01358090
  2921           0.00197873    0.01358022
  2922           0.00197873    0.01358096
  2923           0.00197873    0.01358027
  2924           0.00197873    0.01358102
  2925           0.00197873    0.01358033
  2926           0.00197873    0.01358107
  2927           0.00197873    0.01358038
  2928           0.00197873    0.01358113
  2929           0.00197873    0.01358044
  2930           0.00197873    0.01358119
  2931           0.00197873    0.01358050
  2932           0.00197873    0.01358124
  2933           0.00197873    0.01358055
  2934           0.00197873    0.01358130
  2935           0.00197873    0.01358061
  2936           0.00197873    0.01358135
  2937           0.00197873    0.01358067
  2938           0.00197873    0.01358141
  2939           0.00197873    0.01358072
  2940           0.00197873    0.01358146
  2941           0.00197873    0.01358078
  2942           0.00197873    0.01358152
  2943           0.00197873    0.01358083
  2944           0.00197873    0.01358158
  2945           0.00197873    0.01358089
  2946           0.00197873    0.01358163
  2947           0.00197873    0.01358095
  2948           0.00197873    0.01358169
  2949           0.00197873    0.01358100
  2950           0.00197873    0.01358174
  2951           0.00197873    0.01358106
  2952           0.00197873    0.01358180
  2953           0.00197873    0.01358112
  2954           0.00197873    0.01358185
  2955           0.00197873    0.01358117
  2956           0.00197873    0.01358191
  2957           0.00197873    0.01358123
  2958           0.00197873    0.01358197
  2959           0.00197873    0.01358128
  2960           0.00197873    0.01358202
  2961           0.00197873    0.01358134
  2962           0.00197873    0.01358208
  2963           0.00197873    0.01358139
  2964           0.00197873    0.01358213
  2965           0.00197873    0.01358145
  2966           0.00197873    0.01358219
  2967           0.00197873    0.01358151
  2968           0.00197873    0.01358224
  2969           0.00197873    0.01358156
  2970           0.00197873    0.01358230
  2971           0.00197873    0.01358162
  2972           0.00197873    0.01358235
  2973           0.00197873    0.01358167
  2974           0.00197873    0.01358241
  2975           0.00197873    0.01358173
  2976           0.00197873    0.01358246
  2977           0.00197873    0.01358178
  2978           0.00197873    0.01358252
  2979           0.00197873    0.01358184
  2980           0.00197873    0.01358257
  2981           0.00197873    0.01358190
  2982           0.00197873    0.01358263
  2983           0.00197873    0.01358195
  2984           0.00197873    0.01358269
  2985           0.00197873    0.01358201
  2986           0.00197873    0.01358274
  2987           0.00197873    0.01358206
  2988           0.00197873    0.01358280
  2989           0.00197873    0.01358212
  2990           0.00197873    0.01358285
  2991           0.00197873    0.01358217
  2992           0.00197873    0.01358291
  2993           0.00197873    0.01358223
  2994           0.00197873    0.01358296
  2995           0.00197873    0.01358228
  2996           0.00197873    0.01358302
  2997           0.00197873    0.01358234
  2998           0.00197873    0.01358307
  2999           0.00197873    0.01358240
  3000           0.00197873    0.01358313
  3001           0.00197873    0.01358245
  3002           0.00197873    0.01358318
  3003           0.00197873    0.01358251
  3004           0.00197873    0.01358324
  3005           0.00197873    0.01358256
  3006           0.00197873    0.01358329
  3007           0.00197873    0.01358262
  3008           0.00197873    0.01358335
  3009           0.00197873    0.01358267
  3010           0.00197873    0.01358340
  3011           0.00197873    0.01358273
  3012           0.00197873    0.01358346
  3013           0.00197873    0.01358278
  3014           0.00197873    0.01358351
  3015           0.00197873    0.01358284
  3016           0.00197873    0.01358356
  3017           0.00197873    0.01358289
  3018           0.00197873    0.01358362
  3019           0.00197873    0.01358295
  3020           0.00197873    0.01358367
  3021           0.00197873    0.01358300
  3022           0.00197873    0.01358373
  3023           0.00197873    0.01358306
  3024           0.00197873    0.01358378
  3025           0.00197873    0.01358311
  3026           0.00197873    0.01358384
  3027           0.00197873    0.01358317
  3028           0.00197873    0.01358389
  3029           0.00197873    0.01358322
  3030           0.00197873    0.01358395
  3031           0.00197873    0.01358328
  3032           0.00197873    0.01358400
  3033           0.00197873    0.01358333
  3034           0.00197873    0.01358406
  3035           0.00197873    0.01358339
  3036           0.00197873    0.01358411
  3037           0.00197873    0.01358344
  3038           0.00197873    0.01358416
  3039           0.00197873    0.01358350
  3040           0.00197873    0.01358422
  3041           0.00197873    0.01358355
  3042           0.00197873    0.01358427
  3043           0.00197873    0.01358361
  3044           0.00197873    0.01358433
  3045           0.00197873    0.01358366
  3046           0.00197873    0.01358438
  3047           0.00197873    0.01358371
  3048           0.00197873    0.01358444
  3049           0.00197873    0.01358377
  3050           0.00197873    0.01358449
  3051           0.00197873    0.01358382
  3052           0.00197873    0.01358455
  3053           0.00197873    0.01358388
  3054           0.00197873    0.01358460
  3055           0.00197873    0.01358393
  3056           0.00197873    0.01358465
  3057           0.00197873    0.01358399
  3058           0.00197873    0.01358471
  3059           0.00197873    0.01358404
  3060           0.00197873    0.01358476
  3061           0.00197873    0.01358410
  3062           0.00197873    0.01358482
  3063           0.00197873    0.01358415
  3064           0.00197873    0.01358487
  3065           0.00197873    0.01358421
  3066           0.00197873    0.01358492
  3067           0.00197873    0.01358426
  3068           0.00197873    0.01358498
  3069           0.00197873    0.01358431
  3070           0.00197873    0.01358503
  3071           0.00197873    0.01358437
  3072           0.00197873    0.01358509
  3073           0.00197873    0.01358442
  3074           0.00197873    0.01358514
  3075           0.00197873    0.01358448
  3076           0.00197873    0.01358519
  3077           0.00197873    0.01358453
  3078           0.00197873    0.01358525
  3079           0.00197873    0.01358459
  3080           0.00197873    0.01358530
  3081           0.00197873    0.01358464
  3082           0.00197873    0.01358536
  3083           0.00197873    0.01358469
  3084           0.00197873    0.01358541
  3085           0.00197873    0.01358475
  3086           0.00197873    0.01358546
  3087           0.00197873    0.01358480
  3088           0.00197873    0.01358552
  3089           0.00197873    0.01358486
  3090           0.00197873    0.01358557
  3091           0.00197873    0.01358491
  3092           0.00197873    0.01358562
  3093           0.00197873    0.01358496
  3094           0.00197873    0.01358568
  3095           0.00197873    0.01358502
  3096           0.00197873    0.01358573
  3097           0.00197873    0.01358507
  3098           0.00197873    0.01358579
  3099           0.00197873    0.01358513
  3100           0.00197873    0.01358584
  3101           0.00197873    0.01358518
  3102           0.00197873    0.01358589
  3103           0.00197873    0.01358523
  3104           0.00197873    0.01358595
  3105           0.00197873    0.01358529
  3106           0.00197873    0.01358600
  3107           0.00197873    0.01358534
  3108           0.00197873    0.01358605
  3109           0.00197873    0.01358540
  3110           0.00197873    0.01358611
  3111           0.00197873    0.01358545
  3112           0.00197873    0.01358616
  3113           0.00197873    0.01358550
  3114           0.00197873    0.01358621
  3115           0.00197873    0.01358556
  3116           0.00197873    0.01358627
  3117           0.00197873    0.01358561
  3118           0.00197873    0.01358632
  3119           0.00197873    0.01358566
  3120           0.00197873    0.01358637
  3121           0.00197873    0.01358572
  3122           0.00197873    0.01358643
  3123           0.00197873    0.01358577
  3124           0.00197873    0.01358648
  3125           0.00197873    0.01358583
  3126           0.00197873    0.01358653
  3127           0.00197873    0.01358588
  3128           0.00197873    0.01358659
  3129           0.00197873    0.01358593
  3130           0.00197873    0.01358664
  3131           0.00197873    0.01358599
  3132           0.00197873    0.01358669
  3133           0.00197873    0.01358604
  3134           0.00197873    0.01358675
  3135           0.00197873    0.01358609
  3136           0.00197873    0.01358680
  3137           0.00197873    0.01358615
  3138           0.00197873    0.01358685
  3139           0.00197873    0.01358620
  3140           0.00197873    0.01358690
  3141           0.00197873    0.01358625
  3142           0.00197873    0.01358696
  3143           0.00197873    0.01358631
  3144           0.00197873    0.01358701
  3145           0.00197873    0.01358636
  3146           0.00197873    0.01358706
  3147           0.00197873    0.01358641
  3148           0.00197873    0.01358712
  3149           0.00197873    0.01358647
  3150           0.00197873    0.01358717
  3151           0.00197873    0.01358652
  3152           0.00197873    0.01358722
  3153           0.00197873    0.01358657
  3154           0.00197873    0.01358727
  3155           0.00197873    0.01358663
  3156           0.00197873    0.01358733
  3157           0.00197873    0.01358668
  3158           0.00197873    0.01358738
  3159           0.00197873    0.01358673
  3160           0.00197873    0.01358743
  3161           0.00197873    0.01358678
  3162           0.00197873    0.01358749
  3163           0.00197873    0.01358684
  3164           0.00197873    0.01358754
  3165           0.00197873    0.01358689
  3166           0.00197873    0.01358759
  3167           0.00197873    0.01358694
  3168           0.00197873    0.01358764
  3169           0.00197873    0.01358700
  3170           0.00197873    0.01358770
  3171           0.00197873    0.01358705
  3172           0.00197873    0.01358775
  3173           0.00197873    0.01358710
  3174           0.00197873    0.01358780
  3175           0.00197873    0.01358716
  3176           0.00197873    0.01358785
  3177           0.00197873    0.01358721
  3178           0.00197873    0.01358791
  3179           0.00197873    0.01358726
  3180           0.00197873    0.01358796
  3181           0.00197873    0.01358731
  3182           0.00197873    0.01358801
  3183           0.00197873    0.01358737
  3184           0.00197873    0.01358806
  3185           0.00197873    0.01358742
  3186           0.00197873    0.01358812
  3187           0.00197873    0.01358747
  3188           0.00197873    0.01358817
  3189           0.00197873    0.01358753
  3190           0.00197873    0.01358822
  3191           0.00197873    0.01358758
  3192           0.00197873    0.01358827
  3193           0.00197873    0.01358763
  3194           0.00197873    0.01358833
  3195           0.00197873    0.01358768
  3196           0.00197873    0.01358838
  3197           0.00197873    0.01358774
  3198           0.00197873    0.01358843
  3199           0.00197873    0.01358779
  3200           0.00197873    0.01358848
  3201           0.00197873    0.01358784
  3202           0.00197873    0.01358853
  3203           0.00197873    0.01358789
  3204           0.00197873    0.01358859
  3205           0.00197873    0.01358795
  3206           0.00197873    0.01358864
  3207           0.00197873    0.01358800
  3208           0.00197873    0.01358869
  3209           0.00197873    0.01358805
  3210           0.00197873    0.01358874
  3211           0.00197873    0.01358810
  3212           0.00197873    0.01358880
  3213           0.00197873    0.01358816
  3214           0.00197873    0.01358885
  3215           0.00197873    0.01358821
  3216           0.00197873    0.01358890
  3217           0.00197873    0.01358826
  3218           0.00197873    0.01358895
  3219           0.00197873    0.01358831
  3220           0.00197873    0.01358900
  3221           0.00197873    0.01358837
  3222           0.00197873    0.01358906
  3223           0.00197873    0.01358842
  3224           0.00197873    0.01358911
  3225           0.00197873    0.01358847
  3226           0.00197873    0.01358916
  3227           0.00197873    0.01358852
  3228           0.00197873    0.01358921
  3229           0.00197873    0.01358857
  3230           0.00197873    0.01358926
  3231           0.00197873    0.01358863
  3232           0.00197873    0.01358931
  3233           0.00197873    0.01358868
  3234           0.00197873    0.01358937
  3235           0.00197873    0.01358873
  3236           0.00197873    0.01358942
  3237           0.00197873    0.01358878
  3238           0.00197873    0.01358947
  3239           0.00197873    0.01358883
  3240           0.00197873    0.01358952
  3241           0.00197873    0.01358889
  3242           0.00197873    0.01358957
  3243           0.00197873    0.01358894
  3244           0.00197873    0.01358963
  3245           0.00197873    0.01358899
  3246           0.00197873    0.01358968
  3247           0.00197873    0.01358904
  3248           0.00197873    0.01358973
  3249           0.00197873    0.01358909
  3250           0.00197873    0.01358978
  3251           0.00197873    0.01358915
  3252           0.00197873    0.01358983
  3253           0.00197873    0.01358920
  3254           0.00197873    0.01358988
  3255           0.00197873    0.01358925
  3256           0.00197873    0.01358993
  3257           0.00197873    0.01358930
  3258           0.00197873    0.01358999
  3259           0.00197873    0.01358935
  3260           0.00197873    0.01359004
  3261           0.00197873    0.01358941
  3262           0.00197873    0.01359009
  3263           0.00197873    0.01358946
  3264           0.00197873    0.01359014
  3265           0.00197873    0.01358951
  3266           0.00197873    0.01359019
  3267           0.00197873    0.01358956
  3268           0.00197873    0.01359024
  3269           0.00197873    0.01358961
  3270           0.00197873    0.01359029
  3271           0.00197873    0.01358966
  3272           0.00197873    0.01359035
  3273           0.00197873    0.01358972
  3274           0.00197873    0.01359040
  3275           0.00197873    0.01358977
  3276           0.00197873    0.01359045
  3277           0.00197873    0.01358982
  3278           0.00197873    0.01359050
  3279           0.00197873    0.01358987
  3280           0.00197873    0.01359055
  3281           0.00197873    0.01358992
  3282           0.00197873    0.01359060
  3283           0.00197873    0.01358997
  3284           0.00197873    0.01359065
  3285           0.00197873    0.01359002
  3286           0.00197873    0.01359070
  3287           0.00197873    0.01359008
  3288           0.00197873    0.01359075
  3289           0.00197873    0.01359013
  3290           0.00197873    0.01359081
  3291           0.00197873    0.01359018
  3292           0.00197873    0.01359086
  3293           0.00197873    0.01359023
  3294           0.00197873    0.01359091
  3295           0.00197873    0.01359028
  3296           0.00197873    0.01359096
  3297           0.00197873    0.01359033
  3298           0.00197873    0.01359101
  3299           0.00197873    0.01359038
  3300           0.00197873    0.01359106
  3301           0.00197873    0.01359043
  3302           0.00197873    0.01359111
  3303           0.00197873    0.01359049
  3304           0.00197873    0.01359116
  3305           0.00197873    0.01359054
  3306           0.00197873    0.01359121
  3307           0.00197873    0.01359059
  3308           0.00197873    0.01359126
  3309           0.00197873    0.01359064
  3310           0.00197873    0.01359131
  3311           0.00197873    0.01359069
  3312           0.00197873    0.01359137
  3313           0.00197873    0.01359074
  3314           0.00197873    0.01359142
  3315           0.00197873    0.01359079
  3316           0.00197873    0.01359147
  3317           0.00197873    0.01359084
  3318           0.00197873    0.01359152
  3319           0.00197873    0.01359089
  3320           0.00197873    0.01359157
  3321           0.00197873    0.01359095
  3322           0.00197873    0.01359162
  3323           0.00197873    0.01359100
  3324           0.00197873    0.01359167
  3325           0.00197873    0.01359105
  3326           0.00197873    0.01359172
  3327           0.00197873    0.01359110
  3328           0.00197873    0.01359177
  3329           0.00197873    0.01359115
  3330           0.00197873    0.01359182
  3331           0.00197873    0.01359120
  3332           0.00197873    0.01359187
  3333           0.00197873    0.01359125
  3334           0.00197873    0.01359192
  3335           0.00197873    0.01359130
  3336           0.00197873    0.01359197
  3337           0.00197873    0.01359135
  3338           0.00197873    0.01359202
  3339           0.00197873    0.01359140
  3340           0.00197873    0.01359207
  3341           0.00197873    0.01359145
  3342           0.00197873    0.01359212
  3343           0.00197873    0.01359150
  3344           0.00197873    0.01359217
  3345           0.00197873    0.01359156
  3346           0.00197873    0.01359222
  3347           0.00197873    0.01359161
  3348           0.00197873    0.01359227
  3349           0.00197873    0.01359166
  3350           0.00197873    0.01359233
  3351           0.00197873    0.01359171
  3352           0.00197873    0.01359238
  3353           0.00197873    0.01359176
  3354           0.00197873    0.01359243
  3355           0.00197873    0.01359181
  3356           0.00197873    0.01359248
  3357           0.00197873    0.01359186
  3358           0.00197873    0.01359253
  3359           0.00197873    0.01359191
  3360           0.00197873    0.01359258
  3361           0.00197873    0.01359196
  3362           0.00197873    0.01359263
  3363           0.00197873    0.01359201
  3364           0.00197873    0.01359268
  3365           0.00197873    0.01359206
  3366           0.00197873    0.01359273
  3367           0.00197873    0.01359211
  3368           0.00197873    0.01359278
  3369           0.00197873    0.01359216
  3370           0.00197873    0.01359283
  3371           0.00197873    0.01359221
  3372           0.00197873    0.01359288
  3373           0.00197873    0.01359226
  3374           0.00197873    0.01359293
  3375           0.00197873    0.01359231
  3376           0.00197873    0.01359298
  3377           0.00197873    0.01359236
  3378           0.00197873    0.01359303
  3379           0.00197873    0.01359241
  3380           0.00197873    0.01359308
  3381           0.00197873    0.01359246
  3382           0.00197873    0.01359313
  3383           0.00197873    0.01359251
  3384           0.00197873    0.01359318
  3385           0.00197873    0.01359256
  3386           0.00197873    0.01359323
  3387           0.00197873    0.01359261
  3388           0.00197873    0.01359328
  3389           0.00197873    0.01359266
  3390           0.00197873    0.01359333
  3391           0.00197873    0.01359271
  3392           0.00197873    0.01359338
  3393           0.00197873    0.01359276
  3394           0.00197873    0.01359342
  3395           0.00197873    0.01359281
  3396           0.00197873    0.01359347
  3397           0.00197873    0.01359286
  3398           0.00197873    0.01359352
  3399           0.00197873    0.01359291
  3400           0.00197873    0.01359357
  3401           0.00197873    0.01359296
  3402           0.00197873    0.01359362
  3403           0.00197873    0.01359301
  3404           0.00197873    0.01359367
  3405           0.00197873    0.01359306
  3406           0.00197873    0.01359372
  3407           0.00197873    0.01359311
  3408           0.00197873    0.01359377
  3409           0.00197873    0.01359316
  3410           0.00197873    0.01359382
  3411           0.00197873    0.01359321
  3412           0.00197873    0.01359387
  3413           0.00197873    0.01359326
  3414           0.00197873    0.01359392
  3415           0.00197873    0.01359331
  3416           0.00197873    0.01359397
  3417           0.00197873    0.01359336
  3418           0.00197873    0.01359402
  3419           0.00197873    0.01359341
  3420           0.00197873    0.01359407
  3421           0.00197873    0.01359346
  3422           0.00197873    0.01359412
  3423           0.00197873    0.01359351
  3424           0.00197873    0.01359417
  3425           0.00197873    0.01359356
  3426           0.00197873    0.01359422
  3427           0.00197873    0.01359361
  3428           0.00197873    0.01359427
  3429           0.00197873    0.01359366
  3430           0.00197873    0.01359432
  3431           0.00197873    0.01359371
  3432           0.00197873    0.01359436
  3433           0.00197873    0.01359376
  3434           0.00197873    0.01359441
  3435           0.00197873    0.01359381
  3436           0.00197873    0.01359446
  3437           0.00197873    0.01359386
  3438           0.00197873    0.01359451
  3439           0.00197873    0.01359391
  3440           0.00197873    0.01359456
  3441           0.00197873    0.01359396
  3442           0.00197873    0.01359461
  3443           0.00197873    0.01359401
  3444           0.00197873    0.01359466
  3445           0.00197873    0.01359406
  3446           0.00197873    0.01359471
  3447           0.00197873    0.01359411
  3448           0.00197873    0.01359476
  3449           0.00197873    0.01359416
  3450           0.00197873    0.01359481
  3451           0.00197873    0.01359420
  3452           0.00197873    0.01359486
  3453           0.00197873    0.01359425
  3454           0.00197873    0.01359490
  3455           0.00197873    0.01359430
  3456           0.00197873    0.01359495
  3457           0.00197873    0.01359435
  3458           0.00197873    0.01359500
  3459           0.00197873    0.01359440
  3460           0.00197873    0.01359505
  3461           0.00197873    0.01359445
  3462           0.00197873    0.01359510
  3463           0.00197873    0.01359450
  3464           0.00197873    0.01359515
  3465           0.00197873    0.01359455
  3466           0.00197873    0.01359520
  3467           0.00197873    0.01359460
  3468           0.00197873    0.01359525
  3469           0.00197873    0.01359465
  3470           0.00197873    0.01359530
  3471           0.00197873    0.01359470
  3472           0.00197873    0.01359534
  3473           0.00197873    0.01359475
  3474           0.00197873    0.01359539
  3475           0.00197873    0.01359479
  3476           0.00197873    0.01359544
  3477           0.00197873    0.01359484
  3478           0.00197873    0.01359549
  3479           0.00197873    0.01359489
  3480           0.00197873    0.01359554
  3481           0.00197873    0.01359494
  3482           0.00197873    0.01359559
  3483           0.00197873    0.01359499
  3484           0.00197873    0.01359564
  3485           0.00197873    0.01359504
  3486           0.00197873    0.01359569
  3487           0.00197873    0.01359509
  3488           0.00197873    0.01359573
  3489           0.00197873    0.01359514
  3490           0.00197873    0.01359578
  3491           0.00197873    0.01359519
  3492           0.00197873    0.01359583
  3493           0.00197873    0.01359523
  3494           0.00197873    0.01359588
  3495           0.00197873    0.01359528
  3496           0.00197873    0.01359593
  3497           0.00197873    0.01359533
  3498           0.00197873    0.01359598
  3499           0.00197873    0.01359538
  3500           0.00197873    0.01359602
  3501           0.00197873    0.01359543
  3502           0.00197873    0.01359607
  3503           0.00197873    0.01359548
  3504           0.00197873    0.01359612
  3505           0.00197873    0.01359553
  3506           0.00197873    0.01359617
  3507           0.00197873    0.01359558
  3508           0.00197873    0.01359622
  3509           0.00197873    0.01359562
  3510           0.00197873    0.01359627
  3511           0.00197873    0.01359567
  3512           0.00197873    0.01359631
  3513           0.00197873    0.01359572
  3514           0.00197873    0.01359636
  3515           0.00197873    0.01359577
  3516           0.00197873    0.01359641
  3517           0.00197873    0.01359582
  3518           0.00197873    0.01359646
  3519           0.00197873    0.01359587
  3520           0.00197873    0.01359651
  3521           0.00197873    0.01359592
  3522           0.00197873    0.01359656
  3523           0.00197873    0.01359596
  3524           0.00197873    0.01359660
  3525           0.00197873    0.01359601
  3526           0.00197873    0.01359665
  3527           0.00197873    0.01359606
  3528           0.00197873    0.01359670
  3529           0.00197873    0.01359611
  3530           0.00197873    0.01359675
  3531           0.00197873    0.01359616
  3532           0.00197873    0.01359680
  3533           0.00197873    0.01359621
  3534           0.00197873    0.01359684
  3535           0.00197873    0.01359625
  3536           0.00197873    0.01359689
  3537           0.00197873    0.01359630
  3538           0.00197873    0.01359694
  3539           0.00197873    0.01359635
  3540           0.00197873    0.01359699
  3541           0.00197873    0.01359640
  3542           0.00197873    0.01359704
  3543           0.00197873    0.01359645
  3544           0.00197873    0.01359708
  3545           0.00197873    0.01359649
  3546           0.00197873    0.01359713
  3547           0.00197873    0.01359654
  3548           0.00197873    0.01359718
  3549           0.00197873    0.01359659
  3550           0.00197873    0.01359723
  3551           0.00197873    0.01359664
  3552           0.00197873    0.01359727
  3553           0.00197873    0.01359669
  3554           0.00197873    0.01359732
  3555           0.00197873    0.01359674
  3556           0.00197873    0.01359737
  3557           0.00197873    0.01359678
  3558           0.00197873    0.01359742
  3559           0.00197873    0.01359683
  3560           0.00197873    0.01359747
  3561           0.00197873    0.01359688
  3562           0.00197873    0.01359751
  3563           0.00197873    0.01359693
  3564           0.00197873    0.01359756
  3565           0.00197873    0.01359698
  3566           0.00197873    0.01359761
  3567           0.00197873    0.01359702
  3568           0.00197873    0.01359766
  3569           0.00197873    0.01359707
  3570           0.00197873    0.01359770
  3571           0.00197873    0.01359712
  3572           0.00197873    0.01359775
  3573           0.00197873    0.01359717
  3574           0.00197873    0.01359780
  3575           0.00197873    0.01359721
  3576           0.00197873    0.01359785
  3577           0.00197873    0.01359726
  3578           0.00197873    0.01359789
  3579           0.00197873    0.01359731
  3580           0.00197873    0.01359794
  3581           0.00197873    0.01359736
  3582           0.00197873    0.01359799
  3583           0.00197873    0.01359741
  3584           0.00197873    0.01359804
  3585           0.00197873    0.01359745
  3586           0.00197873    0.01359808
  3587           0.00197873    0.01359750
  3588           0.00197873    0.01359813
  3589           0.00197873    0.01359755
  3590           0.00197873    0.01359818
  3591           0.00197873    0.01359760
  3592           0.00197873    0.01359823
  3593           0.00197873    0.01359764
  3594           0.00197873    0.01359827
  3595           0.00197873    0.01359769
  3596           0.00197873    0.01359832
  3597           0.00197873    0.01359774
  3598           0.00197873    0.01359837
  3599           0.00197873    0.01359779
  3600           0.00197873    0.01359841
  3601           0.00197873    0.01359783
  3602           0.00197873    0.01359846
  3603           0.00197873    0.01359788
  3604           0.00197873    0.01359851
  3605           0.00197873    0.01359793
  3606           0.00197873    0.01359856
  3607           0.00197873    0.01359798
  3608           0.00197873    0.01359860
  3609           0.00197873    0.01359802
  3610           0.00197873    0.01359865
  3611           0.00197873    0.01359807
  3612           0.00197873    0.01359870
  3613           0.00197873    0.01359812
  3614           0.00197873    0.01359874
  3615           0.00197873    0.01359817
  3616           0.00197873    0.01359879
  3617           0.00197873    0.01359821
  3618           0.00197873    0.01359884
  3619           0.00197873    0.01359826
  3620           0.00197873    0.01359889
  3621           0.00197873    0.01359831
  3622           0.00197873    0.01359893
  3623           0.00197873    0.01359836
  3624           0.00197873    0.01359898
  3625           0.00197873    0.01359840
  3626           0.00197873    0.01359903
  3627           0.00197873    0.01359845
  3628           0.00197873    0.01359907
  3629           0.00197873    0.01359850
  3630           0.00197873    0.01359912
  3631           0.00197873    0.01359854
  3632           0.00197873    0.01359917
  3633           0.00197873    0.01359859
  3634           0.00197873    0.01359921
  3635           0.00197873    0.01359864
  3636           0.00197873    0.01359926
  3637           0.00197873    0.01359869
  3638           0.00197873    0.01359931
  3639           0.00197873    0.01359873
  3640           0.00197873    0.01359935
  3641           0.00197873    0.01359878
  3642           0.00197873    0.01359940
  3643           0.00197873    0.01359883
  3644           0.00197873    0.01359945
  3645           0.00197873    0.01359887
  3646           0.00197873    0.01359949
  3647           0.00197873    0.01359892
  3648           0.00197873    0.01359954
  3649           0.00197873    0.01359897
  3650           0.00197873    0.01359959
  3651           0.00197873    0.01359901
  3652           0.00197873    0.01359963
  3653           0.00197873    0.01359906
  3654           0.00197873    0.01359968
  3655           0.00197873    0.01359911
  3656           0.00197873    0.01359973
  3657           0.00197873    0.01359915
  3658           0.00197873    0.01359977
  3659           0.00197873    0.01359920
  3660           0.00197873    0.01359982
  3661           0.00197873    0.01359925
  3662           0.00197873    0.01359987
  3663           0.00197873    0.01359930
  3664           0.00197873    0.01359991
  3665           0.00197873    0.01359934
  3666           0.00197873    0.01359996
  3667           0.00197873    0.01359939
  3668           0.00197873    0.01360001
  3669           0.00197873    0.01359944
  3670           0.00197873    0.01360005
  3671           0.00197873    0.01359948
  3672           0.00197873    0.01360010
  3673           0.00197873    0.01359953
  3674           0.00197873    0.01360014
  3675           0.00197873    0.01359958
  3676           0.00197873    0.01360019
  3677           0.00197873    0.01359962
  3678           0.00197873    0.01360024
  3679           0.00197873    0.01359967
  3680           0.00197873    0.01360028
  3681           0.00197873    0.01359972
  3682           0.00197873    0.01360033
  3683           0.00197873    0.01359976
  3684           0.00197873    0.01360038
  3685           0.00197873    0.01359981
  3686           0.00197873    0.01360042
  3687           0.00197873    0.01359985
  3688           0.00197873    0.01360047
  3689           0.00197873    0.01359990
  3690           0.00197873    0.01360051
  3691           0.00197873    0.01359995
  3692           0.00197873    0.01360056
  3693           0.00197873    0.01359999
  3694           0.00197873    0.01360061
  3695           0.00197873    0.01360004
  3696           0.00197873    0.01360065
  3697           0.00197873    0.01360009
  3698           0.00197873    0.01360070
  3699           0.00197873    0.01360013
  3700           0.00197873    0.01360075
  3701           0.00197873    0.01360018
  3702           0.00197873    0.01360079
  3703           0.00197873    0.01360023
  3704           0.00197873    0.01360084
  3705           0.00197873    0.01360027
  3706           0.00197873    0.01360088
  3707           0.00197873    0.01360032
  3708           0.00197873    0.01360093
  3709           0.00197873    0.01360036
  3710           0.00197873    0.01360098
  3711           0.00197873    0.01360041
  3712           0.00197873    0.01360102
  3713           0.00197873    0.01360046
  3714           0.00197873    0.01360107
  3715           0.00197873    0.01360050
  3716           0.00197873    0.01360111
  3717           0.00197873    0.01360055
  3718           0.00197873    0.01360116
  3719           0.00197873    0.01360060
  3720           0.00197873    0.01360120
  3721           0.00197873    0.01360064
  3722           0.00197873    0.01360125
  3723           0.00197873    0.01360069
  3724           0.00197873    0.01360130
  3725           0.00197873    0.01360073
  3726           0.00197873    0.01360134
  3727           0.00197873    0.01360078
  3728           0.00197873    0.01360139
  3729           0.00197873    0.01360083
  3730           0.00197873    0.01360143
  3731           0.00197873    0.01360087
  3732           0.00197873    0.01360148
  3733           0.00197873    0.01360092
  3734           0.00197873    0.01360152
  3735           0.00197873    0.01360096
  3736           0.00197873    0.01360157
  3737           0.00197873    0.01360101
  3738           0.00197873    0.01360162
  3739           0.00197873    0.01360106
  3740           0.00197873    0.01360166
  3741           0.00197873    0.01360110
  3742           0.00197873    0.01360171
  3743           0.00197873    0.01360115
  3744           0.00197873    0.01360175
  3745           0.00197873    0.01360119
  3746           0.00197873    0.01360180
  3747           0.00197873    0.01360124
  3748           0.00197873    0.01360184
  3749           0.00197873    0.01360128
  3750           0.00197873    0.01360189
  3751           0.00197873    0.01360133
  3752           0.00197873    0.01360193
  3753           0.00197873    0.01360138
  3754           0.00197873    0.01360198
  3755           0.00197873    0.01360142
  3756           0.00197873    0.01360203
  3757           0.00197873    0.01360147
  3758           0.00197873    0.01360207
  3759           0.00197873    0.01360151
  3760           0.00197873    0.01360212
  3761           0.00197873    0.01360156
  3762           0.00197873    0.01360216
  3763           0.00197873    0.01360160
  3764           0.00197873    0.01360221
  3765           0.00197873    0.01360165
  3766           0.00197873    0.01360225
  3767           0.00197873    0.01360170
  3768           0.00197873    0.01360230
  3769           0.00197873    0.01360174
  3770           0.00197873    0.01360234
  3771           0.00197873    0.01360179
  3772           0.00197873    0.01360239
  3773           0.00197873    0.01360183
  3774           0.00197873    0.01360243
  3775           0.00197873    0.01360188
  3776           0.00197873    0.01360248
  3777           0.00197873    0.01360192
  3778           0.00197873    0.01360252
  3779           0.00197873    0.01360197
  3780           0.00197873    0.01360257
  3781           0.00197873    0.01360201
  3782           0.00197873    0.01360261
  3783           0.00197873    0.01360206
  3784           0.00197873    0.01360266
  3785           0.00197873    0.01360210
  3786           0.00197873    0.01360270
  3787           0.00197873    0.01360215
  3788           0.00197873    0.01360275
  3789           0.00197873    0.01360220
  3790           0.00197873    0.01360279
  3791           0.00197873    0.01360224
  3792           0.00197873    0.01360284
  3793           0.00197873    0.01360229
  3794           0.00197873    0.01360288
  3795           0.00197873    0.01360233
  3796           0.00197873    0.01360293
  3797           0.00197873    0.01360238
  3798           0.00197873    0.01360297
  3799           0.00197873    0.01360242
  3800           0.00197873    0.01360302
  3801           0.00197873    0.01360247
  3802           0.00197873    0.01360306
  3803           0.00197873    0.01360251
  3804           0.00197873    0.01360311
  3805           0.00197873    0.01360256
  3806           0.00197873    0.01360315
  3807           0.00197873    0.01360260
  3808           0.00197873    0.01360320
  3809           0.00197873    0.01360265
  3810           0.00197873    0.01360324
  3811           0.00197873    0.01360269
  3812           0.00197873    0.01360329
  3813           0.00197873    0.01360274
  3814           0.00197873    0.01360333
  3815           0.00197873    0.01360278
  3816           0.00197873    0.01360338
  3817           0.00197873    0.01360283
  3818           0.00197873    0.01360342
  3819           0.00197873    0.01360287
  3820           0.00197873    0.01360347
  3821           0.00197873    0.01360292
  3822           0.00197873    0.01360351
  3823           0.00197873    0.01360296
  3824           0.00197873    0.01360356
  3825           0.00197873    0.01360301
  3826           0.00197873    0.01360360
  3827           0.00197873    0.01360305
  3828           0.00197873    0.01360365
  3829           0.00197873    0.01360310
  3830           0.00197873    0.01360369
  3831           0.00197873    0.01360314
  3832           0.00197873    0.01360374
  3833           0.00197873    0.01360319
  3834           0.00197873    0.01360378
  3835           0.00197873    0.01360323
  3836           0.00197873    0.01360382
  3837           0.00197873    0.01360328
  3838           0.00197873    0.01360387
  3839           0.00197873    0.01360332
  3840           0.00197873    0.01360391
  3841           0.00197873    0.01360337
  3842           0.00197873    0.01360396
  3843           0.00197873    0.01360341
  3844           0.00197873    0.01360400
  3845           0.00197873    0.01360346
  3846           0.00197873    0.01360405
  3847           0.00197873    0.01360350
  3848           0.00197873    0.01360409
  3849           0.00197873    0.01360355
  3850           0.00197873    0.01360414
  3851           0.00197873    0.01360359
  3852           0.00197873    0.01360418
  3853           0.00197873    0.01360363
  3854           0.00197873    0.01360422
  3855           0.00197873    0.01360368
  3856           0.00197873    0.01360427
  3857           0.00197873    0.01360372
  3858           0.00197873    0.01360431
  3859           0.00197873    0.01360377
  3860           0.00197873    0.01360436
  3861           0.00197873    0.01360381
  3862           0.00197873    0.01360440
  3863           0.00197873    0.01360386
  3864           0.00197873    0.01360445
  3865           0.00197873    0.01360390
  3866           0.00197873    0.01360449
  3867           0.00197873    0.01360395
  3868           0.00197873    0.01360453
  3869           0.00197873    0.01360399
  3870           0.00197873    0.01360458
  3871           0.00197873    0.01360404
  3872           0.00197873    0.01360462
  3873           0.00197873    0.01360408
  3874           0.00197873    0.01360467
  3875           0.00197873    0.01360412
  3876           0.00197873    0.01360471
  3877           0.00197873    0.01360417
  3878           0.00197873    0.01360475
  3879           0.00197873    0.01360421
  3880           0.00197873    0.01360480
  3881           0.00197873    0.01360426
  3882           0.00197873    0.01360484
  3883           0.00197873    0.01360430
  3884           0.00197873    0.01360489
  3885           0.00197873    0.01360435
  3886           0.00197873    0.01360493
  3887           0.00197873    0.01360439
  3888           0.00197873    0.01360497
  3889           0.00197873    0.01360443
  3890           0.00197873    0.01360502
  3891           0.00197873    0.01360448
  3892           0.00197873    0.01360506
  3893           0.00197873    0.01360452
  3894           0.00197873    0.01360511
  3895           0.00197873    0.01360457
  3896           0.00197873    0.01360515
  3897           0.00197873    0.01360461
  3898           0.00197873    0.01360519
  3899           0.00197873    0.01360465
  3900           0.00197873    0.01360524
  3901           0.00197873    0.01360470
  3902           0.00197873    0.01360528
  3903           0.00197873    0.01360474
  3904           0.00197873    0.01360533
  3905           0.00197873    0.01360479
  3906           0.00197873    0.01360537
  3907           0.00197873    0.01360483
  3908           0.00197873    0.01360541
  3909           0.00197873    0.01360488
  3910           0.00197873    0.01360546
  3911           0.00197873    0.01360492
  3912           0.00197873    0.01360550
  3913           0.00197873    0.01360496
  3914           0.00197873    0.01360554
  3915           0.00197873    0.01360501
  3916           0.00197873    0.01360559
  3917           0.00197873    0.01360505
  3918           0.00197873    0.01360563
  3919           0.00197873    0.01360509
  3920           0.00197873    0.01360567
  3921           0.00197873    0.01360514
  3922           0.00197873    0.01360572
  3923           0.00197873    0.01360518
  3924           0.00197873    0.01360576
  3925           0.00197873    0.01360523
  3926           0.00197873    0.01360581
  3927           0.00197873    0.01360527
  3928           0.00197872    0.01360585
  3929           0.00197872    0.01360531
  3930           0.00197872    0.01360589
  3931           0.00197872    0.01360536
  3932           0.00197872    0.01360594
  3933           0.00197872    0.01360540
  3934           0.00197872    0.01360598
  3935           0.00197872    0.01360545
  3936           0.00197872    0.01360602
  3937           0.00197872    0.01360549
  3938           0.00197872    0.01360607
  3939           0.00197872    0.01360553
  3940           0.00197872    0.01360611
  3941           0.00197872    0.01360558
  3942           0.00197872    0.01360615
  3943           0.00197872    0.01360562
  3944           0.00197872    0.01360620
  3945           0.00197872    0.01360566
  3946           0.00197872    0.01360624
  3947           0.00197872    0.01360571
  3948           0.00197872    0.01360628
  3949           0.00197872    0.01360575
  3950           0.00197872    0.01360633
  3951           0.00197872    0.01360579
  3952           0.00197872    0.01360637
  3953           0.00197872    0.01360584
  3954           0.00197872    0.01360641
  3955           0.00197872    0.01360588
  3956           0.00197872    0.01360646
  3957           0.00197872    0.01360592
  3958           0.00197872    0.01360650
  3959           0.00197872    0.01360597
  3960           0.00197872    0.01360654
  3961           0.00197872    0.01360601
  3962           0.00197872    0.01360659
  3963           0.00197872    0.01360606
  3964           0.00197872    0.01360663
  3965           0.00197872    0.01360610
  3966           0.00197872    0.01360667
  3967           0.00197872    0.01360614
  3968           0.00197872    0.01360672
  3969           0.00197872    0.01360619
  3970           0.00197872    0.01360676
  3971           0.00197872    0.01360623
  3972           0.00197872    0.01360680
  3973           0.00197872    0.01360627
  3974           0.00197872    0.01360684
  3975           0.00197872    0.01360632
  3976           0.00197872    0.01360689
  3977           0.00197872    0.01360636
  3978           0.00197872    0.01360693
  3979           0.00197872    0.01360640
  3980           0.00197872    0.01360697
  3981           0.00197872    0.01360644
  3982           0.00197872    0.01360702
  3983           0.00197872    0.01360649
  3984           0.00197872    0.01360706
  3985           0.00197872    0.01360653
  3986           0.00197872    0.01360710
  3987           0.00197872    0.01360657
  3988           0.00197872    0.01360714
  3989           0.00197872    0.01360662
  3990           0.00197872    0.01360719
  3991           0.00197872    0.01360666
  3992           0.00197872    0.01360723
  3993           0.00197872    0.01360670
  3994           0.00197872    0.01360727
  3995           0.00197872    0.01360675
  3996           0.00197872    0.01360732
  3997           0.00197872    0.01360679
  3998           0.00197872    0.01360736
  3999           0.00197872    0.01360683
  4000           0.00197872    0.01360740
  4001           0.00197872    0.01360688
  4002           0.00197872    0.01360744
  4003           0.00197872    0.01360692
  4004           0.00197872    0.01360749
  4005           0.00197872    0.01360696
  4006           0.00197872    0.01360753
  4007           0.00197872    0.01360701
  4008           0.00197872    0.01360757
  4009           0.00197872    0.01360705
  4010           0.00197872    0.01360762
  4011           0.00197872    0.01360709
  4012           0.00197872    0.01360766
  4013           0.00197872    0.01360713
  4014           0.00197872    0.01360770
  4015           0.00197872    0.01360718
  4016           0.00197872    0.01360774
  4017           0.00197872    0.01360722
  4018           0.00197872    0.01360779
  4019           0.00197872    0.01360726
  4020           0.00197872    0.01360783
  4021           0.00197872    0.01360731
  4022           0.00197872    0.01360787
  4023           0.00197872    0.01360735
  4024           0.00197872    0.01360791
  4025           0.00197872    0.01360739
  4026           0.00197872    0.01360796
  4027           0.00197872    0.01360743
  4028           0.00197872    0.01360800
  4029           0.00197872    0.01360748
  4030           0.00197872    0.01360804
  4031           0.00197872    0.01360752
  4032           0.00197872    0.01360808
  4033           0.00197872    0.01360756
  4034           0.00197872    0.01360813
  4035           0.00197872    0.01360760
  4036           0.00197872    0.01360817
  4037           0.00197872    0.01360765
  4038           0.00197872    0.01360821
  4039           0.00197872    0.01360769
  4040           0.00197872    0.01360825
  4041           0.00197872    0.01360773
  4042           0.00197872    0.01360830
  4043           0.00197872    0.01360777
  4044           0.00197872    0.01360834
  4045           0.00197872    0.01360782
  4046           0.00197872    0.01360838
  4047           0.00197872    0.01360786
  4048           0.00197872    0.01360842
  4049           0.00197872    0.01360790
  4050           0.00197872    0.01360846
  4051           0.00197872    0.01360794
  4052           0.00197872    0.01360851
  4053           0.00197872    0.01360799
  4054           0.00197872    0.01360855
  4055           0.00197872    0.01360803
  4056           0.00197872    0.01360859
  4057           0.00197872    0.01360807
  4058           0.00197872    0.01360863
  4059           0.00197872    0.01360811
  4060           0.00197872    0.01360868
  4061           0.00197872    0.01360816
  4062           0.00197872    0.01360872
  4063           0.00197872    0.01360820
  4064           0.00197872    0.01360876
  4065           0.00197872    0.01360824
  4066           0.00197872    0.01360880
  4067           0.00197872    0.01360828
  4068           0.00197872    0.01360884
  4069           0.00197872    0.01360833
  4070           0.00197872    0.01360889
  4071           0.00197872    0.01360837
  4072           0.00197872    0.01360893
  4073           0.00197872    0.01360841
  4074           0.00197872    0.01360897
  4075           0.00197872    0.01360845
  4076           0.00197872    0.01360901
  4077           0.00197872    0.01360850
  4078           0.00197872    0.01360905
  4079           0.00197872    0.01360854
  4080           0.00197872    0.01360910
  4081           0.00197872    0.01360858
  4082           0.00197872    0.01360914
  4083           0.00197872    0.01360862
  4084           0.00197872    0.01360918
  4085           0.00197872    0.01360866
  4086           0.00197872    0.01360922
  4087           0.00197872    0.01360871
  4088           0.00197872    0.01360926
  4089           0.00197872    0.01360875
  4090           0.00197872    0.01360930
  4091           0.00197872    0.01360879
  4092           0.00197872    0.01360935
  4093           0.00197872    0.01360883
  4094           0.00197872    0.01360939
  4095           0.00197872    0.01360887
  4096           0.00197872    0.01360943
  4097           0.00197872    0.01360892
  4098           0.00197872    0.01360947
  4099           0.00197872    0.01360896
  4100           0.00197872    0.01360951
  4101           0.00197872    0.01360900
  4102           0.00197872    0.01360956
  4103           0.00197872    0.01360904
  4104           0.00197872    0.01360960
  4105           0.00197872    0.01360908
  4106           0.00197872    0.01360964
  4107           0.00197872    0.01360913
  4108           0.00197872    0.01360968
  4109           0.00197872    0.01360917
  4110           0.00197872    0.01360972
  4111           0.00197872    0.01360921
  4112           0.00197872    0.01360976
  4113           0.00197872    0.01360925
  4114           0.00197872    0.01360981
  4115           0.00197872    0.01360929
  4116           0.00197872    0.01360985
  4117           0.00197872    0.01360934
  4118           0.00197872    0.01360989
  4119           0.00197872    0.01360938
  4120           0.00197872    0.01360993
  4121           0.00197872    0.01360942
  4122           0.00197872    0.01360997
  4123           0.00197872    0.01360946
  4124           0.00197872    0.01361001
  4125           0.00197872    0.01360950
  4126           0.00197872    0.01361005
  4127           0.00197872    0.01360954
  4128           0.00197872    0.01361010
  4129           0.00197872    0.01360959
  4130           0.00197872    0.01361014
  4131           0.00197872    0.01360963
  4132           0.00197872    0.01361018
  4133           0.00197872    0.01360967
  4134           0.00197872    0.01361022
  4135           0.00197872    0.01360971
  4136           0.00197872    0.01361026
  4137           0.00197872    0.01360975
  4138           0.00197872    0.01361030
  4139           0.00197872    0.01360979
  4140           0.00197872    0.01361034
  4141           0.00197872    0.01360984
  4142           0.00197872    0.01361039
  4143           0.00197872    0.01360988
  4144           0.00197872    0.01361043
  4145           0.00197872    0.01360992
  4146           0.00197872    0.01361047
  4147           0.00197872    0.01360996
  4148           0.00197872    0.01361051
  4149           0.00197872    0.01361000
  4150           0.00197872    0.01361055
  4151           0.00197872    0.01361004
  4152           0.00197872    0.01361059
  4153           0.00197872    0.01361009
  4154           0.00197872    0.01361063
  4155           0.00197872    0.01361013
  4156           0.00197872    0.01361067
  4157           0.00197872    0.01361017
  4158           0.00197872    0.01361072
  4159           0.00197872    0.01361021
  4160           0.00197872    0.01361076
  4161           0.00197872    0.01361025
  4162           0.00197872    0.01361080
  4163           0.00197872    0.01361029
  4164           0.00197872    0.01361084
  4165           0.00197872    0.01361033
  4166           0.00197872    0.01361088
  4167           0.00197872    0.01361037
  4168           0.00197872    0.01361092
  4169           0.00197872    0.01361042
  4170           0.00197872    0.01361096
  4171           0.00197872    0.01361046
  4172           0.00197872    0.01361100
  4173           0.00197872    0.01361050
  4174           0.00197872    0.01361104
  4175           0.00197872    0.01361054
  4176           0.00197872    0.01361108
  4177           0.00197872    0.01361058
  4178           0.00197872    0.01361113
  4179           0.00197872    0.01361062
  4180           0.00197872    0.01361117
  4181           0.00197872    0.01361066
  4182           0.00197872    0.01361121
  4183           0.00197872    0.01361070
  4184           0.00197872    0.01361125
  4185           0.00197872    0.01361075
  4186           0.00197872    0.01361129
  4187           0.00197872    0.01361079
  4188           0.00197872    0.01361133
  4189           0.00197872    0.01361083
  4190           0.00197872    0.01361137
  4191           0.00197872    0.01361087
  4192           0.00197872    0.01361141
  4193           0.00197872    0.01361091
  4194           0.00197872    0.01361145
  4195           0.00197872    0.01361095
  4196           0.00197872    0.01361149
  4197           0.00197872    0.01361099
  4198           0.00197872    0.01361153
  4199           0.00197872    0.01361103
  4200           0.00197872    0.01361157
  4201           0.00197872    0.01361107
  4202           0.00197872    0.01361162
  4203           0.00197872    0.01361111
  4204           0.00197872    0.01361166
  4205           0.00197872    0.01361116
  4206           0.00197872    0.01361170
  4207           0.00197872    0.01361120
  4208           0.00197872    0.01361174
  4209           0.00197872    0.01361124
  4210           0.00197872    0.01361178
  4211           0.00197872    0.01361128
  4212           0.00197872    0.01361182
  4213           0.00197872    0.01361132
  4214           0.00197872    0.01361186
  4215           0.00197872    0.01361136
  4216           0.00197872    0.01361190
  4217           0.00197872    0.01361140
  4218           0.00197872    0.01361194
  4219           0.00197872    0.01361144
  4220           0.00197872    0.01361198
  4221           0.00197872    0.01361148
  4222           0.00197872    0.01361202
  4223           0.00197872    0.01361152
  4224           0.00197872    0.01361206
  4225           0.00197872    0.01361156
  4226           0.00197872    0.01361210
  4227           0.00197872    0.01361160
  4228           0.00197872    0.01361214
  4229           0.00197872    0.01361165
  4230           0.00197872    0.01361218
  4231           0.00197872    0.01361169
  4232           0.00197872    0.01361222
  4233           0.00197872    0.01361173
  4234           0.00197872    0.01361226
  4235           0.00197872    0.01361177
  4236           0.00197872    0.01361230
  4237           0.00197872    0.01361181
  4238           0.00197872    0.01361234
  4239           0.00197872    0.01361185
  4240           0.00197872    0.01361239
  4241           0.00197872    0.01361189
  4242           0.00197872    0.01361243
  4243           0.00197872    0.01361193
  4244           0.00197872    0.01361247
  4245           0.00197872    0.01361197
  4246           0.00197872    0.01361251
  4247           0.00197872    0.01361201
  4248           0.00197872    0.01361255
  4249           0.00197872    0.01361205
  4250           0.00197872    0.01361259
  4251           0.00197872    0.01361209
  4252           0.00197872    0.01361263
  4253           0.00197872    0.01361213
  4254           0.00197872    0.01361267
  4255           0.00197872    0.01361217
  4256           0.00197872    0.01361271
  4257           0.00197872    0.01361221
  4258           0.00197872    0.01361275
  4259           0.00197872    0.01361225
  4260           0.00197872    0.01361279
  4261           0.00197872    0.01361229
  4262           0.00197872    0.01361283
  4263           0.00197872    0.01361233
  4264           0.00197872    0.01361287
  4265           0.00197872    0.01361237
  4266           0.00197872    0.01361291
  4267           0.00197872    0.01361241
  4268           0.00197872    0.01361295
  4269           0.00197872    0.01361246
  4270           0.00197872    0.01361299
  4271           0.00197872    0.01361250
  4272           0.00197872    0.01361303
  4273           0.00197872    0.01361254
  4274           0.00197872    0.01361307
  4275           0.00197872    0.01361258
  4276           0.00197872    0.01361311
  4277           0.00197872    0.01361262
  4278           0.00197872    0.01361315
  4279           0.00197872    0.01361266
  4280           0.00197872    0.01361319
  4281           0.00197872    0.01361270
  4282           0.00197872    0.01361323
  4283           0.00197872    0.01361274
  4284           0.00197872    0.01361327
  4285           0.00197872    0.01361278
  4286           0.00197872    0.01361331
  4287           0.00197872    0.01361282
  4288           0.00197872    0.01361335
  4289           0.00197872    0.01361286
  4290           0.00197872    0.01361339
  4291           0.00197872    0.01361290
  4292           0.00197872    0.01361343
  4293           0.00197872    0.01361294
  4294           0.00197872    0.01361347
  4295           0.00197872    0.01361298
  4296           0.00197872    0.01361351
  4297           0.00197872    0.01361302
  4298           0.00197872    0.01361355
  4299           0.00197872    0.01361306
  4300           0.00197872    0.01361359
  4301           0.00197872    0.01361310
  4302           0.00197872    0.01361363
  4303           0.00197872    0.01361314
  4304           0.00197872    0.01361367
  4305           0.00197872    0.01361318
  4306           0.00197872    0.01361371
  4307           0.00197872    0.01361322
  4308           0.00197872    0.01361374
  4309           0.00197872    0.01361326
  4310           0.00197872    0.01361378
  4311           0.00197872    0.01361330
  4312           0.00197872    0.01361382
  4313           0.00197872    0.01361334
  4314           0.00197872    0.01361386
  4315           0.00197872    0.01361338
  4316           0.00197872    0.01361390
  4317           0.00197872    0.01361342
  4318           0.00197872    0.01361394
  4319           0.00197872    0.01361346
  4320           0.00197872    0.01361398
  4321           0.00197872    0.01361350
  4322           0.00197872    0.01361402
  4323           0.00197872    0.01361354
  4324           0.00197872    0.01361406
  4325           0.00197872    0.01361358
  4326           0.00197872    0.01361410
  4327           0.00197872    0.01361362
  4328           0.00197872    0.01361414
  4329           0.00197872    0.01361366
  4330           0.00197872    0.01361418
  4331           0.00197872    0.01361369
  4332           0.00197872    0.01361422
  4333           0.00197872    0.01361373
  4334           0.00197872    0.01361426
  4335           0.00197872    0.01361377
  4336           0.00197872    0.01361430
  4337           0.00197872    0.01361381
  4338           0.00197872    0.01361434
  4339           0.00197872    0.01361385
  4340           0.00197872    0.01361438
  4341           0.00197872    0.01361389
  4342           0.00197872    0.01361442
  4343           0.00197872    0.01361393
  4344           0.00197872    0.01361446
  4345           0.00197872    0.01361397
  4346           0.00197872    0.01361450
  4347           0.00197872    0.01361401
  4348           0.00197872    0.01361453
  4349           0.00197872    0.01361405
  4350           0.00197872    0.01361457
  4351           0.00197872    0.01361409
  4352           0.00197872    0.01361461
  4353           0.00197872    0.01361413
  4354           0.00197872    0.01361465
  4355           0.00197872    0.01361417
  4356           0.00197872    0.01361469
  4357           0.00197872    0.01361421
  4358           0.00197872    0.01361473
  4359           0.00197872    0.01361425
  4360           0.00197872    0.01361477
  4361           0.00197872    0.01361429
  4362           0.00197872    0.01361481
  4363           0.00197872    0.01361433
  4364           0.00197872    0.01361485
  4365           0.00197872    0.01361437
  4366           0.00197872    0.01361489
  4367           0.00197872    0.01361441
  4368           0.00197872    0.01361493
  4369           0.00197872    0.01361445
  4370           0.00197872    0.01361497
  4371           0.00197872    0.01361448
  4372           0.00197872    0.01361500
  4373           0.00197872    0.01361452
  4374           0.00197872    0.01361504
  4375           0.00197872    0.01361456
  4376           0.00197872    0.01361508
  4377           0.00197872    0.01361460
  4378           0.00197872    0.01361512
  4379           0.00197872    0.01361464
  4380           0.00197872    0.01361516
  4381           0.00197872    0.01361468
  4382           0.00197872    0.01361520
  4383           0.00197872    0.01361472
  4384           0.00197872    0.01361524
  4385           0.00197872    0.01361476
  4386           0.00197872    0.01361528
  4387           0.00197872    0.01361480
  4388           0.00197872    0.01361532
  4389           0.00197872    0.01361484
  4390           0.00197872    0.01361536
  4391           0.00197872    0.01361488
  4392           0.00197872    0.01361539
  4393           0.00197872    0.01361492
  4394           0.00197872    0.01361543
  4395           0.00197872    0.01361496
  4396           0.00197872    0.01361547
  4397           0.00197872    0.01361499
  4398           0.00197872    0.01361551
  4399           0.00197872    0.01361503
  4400           0.00197872    0.01361555
  4401           0.00197872    0.01361507
  4402           0.00197872    0.01361559
  4403           0.00197872    0.01361511
  4404           0.00197872    0.01361563
  4405           0.00197872    0.01361515
  4406           0.00197872    0.01361567
  4407           0.00197872    0.01361519
  4408           0.00197872    0.01361570
  4409           0.00197872    0.01361523
  4410           0.00197872    0.01361574
  4411           0.00197872    0.01361527
  4412           0.00197872    0.01361578
  4413           0.00197872    0.01361531
  4414           0.00197872    0.01361582
  4415           0.00197872    0.01361534
  4416           0.00197872    0.01361586
  4417           0.00197872    0.01361538
  4418           0.00197872    0.01361590
  4419           0.00197872    0.01361542
  4420           0.00197872    0.01361594
  4421           0.00197872    0.01361546
  4422           0.00197872    0.01361597
  4423           0.00197872    0.01361550
  4424           0.00197872    0.01361601
  4425           0.00197872    0.01361554
  4426           0.00197872    0.01361605
  4427           0.00197872    0.01361558
  4428           0.00197872    0.01361609
  4429           0.00197872    0.01361562
  4430           0.00197872    0.01361613
  4431           0.00197872    0.01361566
  4432           0.00197872    0.01361617
  4433           0.00197872    0.01361569
  4434           0.00197872    0.01361621
  4435           0.00197872    0.01361573
  4436           0.00197872    0.01361624
  4437           0.00197872    0.01361577
  4438           0.00197872    0.01361628
  4439           0.00197872    0.01361581
  4440           0.00197872    0.01361632
  4441           0.00197872    0.01361585
  4442           0.00197872    0.01361636
  4443           0.00197872    0.01361589
  4444           0.00197872    0.01361640
  4445           0.00197872    0.01361593
  4446           0.00197872    0.01361644
  4447           0.00197872    0.01361596
  4448           0.00197872    0.01361647
  4449           0.00197872    0.01361600
  4450           0.00197872    0.01361651
  4451           0.00197872    0.01361604
  4452           0.00197872    0.01361655
  4453           0.00197872    0.01361608
  4454           0.00197872    0.01361659
  4455           0.00197872    0.01361612
  4456           0.00197872    0.01361663
  4457           0.00197872    0.01361616
  4458           0.00197872    0.01361667
  4459           0.00197872    0.01361620
  4460           0.00197872    0.01361670
  4461           0.00197872    0.01361623
  4462           0.00197872    0.01361674
  4463           0.00197872    0.01361627
  4464           0.00197872    0.01361678
  4465           0.00197872    0.01361631
  4466           0.00197872    0.01361682
  4467           0.00197872    0.01361635
  4468           0.00197872    0.01361686
  4469           0.00197872    0.01361639
  4470           0.00197872    0.01361690
  4471           0.00197872    0.01361643
  4472           0.00197872    0.01361693
  4473           0.00197872    0.01361646
  4474           0.00197872    0.01361697
  4475           0.00197872    0.01361650
  4476           0.00197872    0.01361701
  4477           0.00197872    0.01361654
  4478           0.00197872    0.01361705
  4479           0.00197872    0.01361658
  4480           0.00197872    0.01361709
  4481           0.00197872    0.01361662
  4482           0.00197872    0.01361712
  4483           0.00197872    0.01361666
  4484           0.00197872    0.01361716
  4485           0.00197872    0.01361669
  4486           0.00197872    0.01361720
  4487           0.00197872    0.01361673
  4488           0.00197872    0.01361724
  4489           0.00197872    0.01361677
  4490           0.00197872    0.01361728
  4491           0.00197872    0.01361681
  4492           0.00197872    0.01361731
  4493           0.00197872    0.01361685
  4494           0.00197872    0.01361735
  4495           0.00197872    0.01361689
  4496           0.00197872    0.01361739
  4497           0.00197872    0.01361692
  4498           0.00197872    0.01361743
  4499           0.00197872    0.01361696
  4500           0.00197872    0.01361747
  4501           0.00197872    0.01361700
  4502           0.00197872    0.01361750
  4503           0.00197872    0.01361704
  4504           0.00197872    0.01361754
  4505           0.00197872    0.01361708
  4506           0.00197872    0.01361758
  4507           0.00197872    0.01361711
  4508           0.00197872    0.01361762
  4509           0.00197872    0.01361715
  4510           0.00197872    0.01361765
  4511           0.00197872    0.01361719
  4512           0.00197872    0.01361769
  4513           0.00197872    0.01361723
  4514           0.00197872    0.01361773
  4515           0.00197872    0.01361727
  4516           0.00197872    0.01361777
  4517           0.00197872    0.01361730
  4518           0.00197872    0.01361781
  4519           0.00197872    0.01361734
  4520           0.00197872    0.01361784
  4521           0.00197872    0.01361738
  4522           0.00197872    0.01361788
  4523           0.00197872    0.01361742
  4524           0.00197872    0.01361792
  4525           0.00197872    0.01361746
  4526           0.00197872    0.01361796
  4527           0.00197872    0.01361749
  4528           0.00197872    0.01361799
  4529           0.00197872    0.01361753
  4530           0.00197872    0.01361803
  4531           0.00197872    0.01361757
  4532           0.00197872    0.01361807
  4533           0.00197872    0.01361761
  4534           0.00197872    0.01361811
  4535           0.00197872    0.01361764
  4536           0.00197872    0.01361814
  4537           0.00197872    0.01361768
  4538           0.00197872    0.01361818
  4539           0.00197872    0.01361772
  4540           0.00197872    0.01361822
  4541           0.00197872    0.01361776
  4542           0.00197872    0.01361826
  4543           0.00197872    0.01361780
  4544           0.00197872    0.01361829
  4545           0.00197872    0.01361783
  4546           0.00197872    0.01361833
  4547           0.00197872    0.01361787
  4548           0.00197872    0.01361837
  4549           0.00197872    0.01361791
  4550           0.00197872    0.01361841
  4551           0.00197872    0.01361795
  4552           0.00197872    0.01361844
  4553           0.00197872    0.01361798
  4554           0.00197872    0.01361848
  4555           0.00197872    0.01361802
  4556           0.00197872    0.01361852
  4557           0.00197872    0.01361806
  4558           0.00197872    0.01361856
  4559           0.00197872    0.01361810
  4560           0.00197872    0.01361859
  4561           0.00197872    0.01361813
  4562           0.00197872    0.01361863
  4563           0.00197872    0.01361817
  4564           0.00197872    0.01361867
  4565           0.00197872    0.01361821
  4566           0.00197872    0.01361871
  4567           0.00197872    0.01361825
  4568           0.00197872    0.01361874
  4569           0.00197872    0.01361828
  4570           0.00197872    0.01361878
  4571           0.00197872    0.01361832
  4572           0.00197872    0.01361882
  4573           0.00197872    0.01361836
  4574           0.00197872    0.01361885
  4575           0.00197872    0.01361840
  4576           0.00197872    0.01361889
  4577           0.00197872    0.01361843
  4578           0.00197872    0.01361893
  4579           0.00197872    0.01361847
  4580           0.00197872    0.01361897
  4581           0.00197872    0.01361851
  4582           0.00197872    0.01361900
  4583           0.00197872    0.01361855
  4584           0.00197872    0.01361904
  4585           0.00197872    0.01361858
  4586           0.00197872    0.01361908
  4587           0.00197872    0.01361862
  4588           0.00197872    0.01361911
  4589           0.00197872    0.01361866
  4590           0.00197872    0.01361915
  4591           0.00197872    0.01361870
  4592           0.00197872    0.01361919
  4593           0.00197872    0.01361873
  4594           0.00197872    0.01361923
  4595           0.00197872    0.01361877
  4596           0.00197872    0.01361926
  4597           0.00197872    0.01361881
  4598           0.00197872    0.01361930
  4599           0.00197872    0.01361884
  4600           0.00197872    0.01361934
  4601           0.00197872    0.01361888
  4602           0.00197872    0.01361937
  4603           0.00197872    0.01361892
  4604           0.00197872    0.01361941
  4605           0.00197872    0.01361896
  4606           0.00197872    0.01361945
  4607           0.00197872    0.01361899
  4608           0.00197872    0.01361948
  4609           0.00197872    0.01361903
  4610           0.00197872    0.01361952
  4611           0.00197872    0.01361907
  4612           0.00197872    0.01361956
  4613           0.00197872    0.01361910
  4614           0.00197872    0.01361960
  4615           0.00197872    0.01361914
  4616           0.00197872    0.01361963
  4617           0.00197872    0.01361918
  4618           0.00197872    0.01361967
  4619           0.00197872    0.01361922
  4620           0.00197872    0.01361971
  4621           0.00197872    0.01361925
  4622           0.00197872    0.01361974
  4623           0.00197872    0.01361929
  4624           0.00197872    0.01361978
  4625           0.00197872    0.01361933
  4626           0.00197872    0.01361982
  4627           0.00197872    0.01361936
  4628           0.00197872    0.01361985
  4629           0.00197872    0.01361940
  4630           0.00197872    0.01361989
  4631           0.00197872    0.01361944
  4632           0.00197872    0.01361993
  4633           0.00197872    0.01361947
  4634           0.00197872    0.01361996
  4635           0.00197872    0.01361951
  4636           0.00197872    0.01362000
  4637           0.00197872    0.01361955
  4638           0.00197872    0.01362004
  4639           0.00197872    0.01361959
  4640           0.00197872    0.01362007
  4641           0.00197872    0.01361962
  4642           0.00197872    0.01362011
  4643           0.00197872    0.01361966
  4644           0.00197872    0.01362015
  4645           0.00197872    0.01361970
  4646           0.00197872    0.01362018
  4647           0.00197872    0.01361973
  4648           0.00197872    0.01362022
  4649           0.00197872    0.01361977
  4650           0.00197872    0.01362026
  4651           0.00197872    0.01361981
  4652           0.00197872    0.01362029
  4653           0.00197872    0.01361984
  4654           0.00197872    0.01362033
  4655           0.00197872    0.01361988
  4656           0.00197872    0.01362037
  4657           0.00197872    0.01361992
  4658           0.00197872    0.01362040
  4659           0.00197872    0.01361995
  4660           0.00197872    0.01362044
  4661           0.00197872    0.01361999
  4662           0.00197872    0.01362047
  4663           0.00197872    0.01362003
  4664           0.00197872    0.01362051
  4665           0.00197872    0.01362006
  4666           0.00197872    0.01362055
  4667           0.00197872    0.01362010
  4668           0.00197872    0.01362058
  4669           0.00197872    0.01362014
  4670           0.00197872    0.01362062
  4671           0.00197872    0.01362017
  4672           0.00197872    0.01362066
  4673           0.00197872    0.01362021
  4674           0.00197872    0.01362069
  4675           0.00197872    0.01362025
  4676           0.00197872    0.01362073
  4677           0.00197872    0.01362028
  4678           0.00197872    0.01362077
  4679           0.00197872    0.01362032
  4680           0.00197872    0.01362080
  4681           0.00197872    0.01362036
  4682           0.00197872    0.01362084
  4683           0.00197872    0.01362039
  4684           0.00197872    0.01362087
  4685           0.00197872    0.01362043
  4686           0.00197872    0.01362091
  4687           0.00197872    0.01362046
  4688           0.00197872    0.01362095
  4689           0.00197872    0.01362050
  4690           0.00197872    0.01362098
  4691           0.00197872    0.01362054
  4692           0.00197872    0.01362102
  4693           0.00197872    0.01362057
  4694           0.00197872    0.01362106
  4695           0.00197872    0.01362061
  4696           0.00197872    0.01362109
  4697           0.00197872    0.01362065
  4698           0.00197872    0.01362113
  4699           0.00197872    0.01362068
  4700           0.00197872    0.01362116
  4701           0.00197872    0.01362072
  4702           0.00197872    0.01362120
  4703           0.00197872    0.01362076
  4704           0.00197872    0.01362124
  4705           0.00197872    0.01362079
  4706           0.00197872    0.01362127
  4707           0.00197872    0.01362083
  4708           0.00197872    0.01362131
  4709           0.00197872    0.01362086
  4710           0.00197872    0.01362134
  4711           0.00197872    0.01362090
  4712           0.00197872    0.01362138
  4713           0.00197872    0.01362094
  4714           0.00197872    0.01362142
  4715           0.00197872    0.01362097
  4716           0.00197872    0.01362145
  4717           0.00197872    0.01362101
  4718           0.00197872    0.01362149
  4719           0.00197872    0.01362105
  4720           0.00197872    0.01362152
  4721           0.00197872    0.01362108
  4722           0.00197872    0.01362156
  4723           0.00197872    0.01362112
  4724           0.00197872    0.01362160
  4725           0.00197872    0.01362115
  4726           0.00197872    0.01362163
  4727           0.00197872    0.01362119
  4728           0.00197872    0.01362167
  4729           0.00197872    0.01362123
  4730           0.00197872    0.01362170
  4731           0.00197872    0.01362126
  4732           0.00197872    0.01362174
  4733           0.00197872    0.01362130
  4734           0.00197872    0.01362177
  4735           0.00197872    0.01362133
  4736           0.00197872    0.01362181
  4737           0.00197872    0.01362137
  4738           0.00197872    0.01362185
  4739           0.00197872    0.01362141
  4740           0.00197872    0.01362188
  4741           0.00197872    0.01362144
  4742           0.00197872    0.01362192
  4743           0.00197872    0.01362148
  4744           0.00197872    0.01362195
  4745           0.00197872    0.01362151
  4746           0.00197872    0.01362199
  4747           0.00197872    0.01362155
  4748           0.00197872    0.01362202
  4749           0.00197872    0.01362159
  4750           0.00197872    0.01362206
  4751           0.00197872    0.01362162
  4752           0.00197872    0.01362210
  4753           0.00197872    0.01362166
  4754           0.00197872    0.01362213
  4755           0.00197872    0.01362169
  4756           0.00197872    0.01362217
  4757           0.00197872    0.01362173
  4758           0.00197872    0.01362220
  4759           0.00197872    0.01362177
  4760           0.00197872    0.01362224
  4761           0.00197872    0.01362180
  4762           0.00197872    0.01362227
  4763           0.00197872    0.01362184
  4764           0.00197872    0.01362231
  4765           0.00197872    0.01362187
  4766           0.00197872    0.01362235
  4767           0.00197872    0.01362191
  4768           0.00197872    0.01362238
  4769           0.00197872    0.01362194
  4770           0.00197872    0.01362242
  4771           0.00197872    0.01362198
  4772           0.00197872    0.01362245
  4773           0.00197872    0.01362202
  4774           0.00197872    0.01362249
  4775           0.00197872    0.01362205
  4776           0.00197872    0.01362252
  4777           0.00197872    0.01362209
  4778           0.00197872    0.01362256
  4779           0.00197872    0.01362212
  4780           0.00197872    0.01362259
  4781           0.00197872    0.01362216
  4782           0.00197872    0.01362263
  4783           0.00197872    0.01362219
  4784           0.00197872    0.01362266
  4785           0.00197872    0.01362223
  4786           0.00197872    0.01362270
  4787           0.00197872    0.01362226
  4788           0.00197872    0.01362274
  4789           0.00197872    0.01362230
  4790           0.00197872    0.01362277
  4791           0.00197872    0.01362234
  4792           0.00197872    0.01362281
  4793           0.00197872    0.01362237
  4794           0.00197872    0.01362284
  4795           0.00197872    0.01362241
  4796           0.00197872    0.01362288
  4797           0.00197872    0.01362244
  4798           0.00197872    0.01362291
  4799           0.00197872    0.01362248
  4800           0.00197872    0.01362295
  4801           0.00197872    0.01362251
  4802           0.00197872    0.01362298
  4803           0.00197872    0.01362255
  4804           0.00197872    0.01362302
  4805           0.00197872    0.01362258
  4806           0.00197872    0.01362305
  4807           0.00197872    0.01362262
  4808           0.00197872    0.01362309
  4809           0.00197872    0.01362266
  4810           0.00197872    0.01362312
  4811           0.00197872    0.01362269
  4812           0.00197872    0.01362316
  4813           0.00197872    0.01362273
  4814           0.00197872    0.01362319
  4815           0.00197872    0.01362276
  4816           0.00197872    0.01362323
  4817           0.00197872    0.01362280
  4818           0.00197872    0.01362326
  4819           0.00197872    0.01362283
  4820           0.00197872    0.01362330
  4821           0.00197872    0.01362287
  4822           0.00197872    0.01362333
  4823           0.00197872    0.01362290
  4824           0.00197872    0.01362337
  4825           0.00197872    0.01362294
  4826           0.00197872    0.01362340
  4827           0.00197872    0.01362297
  4828           0.00197872    0.01362344
  4829           0.00197872    0.01362301
  4830           0.00197872    0.01362347
  4831           0.00197872    0.01362304
  4832           0.00197872    0.01362351
  4833           0.00197872    0.01362308
  4834           0.00197872    0.01362354
  4835           0.00197872    0.01362311
  4836           0.00197872    0.01362358
  4837           0.00197872    0.01362315
  4838           0.00197872    0.01362361
  4839           0.00197872    0.01362318
  4840           0.00197872    0.01362365
  4841           0.00197872    0.01362322
  4842           0.00197872    0.01362368
  4843           0.00197872    0.01362325
  4844           0.00197872    0.01362372
  4845           0.00197872    0.01362329
  4846           0.00197872    0.01362375
  4847           0.00197872    0.01362332
  4848           0.00197872    0.01362379
  4849           0.00197872    0.01362336
  4850           0.00197872    0.01362382
  4851           0.00197872    0.01362339
  4852           0.00197872    0.01362386
  4853           0.00197872    0.01362343
  4854           0.00197872    0.01362389
  4855           0.00197872    0.01362346
  4856           0.00197872    0.01362393
  4857           0.00197872    0.01362350
  4858           0.00197872    0.01362396
  4859           0.00197872    0.01362353
  4860           0.00197872    0.01362400
  4861           0.00197872    0.01362357
  4862           0.00197872    0.01362403
  4863           0.00197872    0.01362360
  4864           0.00197872    0.01362407
  4865           0.00197872    0.01362364
  4866           0.00197872    0.01362410
  4867           0.00197872    0.01362367
  4868           0.00197872    0.01362414
  4869           0.00197872    0.01362371
  4870           0.00197872    0.01362417
  4871           0.00197872    0.01362374
  4872           0.00197872    0.01362421
  4873           0.00197872    0.01362378
  4874           0.00197872    0.01362424
  4875           0.00197872    0.01362381
  4876           0.00197872    0.01362427
  4877           0.00197872    0.01362385
  4878           0.00197872    0.01362431
  4879           0.00197872    0.01362388
  4880           0.00197872    0.01362434
  4881           0.00197872    0.01362392
  4882           0.00197872    0.01362438
  4883           0.00197872    0.01362395
  4884           0.00197872    0.01362441
  4885           0.00197872    0.01362399
  4886           0.00197872    0.01362445
  4887           0.00197872    0.01362402
  4888           0.00197872    0.01362448
  4889           0.00197872    0.01362406
  4890           0.00197872    0.01362452
  4891           0.00197872    0.01362409
  4892           0.00197872    0.01362455
  4893           0.00197872    0.01362413
  4894           0.00197872    0.01362459
  4895           0.00197872    0.01362416
  4896           0.00197872    0.01362462
  4897           0.00197872    0.01362420
  4898           0.00197872    0.01362465
  4899           0.00197872    0.01362423
  4900           0.00197872    0.01362469
  4901           0.00197872    0.01362427
  4902           0.00197872    0.01362472
  4903           0.00197872    0.01362430
  4904           0.00197872    0.01362476
  4905           0.00197872    0.01362433
  4906           0.00197872    0.01362479
  4907           0.00197872    0.01362437
  4908           0.00197872    0.01362483
  4909           0.00197872    0.01362440
  4910           0.00197872    0.01362486
  4911           0.00197872    0.01362444
  4912           0.00197872    0.01362490
  4913           0.00197872    0.01362447
  4914           0.00197872    0.01362493
  4915           0.00197872    0.01362451
  4916           0.00197872    0.01362496
  4917           0.00197872    0.01362454
  4918           0.00197872    0.01362500
  4919           0.00197872    0.01362458
  4920           0.00197872    0.01362503
  4921           0.00197872    0.01362461
  4922           0.00197872    0.01362507
  4923           0.00197872    0.01362465
  4924           0.00197872    0.01362510
  4925           0.00197872    0.01362468
  4926           0.00197872    0.01362514
  4927           0.00197872    0.01362471
  4928           0.00197872    0.01362517
  4929           0.00197872    0.01362475
  4930           0.00197872    0.01362520
  4931           0.00197872    0.01362478
  4932           0.00197872    0.01362524
  4933           0.00197872    0.01362482
  4934           0.00197872    0.01362527
  4935           0.00197872    0.01362485
  4936           0.00197872    0.01362531
  4937           0.00197872    0.01362489
  4938           0.00197872    0.01362534
  4939           0.00197872    0.01362492
  4940           0.00197872    0.01362537
  4941           0.00197872    0.01362495
  4942           0.00197872    0.01362541
  4943           0.00197872    0.01362499
  4944           0.00197872    0.01362544
  4945           0.00197872    0.01362502
  4946           0.00197872    0.01362548
  4947           0.00197872    0.01362506
  4948           0.00197872    0.01362551
  4949           0.00197872    0.01362509
  4950           0.00197872    0.01362554
  4951           0.00197872    0.01362513
  4952           0.00197872    0.01362558
  4953           0.00197872    0.01362516
  4954           0.00197872    0.01362561
  4955           0.00197872    0.01362519
  4956           0.00197872    0.01362565
  4957           0.00197872    0.01362523
  4958           0.00197872    0.01362568
  4959           0.00197872    0.01362526
  4960           0.00197872    0.01362571
  4961           0.00197872    0.01362530
  4962           0.00197872    0.01362575
  4963           0.00197872    0.01362533
  4964           0.00197872    0.01362578
  4965           0.00197872    0.01362537
  4966           0.00197872    0.01362582
  4967           0.00197872    0.01362540
  4968           0.00197872    0.01362585
  4969           0.00197872    0.01362543
  4970           0.00197872    0.01362588
  4971           0.00197872    0.01362547
  4972           0.00197872    0.01362592
  4973           0.00197872    0.01362550
  4974           0.00197872    0.01362595
  4975           0.00197872    0.01362554
  4976           0.00197872    0.01362599
  4977           0.00197872    0.01362557
  4978           0.00197872    0.01362602
  4979           0.00197872    0.01362560
  4980           0.00197872    0.01362605
  4981           0.00197872    0.01362564
  4982           0.00197872    0.01362609
  4983           0.00197872    0.01362567
  4984           0.00197872    0.01362612
  4985           0.00197872    0.01362571
  4986           0.00197872    0.01362615
  4987           0.00197872    0.01362574
  4988           0.00197872    0.01362619
  4989           0.00197872    0.01362577
  4990           0.00197872    0.01362622
  4991           0.00197872    0.01362581
  4992           0.00197872    0.01362626
  4993           0.00197872    0.01362584
  4994           0.00197872    0.01362629
  4995           0.00197872    0.01362587
  4996           0.00197872    0.01362632
  4997           0.00197872    0.01362591
  4998           0.00197872    0.01362636
  4999           0.00197872    0.01362594
  5000           0.00197872    0.01362639
  5001           0.00197872    0.01362598
  5002           0.00197872    0.01362642
  5003           0.00197872    0.01362601
  5004           0.00197872    0.01362646
  5005           0.00197872    0.01362604
  5006           0.00197872    0.01362649
  5007           0.00197872    0.01362608
  5008           0.00197872    0.01362652
  5009           0.00197872    0.01362611
  5010           0.00197872    0.01362656
  5011           0.00197872    0.01362615
  5012           0.00197872    0.01362659
  5013           0.00197872    0.01362618
  5014           0.00197872    0.01362663
  5015           0.00197872    0.01362621
  5016           0.00197872    0.01362666
  5017           0.00197872    0.01362625
  5018           0.00197872    0.01362669
  5019           0.00197872    0.01362628
  5020           0.00197872    0.01362673
  5021           0.00197872    0.01362631
  5022           0.00197872    0.01362676
  5023           0.00197872    0.01362635
  5024           0.00197872    0.01362679
  5025           0.00197872    0.01362638
  5026           0.00197872    0.01362683
  5027           0.00197872    0.01362641
  5028           0.00197872    0.01362686
  5029           0.00197872    0.01362645
  5030           0.00197872    0.01362689
  5031           0.00197872    0.01362648
  5032           0.00197872    0.01362693
  5033           0.00197872    0.01362652
  5034           0.00197872    0.01362696
  5035           0.00197872    0.01362655
  5036           0.00197872    0.01362699
  5037           0.00197872    0.01362658
  5038           0.00197872    0.01362703
  5039           0.00197872    0.01362662
  5040           0.00197872    0.01362706
  5041           0.00197872    0.01362665
  5042           0.00197872    0.01362709
  5043           0.00197872    0.01362668
  5044           0.00197872    0.01362713
  5045           0.00197872    0.01362672
  5046           0.00197872    0.01362716
  5047           0.00197872    0.01362675
  5048           0.00197872    0.01362719
  5049           0.00197872    0.01362678
  5050           0.00197872    0.01362723
  5051           0.00197872    0.01362682
  5052           0.00197872    0.01362726
  5053           0.00197872    0.01362685
  5054           0.00197872    0.01362729
  5055           0.00197872    0.01362688
  5056           0.00197872    0.01362733
  5057           0.00197872    0.01362692
  5058           0.00197872    0.01362736
  5059           0.00197872    0.01362695
  5060           0.00197872    0.01362739
  5061           0.00197872    0.01362698
  5062           0.00197872    0.01362742
  5063           0.00197872    0.01362702
  5064           0.00197872    0.01362746
  5065           0.00197872    0.01362705
  5066           0.00197872    0.01362749
  5067           0.00197872    0.01362708
  5068           0.00197872    0.01362752
  5069           0.00197872    0.01362712
  5070           0.00197872    0.01362756
  5071           0.00197872    0.01362715
  5072           0.00197872    0.01362759
  5073           0.00197872    0.01362718
  5074           0.00197872    0.01362762
  5075           0.00197872    0.01362722
  5076           0.00197872    0.01362766
  5077           0.00197872    0.01362725
  5078           0.00197872    0.01362769
  5079           0.00197872    0.01362728
  5080           0.00197872    0.01362772
  5081           0.00197872    0.01362732
  5082           0.00197872    0.01362776
  5083           0.00197872    0.01362735
  5084           0.00197872    0.01362779
  5085           0.00197872    0.01362738
  5086           0.00197872    0.01362782
  5087           0.00197872    0.01362742
  5088           0.00197872    0.01362785
  5089           0.00197872    0.01362745
  5090           0.00197872    0.01362789
  5091           0.00197872    0.01362748
  5092           0.00197872    0.01362792
  5093           0.00197872    0.01362752
  5094           0.00197872    0.01362795
  5095           0.00197872    0.01362755
  5096           0.00197872    0.01362799
  5097           0.00197872    0.01362758
  5098           0.00197872    0.01362802
  5099           0.00197872    0.01362761
  5100           0.00197872    0.01362805
  5101           0.00197872    0.01362765
  5102           0.00197872    0.01362808
  5103           0.00197872    0.01362768
  5104           0.00197872    0.01362812
  5105           0.00197872    0.01362771
  5106           0.00197872    0.01362815
  5107           0.00197872    0.01362775
  5108           0.00197872    0.01362818
  5109           0.00197872    0.01362778
  5110           0.00197872    0.01362822
  5111           0.00197872    0.01362781
  5112           0.00197872    0.01362825
  5113           0.00197872    0.01362785
  5114           0.00197872    0.01362828
  5115           0.00197872    0.01362788
  5116           0.00197872    0.01362831
  5117           0.00197872    0.01362791
  5118           0.00197872    0.01362835
  5119           0.00197872    0.01362794
  5120           0.00197872    0.01362838
  5121           0.00197872    0.01362798
  5122           0.00197872    0.01362841
  5123           0.00197872    0.01362801
  5124           0.00197872    0.01362844
  5125           0.00197872    0.01362804
  5126           0.00197872    0.01362848
  5127           0.00197872    0.01362808
  5128           0.00197872    0.01362851
  5129           0.00197872    0.01362811
  5130           0.00197872    0.01362854
  5131           0.00197872    0.01362814
  5132           0.00197872    0.01362858
  5133           0.00197872    0.01362817
  5134           0.00197872    0.01362861
  5135           0.00197872    0.01362821
  5136           0.00197872    0.01362864
  5137           0.00197872    0.01362824
  5138           0.00197872    0.01362867
  5139           0.00197872    0.01362827
  5140           0.00197872    0.01362871
  5141           0.00197872    0.01362830
  5142           0.00197872    0.01362874
  5143           0.00197872    0.01362834
  5144           0.00197872    0.01362877
  5145           0.00197872    0.01362837
  5146           0.00197872    0.01362880
  5147           0.00197872    0.01362840
  5148           0.00197872    0.01362884
  5149           0.00197872    0.01362844
  5150           0.00197872    0.01362887
  5151           0.00197872    0.01362847
  5152           0.00197872    0.01362890
  5153           0.00197872    0.01362850
  5154           0.00197872    0.01362893
  5155           0.00197872    0.01362853
  5156           0.00197872    0.01362897
  5157           0.00197872    0.01362857
  5158           0.00197872    0.01362900
  5159           0.00197872    0.01362860
  5160           0.00197872    0.01362903
  5161           0.00197872    0.01362863
  5162           0.00197872    0.01362906
  5163           0.00197872    0.01362866
  5164           0.00197872    0.01362909
  5165           0.00197872    0.01362870
  5166           0.00197872    0.01362913
  5167           0.00197872    0.01362873
  5168           0.00197872    0.01362916
  5169           0.00197872    0.01362876
  5170           0.00197872    0.01362919
  5171           0.00197872    0.01362879
  5172           0.00197872    0.01362922
  5173           0.00197872    0.01362883
  5174           0.00197872    0.01362926
  5175           0.00197872    0.01362886
  5176           0.00197872    0.01362929
  5177           0.00197872    0.01362889
  5178           0.00197872    0.01362932
  5179           0.00197872    0.01362892
  5180           0.00197872    0.01362935
  5181           0.00197872    0.01362896
  5182           0.00197872    0.01362939
  5183           0.00197872    0.01362899
  5184           0.00197872    0.01362942
  5185           0.00197872    0.01362902
  5186           0.00197872    0.01362945
  5187           0.00197872    0.01362905
  5188           0.00197872    0.01362948
  5189           0.00197872    0.01362909
  5190           0.00197872    0.01362951
  5191           0.00197872    0.01362912
  5192           0.00197872    0.01362955
  5193           0.00197872    0.01362915
  5194           0.00197872    0.01362958
  5195           0.00197872    0.01362918
  5196           0.00197872    0.01362961
  5197           0.00197872    0.01362922
  5198           0.00197872    0.01362964
  5199           0.00197872    0.01362925
  5200           0.00197872    0.01362967
  5201           0.00197872    0.01362928
  5202           0.00197872    0.01362971
  5203           0.00197872    0.01362931
  5204           0.00197872    0.01362974
  5205           0.00197872    0.01362934
  5206           0.00197872    0.01362977
  5207           0.00197872    0.01362938
  5208           0.00197872    0.01362980
  5209           0.00197872    0.01362941
  5210           0.00197872    0.01362983
  5211           0.00197872    0.01362944
  5212           0.00197872    0.01362987
  5213           0.00197872    0.01362947
  5214           0.00197872    0.01362990
  5215           0.00197872    0.01362951
  5216           0.00197872    0.01362993
  5217           0.00197872    0.01362954
  5218           0.00197872    0.01362996
  5219           0.00197872    0.01362957
  5220           0.00197872    0.01362999
  5221           0.00197872    0.01362960
  5222           0.00197872    0.01363003
  5223           0.00197872    0.01362963
  5224           0.00197872    0.01363006
  5225           0.00197872    0.01362967
  5226           0.00197872    0.01363009
  5227           0.00197872    0.01362970
  5228           0.00197872    0.01363012
  5229           0.00197872    0.01362973
  5230           0.00197872    0.01363015
  5231           0.00197872    0.01362976
  5232           0.00197872    0.01363019
  5233           0.00197872    0.01362979
  5234           0.00197872    0.01363022
  5235           0.00197872    0.01362983
  5236           0.00197872    0.01363025
  5237           0.00197872    0.01362986
  5238           0.00197872    0.01363028
  5239           0.00197872    0.01362989
  5240           0.00197872    0.01363031
  5241           0.00197872    0.01362992
  5242           0.00197872    0.01363034
  5243           0.00197872    0.01362995
  5244           0.00197872    0.01363038
  5245           0.00197872    0.01362999
  5246           0.00197872    0.01363041
  5247           0.00197872    0.01363002
  5248           0.00197872    0.01363044
  5249           0.00197872    0.01363005
  5250           0.00197872    0.01363047
  5251           0.00197872    0.01363008
  5252           0.00197872    0.01363050
  5253           0.00197872    0.01363011
  5254           0.00197872    0.01363054
  5255           0.00197872    0.01363015
  5256           0.00197872    0.01363057
  5257           0.00197872    0.01363018
  5258           0.00197872    0.01363060
  5259           0.00197872    0.01363021
  5260           0.00197872    0.01363063
  5261           0.00197872    0.01363024
  5262           0.00197872    0.01363066
  5263           0.00197872    0.01363027
  5264           0.00197872    0.01363069
  5265           0.00197872    0.01363030
  5266           0.00197872    0.01363073
  5267           0.00197872    0.01363034
  5268           0.00197872    0.01363076
  5269           0.00197872    0.01363037
  5270           0.00197872    0.01363079
  5271           0.00197872    0.01363040
  5272           0.00197872    0.01363082
  5273           0.00197872    0.01363043
  5274           0.00197872    0.01363085
  5275           0.00197872    0.01363046
  5276           0.00197872    0.01363088
  5277           0.00197872    0.01363049
  5278           0.00197872    0.01363091
  5279           0.00197872    0.01363053
  5280           0.00197872    0.01363095
  5281           0.00197872    0.01363056
  5282           0.00197872    0.01363098
  5283           0.00197872    0.01363059
  5284           0.00197872    0.01363101
  5285           0.00197872    0.01363062
  5286           0.00197872    0.01363104
  5287           0.00197872    0.01363065
  5288           0.00197872    0.01363107
  5289           0.00197872    0.01363068
  5290           0.00197872    0.01363110
  5291           0.00197872    0.01363072
  5292           0.00197872    0.01363113
  5293           0.00197872    0.01363075
  5294           0.00197872    0.01363117
  5295           0.00197872    0.01363078
  5296           0.00197872    0.01363120
  5297           0.00197872    0.01363081
  5298           0.00197872    0.01363123
  5299           0.00197872    0.01363084
  5300           0.00197872    0.01363126
  5301           0.00197872    0.01363087
  5302           0.00197872    0.01363129
  5303           0.00197872    0.01363091
  5304           0.00197872    0.01363132
  5305           0.00197872    0.01363094
  5306           0.00197872    0.01363135
  5307           0.00197872    0.01363097
  5308           0.00197872    0.01363139
  5309           0.00197872    0.01363100
  5310           0.00197872    0.01363142
  5311           0.00197872    0.01363103
  5312           0.00197872    0.01363145
  5313           0.00197872    0.01363106
  5314           0.00197872    0.01363148
  5315           0.00197872    0.01363109
  5316           0.00197872    0.01363151
  5317           0.00197872    0.01363113
  5318           0.00197872    0.01363154
  5319           0.00197872    0.01363116
  5320           0.00197872    0.01363157
  5321           0.00197872    0.01363119
  5322           0.00197872    0.01363160
  5323           0.00197872    0.01363122
  5324           0.00197872    0.01363163
  5325           0.00197872    0.01363125
  5326           0.00197872    0.01363167
  5327           0.00197872    0.01363128
  5328           0.00197872    0.01363170
  5329           0.00197872    0.01363131
  5330           0.00197872    0.01363173
  5331           0.00197872    0.01363135
  5332           0.00197872    0.01363176
  5333           0.00197872    0.01363138
  5334           0.00197872    0.01363179
  5335           0.00197872    0.01363141
  5336           0.00197872    0.01363182
  5337           0.00197872    0.01363144
  5338           0.00197872    0.01363185
  5339           0.00197872    0.01363147
  5340           0.00197872    0.01363188
  5341           0.00197872    0.01363150
  5342           0.00197872    0.01363191
  5343           0.00197872    0.01363153
  5344           0.00197872    0.01363195
  5345           0.00197872    0.01363156
  5346           0.00197872    0.01363198
  5347           0.00197872    0.01363160
  5348           0.00197872    0.01363201
  5349           0.00197872    0.01363163
  5350           0.00197872    0.01363204
  5351           0.00197872    0.01363166
  5352           0.00197872    0.01363207
  5353           0.00197872    0.01363169
  5354           0.00197872    0.01363210
  5355           0.00197872    0.01363172
  5356           0.00197872    0.01363213
  5357           0.00197872    0.01363175
  5358           0.00197872    0.01363216
  5359           0.00197872    0.01363178
  5360           0.00197872    0.01363219
  5361           0.00197872    0.01363181
  5362           0.00197872    0.01363222
  5363           0.00197872    0.01363184
  5364           0.00197872    0.01363226
  5365           0.00197872    0.01363188
  5366           0.00197872    0.01363229
  5367           0.00197872    0.01363191
  5368           0.00197872    0.01363232
  5369           0.00197872    0.01363194
  5370           0.00197872    0.01363235
  5371           0.00197872    0.01363197
  5372           0.00197872    0.01363238
  5373           0.00197872    0.01363200
  5374           0.00197872    0.01363241
  5375           0.00197872    0.01363203
  5376           0.00197872    0.01363244
  5377           0.00197872    0.01363206
  5378           0.00197872    0.01363247
  5379           0.00197872    0.01363209
  5380           0.00197872    0.01363250
  5381           0.00197872    0.01363212
  5382           0.00197872    0.01363253
  5383           0.00197872    0.01363215
  5384           0.00197872    0.01363256
  5385           0.00197872    0.01363218
  5386           0.00197872    0.01363259
  5387           0.00197872    0.01363222
  5388           0.00197872    0.01363262
  5389           0.00197872    0.01363225
  5390           0.00197872    0.01363266
  5391           0.00197872    0.01363228
  5392           0.00197872    0.01363269
  5393           0.00197872    0.01363231
  5394           0.00197872    0.01363272
  5395           0.00197872    0.01363234
  5396           0.00197872    0.01363275
  5397           0.00197872    0.01363237
  5398           0.00197872    0.01363278
  5399           0.00197872    0.01363240
  5400           0.00197872    0.01363281
  5401           0.00197872    0.01363243
  5402           0.00197872    0.01363284
  5403           0.00197872    0.01363246
  5404           0.00197872    0.01363287
  5405           0.00197872    0.01363249
  5406           0.00197872    0.01363290
  5407           0.00197872    0.01363252
  5408           0.00197872    0.01363293
  5409           0.00197872    0.01363255
  5410           0.00197872    0.01363296
  5411           0.00197872    0.01363259
  5412           0.00197872    0.01363299
  5413           0.00197872    0.01363262
  5414           0.00197872    0.01363302
  5415           0.00197872    0.01363265
  5416           0.00197872    0.01363305
  5417           0.00197872    0.01363268
  5418           0.00197872    0.01363308
  5419           0.00197872    0.01363271
  5420           0.00197872    0.01363311
  5421           0.00197872    0.01363274
  5422           0.00197872    0.01363314
  5423           0.00197872    0.01363277
  5424           0.00197872    0.01363318
  5425           0.00197872    0.01363280
  5426           0.00197872    0.01363321
  5427           0.00197872    0.01363283
  5428           0.00197872    0.01363324
  5429           0.00197872    0.01363286
  5430           0.00197872    0.01363327
  5431           0.00197872    0.01363289
  5432           0.00197872    0.01363330
  5433           0.00197872    0.01363292
  5434           0.00197872    0.01363333
  5435           0.00197872    0.01363295
  5436           0.00197872    0.01363336
  5437           0.00197872    0.01363298
  5438           0.00197872    0.01363339
  5439           0.00197872    0.01363301
  5440           0.00197872    0.01363342
  5441           0.00197872    0.01363304
  5442           0.00197872    0.01363345
  5443           0.00197872    0.01363308
  5444           0.00197872    0.01363348
  5445           0.00197872    0.01363311
  5446           0.00197872    0.01363351
  5447           0.00197872    0.01363314
  5448           0.00197872    0.01363354
  5449           0.00197872    0.01363317
  5450           0.00197872    0.01363357
  5451           0.00197872    0.01363320
  5452           0.00197872    0.01363360
  5453           0.00197872    0.01363323
  5454           0.00197872    0.01363363
  5455           0.00197872    0.01363326
  5456           0.00197872    0.01363366
  5457           0.00197872    0.01363329
  5458           0.00197872    0.01363369
  5459           0.00197872    0.01363332
  5460           0.00197872    0.01363372
  5461           0.00197872    0.01363335
  5462           0.00197872    0.01363375
  5463           0.00197872    0.01363338
  5464           0.00197872    0.01363378
  5465           0.00197872    0.01363341
  5466           0.00197872    0.01363381
  5467           0.00197872    0.01363344
  5468           0.00197872    0.01363384
  5469           0.00197872    0.01363347
  5470           0.00197872    0.01363387
  5471           0.00197872    0.01363350
  5472           0.00197872    0.01363390
  5473           0.00197872    0.01363353
  5474           0.00197872    0.01363393
  5475           0.00197872    0.01363356
  5476           0.00197872    0.01363396
  5477           0.00197872    0.01363359
  5478           0.00197872    0.01363399
  5479           0.00197872    0.01363362
  5480           0.00197872    0.01363402
  5481           0.00197872    0.01363365
  5482           0.00197872    0.01363405
  5483           0.00197872    0.01363368
  5484           0.00197872    0.01363408
  5485           0.00197872    0.01363371
  5486           0.00197872    0.01363411
  5487           0.00197872    0.01363374
  5488           0.00197872    0.01363414
  5489           0.00197872    0.01363377
  5490           0.00197872    0.01363417
  5491           0.00197872    0.01363380
  5492           0.00197872    0.01363420
  5493           0.00197872    0.01363383
  5494           0.00197872    0.01363423
  5495           0.00197872    0.01363386
  5496           0.00197872    0.01363426
  5497           0.00197872    0.01363389
  5498           0.00197872    0.01363429
  5499           0.00197872    0.01363392
  5500           0.00197872    0.01363432
  5501           0.00197872    0.01363395
  5502           0.00197872    0.01363435
  5503           0.00197872    0.01363398
  5504           0.00197872    0.01363438
  5505           0.00197872    0.01363401
  5506           0.00197872    0.01363441
  5507           0.00197872    0.01363404
  5508           0.00197872    0.01363444
  5509           0.00197872    0.01363407
  5510           0.00197872    0.01363447
  5511           0.00197872    0.01363410
  5512           0.00197872    0.01363450
  5513           0.00197872    0.01363413
  5514           0.00197872    0.01363453
  5515           0.00197872    0.01363416
  5516           0.00197872    0.01363456
  5517           0.00197872    0.01363419
  5518           0.00197872    0.01363459
  5519           0.00197872    0.01363422
  5520           0.00197872    0.01363462
  5521           0.00197872    0.01363425
  5522           0.00197872    0.01363465
  5523           0.00197872    0.01363428
  5524           0.00197872    0.01363468
  5525           0.00197872    0.01363431
  5526           0.00197872    0.01363471
  5527           0.00197872    0.01363434
  5528           0.00197872    0.01363474
  5529           0.00197872    0.01363437
  5530           0.00197872    0.01363477
  5531           0.00197872    0.01363440
  5532           0.00197872    0.01363480
  5533           0.00197872    0.01363443
  5534           0.00197872    0.01363483
  5535           0.00197872    0.01363446
  5536           0.00197872    0.01363486
  5537           0.00197872    0.01363449
  5538           0.00197872    0.01363489
  5539           0.00197872    0.01363452
  5540           0.00197872    0.01363492
  5541           0.00197872    0.01363455
  5542           0.00197872    0.01363495
  5543           0.00197872    0.01363458
  5544           0.00197872    0.01363498
  5545           0.00197872    0.01363461
  5546           0.00197872    0.01363501
  5547           0.00197872    0.01363464
  5548           0.00197872    0.01363504
  5549           0.00197872    0.01363467
  5550           0.00197872    0.01363507
  5551           0.00197872    0.01363470
  5552           0.00197872    0.01363510
  5553           0.00197872    0.01363473
  5554           0.00197872    0.01363512
  5555           0.00197872    0.01363476
  5556           0.00197872    0.01363515
  5557           0.00197872    0.01363479
  5558           0.00197872    0.01363518
  5559           0.00197872    0.01363482
  5560           0.00197872    0.01363521
  5561           0.00197872    0.01363485
  5562           0.00197872    0.01363524
  5563           0.00197872    0.01363488
  5564           0.00197872    0.01363527
  5565           0.00197872    0.01363491
  5566           0.00197872    0.01363530
  5567           0.00197872    0.01363494
  5568           0.00197872    0.01363533
  5569           0.00197872    0.01363497
  5570           0.00197872    0.01363536
  5571           0.00197872    0.01363500
  5572           0.00197872    0.01363539
  5573           0.00197872    0.01363503
  5574           0.00197872    0.01363542
  5575           0.00197872    0.01363506
  5576           0.00197872    0.01363545
  5577           0.00197872    0.01363509
  5578           0.00197872    0.01363548
  5579           0.00197872    0.01363512
  5580           0.00197872    0.01363551
  5581           0.00197872    0.01363515
  5582           0.00197872    0.01363554
  5583           0.00197872    0.01363518
  5584           0.00197872    0.01363557
  5585           0.00197872    0.01363520
  5586           0.00197872    0.01363560
  5587           0.00197872    0.01363523
  5588           0.00197872    0.01363563
  5589           0.00197872    0.01363526
  5590           0.00197872    0.01363565
  5591           0.00197872    0.01363529
  5592           0.00197872    0.01363568
  5593           0.00197872    0.01363532
  5594           0.00197872    0.01363571
  5595           0.00197872    0.01363535
  5596           0.00197872    0.01363574
  5597           0.00197872    0.01363538
  5598           0.00197872    0.01363577
  5599           0.00197872    0.01363541
  5600           0.00197872    0.01363580
  5601           0.00197872    0.01363544
  5602           0.00197872    0.01363583
  5603           0.00197872    0.01363547
  5604           0.00197872    0.01363586
  5605           0.00197872    0.01363550
  5606           0.00197872    0.01363589
  5607           0.00197872    0.01363553
  5608           0.00197872    0.01363592
  5609           0.00197872    0.01363556
  5610           0.00197872    0.01363595
  5611           0.00197872    0.01363559
  5612           0.00197872    0.01363598
  5613           0.00197872    0.01363562
  5614           0.00197872    0.01363600
  5615           0.00197872    0.01363565
  5616           0.00197872    0.01363603
  5617           0.00197872    0.01363568
  5618           0.00197872    0.01363606
  5619           0.00197872    0.01363570
  5620           0.00197872    0.01363609
  5621           0.00197872    0.01363573
  5622           0.00197872    0.01363612
  5623           0.00197872    0.01363576
  5624           0.00197872    0.01363615
  5625           0.00197872    0.01363579
  5626           0.00197872    0.01363618
  5627           0.00197872    0.01363582
  5628           0.00197872    0.01363621
  5629           0.00197872    0.01363585
  5630           0.00197872    0.01363624
  5631           0.00197872    0.01363588
  5632           0.00197872    0.01363627
  5633           0.00197872    0.01363591
  5634           0.00197872    0.01363630
  5635           0.00197872    0.01363594
  5636           0.00197872    0.01363632
  5637           0.00197872    0.01363597
  5638           0.00197872    0.01363635
  5639           0.00197872    0.01363600
  5640           0.00197872    0.01363638
  5641           0.00197872    0.01363603
  5642           0.00197872    0.01363641
  5643           0.00197872    0.01363605
  5644           0.00197872    0.01363644
  5645           0.00197872    0.01363608
  5646           0.00197872    0.01363647
  5647           0.00197872    0.01363611
  5648           0.00197872    0.01363650
  5649           0.00197872    0.01363614
  5650           0.00197872    0.01363653
  5651           0.00197872    0.01363617
  5652           0.00197872    0.01363656
  5653           0.00197872    0.01363620
  5654           0.00197872    0.01363659
  5655           0.00197872    0.01363623
  5656           0.00197872    0.01363661
  5657           0.00197872    0.01363626
  5658           0.00197872    0.01363664
  5659           0.00197872    0.01363629
  5660           0.00197872    0.01363667
  5661           0.00197872    0.01363632
  5662           0.00197872    0.01363670
  5663           0.00197872    0.01363635
  5664           0.00197872    0.01363673
  5665           0.00197872    0.01363637
  5666           0.00197872    0.01363676
  5667           0.00197872    0.01363640
  5668           0.00197872    0.01363679
  5669           0.00197872    0.01363643
  5670           0.00197872    0.01363682
  5671           0.00197872    0.01363646
  5672           0.00197872    0.01363684
  5673           0.00197872    0.01363649
  5674           0.00197872    0.01363687
  5675           0.00197872    0.01363652
  5676           0.00197872    0.01363690
  5677           0.00197872    0.01363655
  5678           0.00197872    0.01363693
  5679           0.00197872    0.01363658
  5680           0.00197872    0.01363696
  5681           0.00197872    0.01363661
  5682           0.00197872    0.01363699
  5683           0.00197872    0.01363663
  5684           0.00197872    0.01363702
  5685           0.00197872    0.01363666
  5686           0.00197872    0.01363705
  5687           0.00197872    0.01363669
  5688           0.00197872    0.01363707
  5689           0.00197872    0.01363672
  5690           0.00197872    0.01363710
  5691           0.00197872    0.01363675
  5692           0.00197872    0.01363713
  5693           0.00197872    0.01363678
  5694           0.00197872    0.01363716
  5695           0.00197872    0.01363681
  5696           0.00197872    0.01363719
  5697           0.00197872    0.01363684
  5698           0.00197872    0.01363722
  5699           0.00197872    0.01363686
  5700           0.00197872    0.01363725
  5701           0.00197872    0.01363689
  5702           0.00197872    0.01363727
  5703           0.00197872    0.01363692
  5704           0.00197872    0.01363730
  5705           0.00197872    0.01363695
  5706           0.00197872    0.01363733
  5707           0.00197872    0.01363698
  5708           0.00197872    0.01363736
  5709           0.00197872    0.01363701
  5710           0.00197872    0.01363739
  5711           0.00197872    0.01363704
  5712           0.00197872    0.01363742
  5713           0.00197872    0.01363707
  5714           0.00197872    0.01363745
  5715           0.00197872    0.01363709
  5716           0.00197872    0.01363747
  5717           0.00197872    0.01363712
  5718           0.00197872    0.01363750
  5719           0.00197872    0.01363715
  5720           0.00197872    0.01363753
  5721           0.00197872    0.01363718
  5722           0.00197872    0.01363756
  5723           0.00197872    0.01363721
  5724           0.00197872    0.01363759
  5725           0.00197872    0.01363724
  5726           0.00197872    0.01363762
  5727           0.00197872    0.01363727
  5728           0.00197872    0.01363764
  5729           0.00197872    0.01363729
  5730           0.00197872    0.01363767
  5731           0.00197872    0.01363732
  5732           0.00197872    0.01363770
  5733           0.00197872    0.01363735
  5734           0.00197872    0.01363773
  5735           0.00197872    0.01363738
  5736           0.00197872    0.01363776
  5737           0.00197872    0.01363741
  5738           0.00197872    0.01363779
  5739           0.00197872    0.01363744
  5740           0.00197872    0.01363781
  5741           0.00197872    0.01363747
  5742           0.00197872    0.01363784
  5743           0.00197872    0.01363749
  5744           0.00197872    0.01363787
  5745           0.00197872    0.01363752
  5746           0.00197872    0.01363790
  5747           0.00197872    0.01363755
  5748           0.00197872    0.01363793
  5749           0.00197872    0.01363758
  5750           0.00197872    0.01363796
  5751           0.00197872    0.01363761
  5752           0.00197872    0.01363798
  5753           0.00197872    0.01363764
  5754           0.00197872    0.01363801
  5755           0.00197872    0.01363766
  5756           0.00197872    0.01363804
  5757           0.00197872    0.01363769
  5758           0.00197872    0.01363807
  5759           0.00197872    0.01363772
  5760           0.00197872    0.01363810
  5761           0.00197872    0.01363775
  5762           0.00197872    0.01363812
  5763           0.00197872    0.01363778
  5764           0.00197872    0.01363815
  5765           0.00197872    0.01363781
  5766           0.00197872    0.01363818
  5767           0.00197872    0.01363783
  5768           0.00197872    0.01363821
  5769           0.00197872    0.01363786
  5770           0.00197872    0.01363824
  5771           0.00197872    0.01363789
  5772           0.00197872    0.01363827
  5773           0.00197872    0.01363792
  5774           0.00197872    0.01363829
  5775           0.00197872    0.01363795
  5776           0.00197872    0.01363832
  5777           0.00197872    0.01363798
  5778           0.00197872    0.01363835
  5779           0.00197872    0.01363800
  5780           0.00197872    0.01363838
  5781           0.00197872    0.01363803
  5782           0.00197872    0.01363841
  5783           0.00197872    0.01363806
  5784           0.00197872    0.01363843
  5785           0.00197872    0.01363809
  5786           0.00197872    0.01363846
  5787           0.00197872    0.01363812
  5788           0.00197872    0.01363849
  5789           0.00197872    0.01363814
  5790           0.00197872    0.01363852
  5791           0.00197872    0.01363817
  5792           0.00197872    0.01363855
  5793           0.00197872    0.01363820
  5794           0.00197872    0.01363857
  5795           0.00197872    0.01363823
  5796           0.00197872    0.01363860
  5797           0.00197872    0.01363826
  5798           0.00197872    0.01363863
  5799           0.00197872    0.01363829
  5800           0.00197872    0.01363866
  5801           0.00197872    0.01363831
  5802           0.00197872    0.01363869
  5803           0.00197872    0.01363834
  5804           0.00197872    0.01363871
  5805           0.00197872    0.01363837
  5806           0.00197872    0.01363874
  5807           0.00197872    0.01363840
  5808           0.00197872    0.01363877
  5809           0.00197872    0.01363843
  5810           0.00197872    0.01363880
  5811           0.00197872    0.01363845
  5812           0.00197872    0.01363882
  5813           0.00197872    0.01363848
  5814           0.00197872    0.01363885
  5815           0.00197872    0.01363851
  5816           0.00197872    0.01363888
  5817           0.00197872    0.01363854
  5818           0.00197872    0.01363891
  5819           0.00197872    0.01363857
  5820           0.00197872    0.01363894
  5821           0.00197872    0.01363859
  5822           0.00197872    0.01363896
  5823           0.00197872    0.01363862
  5824           0.00197872    0.01363899
  5825           0.00197872    0.01363865
  5826           0.00197872    0.01363902
  5827           0.00197872    0.01363868
  5828           0.00197872    0.01363905
  5829           0.00197872    0.01363871
  5830           0.00197872    0.01363907
  5831           0.00197872    0.01363873
  5832           0.00197872    0.01363910
  5833           0.00197872    0.01363876
  5834           0.00197872    0.01363913
  5835           0.00197872    0.01363879
  5836           0.00197872    0.01363916
  5837           0.00197872    0.01363882
  5838           0.00197872    0.01363919
  5839           0.00197872    0.01363884
  5840           0.00197872    0.01363921
  5841           0.00197872    0.01363887
  5842           0.00197872    0.01363924
  5843           0.00197872    0.01363890
  5844           0.00197872    0.01363927
  5845           0.00197872    0.01363893
  5846           0.00197872    0.01363930
  5847           0.00197872    0.01363896
  5848           0.00197872    0.01363932
  5849           0.00197872    0.01363898
  5850           0.00197872    0.01363935
  5851           0.00197872    0.01363901
  5852           0.00197872    0.01363938
  5853           0.00197872    0.01363904
  5854           0.00197872    0.01363941
  5855           0.00197872    0.01363907
  5856           0.00197872    0.01363943
  5857           0.00197872    0.01363909
  5858           0.00197872    0.01363946
  5859           0.00197872    0.01363912
  5860           0.00197872    0.01363949
  5861           0.00197872    0.01363915
  5862           0.00197872    0.01363952
  5863           0.00197872    0.01363918
  5864           0.00197872    0.01363954
  5865           0.00197872    0.01363921
  5866           0.00197872    0.01363957
  5867           0.00197872    0.01363923
  5868           0.00197872    0.01363960
  5869           0.00197872    0.01363926
  5870           0.00197872    0.01363963
  5871           0.00197872    0.01363929
  5872           0.00197872    0.01363965
  5873           0.00197872    0.01363932
  5874           0.00197872    0.01363968
  5875           0.00197872    0.01363934
  5876           0.00197872    0.01363971
  5877           0.00197872    0.01363937
  5878           0.00197872    0.01363974
  5879           0.00197872    0.01363940
  5880           0.00197872    0.01363976
  5881           0.00197872    0.01363943
  5882           0.00197872    0.01363979
  5883           0.00197872    0.01363945
  5884           0.00197872    0.01363982
  5885           0.00197872    0.01363948
  5886           0.00197872    0.01363985
  5887           0.00197872    0.01363951
  5888           0.00197872    0.01363987
  5889           0.00197872    0.01363954
  5890           0.00197872    0.01363990
  5891           0.00197872    0.01363956
  5892           0.00197872    0.01363993
  5893           0.00197872    0.01363959
  5894           0.00197872    0.01363996
  5895           0.00197872    0.01363962
  5896           0.00197872    0.01363998
  5897           0.00197872    0.01363965
  5898           0.00197872    0.01364001
  5899           0.00197872    0.01363967
  5900           0.00197872    0.01364004
  5901           0.00197872    0.01363970
  5902           0.00197872    0.01364006
  5903           0.00197872    0.01363973
  5904           0.00197872    0.01364009
  5905           0.00197872    0.01363976
  5906           0.00197872    0.01364012
  5907           0.00197872    0.01363978
  5908           0.00197872    0.01364015
  5909           0.00197872    0.01363981
  5910           0.00197872    0.01364017
  5911           0.00197872    0.01363984
  5912           0.00197872    0.01364020
  5913           0.00197872    0.01363987
  5914           0.00197872    0.01364023
  5915           0.00197872    0.01363989
  5916           0.00197872    0.01364026
  5917           0.00197872    0.01363992
  5918           0.00197872    0.01364028
  5919           0.00197872    0.01363995
  5920           0.00197872    0.01364031
  5921           0.00197872    0.01363997
  5922           0.00197872    0.01364034
  5923           0.00197872    0.01364000
  5924           0.00197872    0.01364036
  5925           0.00197872    0.01364003
  5926           0.00197872    0.01364039
  5927           0.00197872    0.01364006
  5928           0.00197872    0.01364042
  5929           0.00197872    0.01364008
  5930           0.00197872    0.01364045
  5931           0.00197872    0.01364011
  5932           0.00197872    0.01364047
  5933           0.00197872    0.01364014
  5934           0.00197872    0.01364050
  5935           0.00197872    0.01364017
  5936           0.00197872    0.01364053
  5937           0.00197872    0.01364019
  5938           0.00197872    0.01364055
  5939           0.00197872    0.01364022
  5940           0.00197872    0.01364058
  5941           0.00197872    0.01364025
  5942           0.00197872    0.01364061
  5943           0.00197872    0.01364027
  5944           0.00197872    0.01364063
  5945           0.00197872    0.01364030
  5946           0.00197872    0.01364066
  5947           0.00197872    0.01364033
  5948           0.00197872    0.01364069
  5949           0.00197872    0.01364036
  5950           0.00197872    0.01364072
  5951           0.00197872    0.01364038
  5952           0.00197872    0.01364074
  5953           0.00197872    0.01364041
  5954           0.00197872    0.01364077
  5955           0.00197872    0.01364044
  5956           0.00197872    0.01364080
  5957           0.00197872    0.01364046
  5958           0.00197872    0.01364082
  5959           0.00197872    0.01364049
  5960           0.00197872    0.01364085
  5961           0.00197872    0.01364052
  5962           0.00197872    0.01364088
  5963           0.00197872    0.01364055
  5964           0.00197872    0.01364090
  5965           0.00197872    0.01364057
  5966           0.00197872    0.01364093
  5967           0.00197872    0.01364060
  5968           0.00197872    0.01364096
  5969           0.00197872    0.01364063
  5970           0.00197872    0.01364098
  5971           0.00197872    0.01364065
  5972           0.00197872    0.01364101
  5973           0.00197872    0.01364068
  5974           0.00197872    0.01364104
  5975           0.00197872    0.01364071
  5976           0.00197872    0.01364107
  5977           0.00197872    0.01364073
  5978           0.00197872    0.01364109
  5979           0.00197872    0.01364076
  5980           0.00197872    0.01364112
  5981           0.00197872    0.01364079
  5982           0.00197872    0.01364115
  5983           0.00197872    0.01364082
  5984           0.00197872    0.01364117
  5985           0.00197872    0.01364084
  5986           0.00197872    0.01364120
  5987           0.00197872    0.01364087
  5988           0.00197872    0.01364123
  5989           0.00197872    0.01364090
  5990           0.00197872    0.01364125
  5991           0.00197872    0.01364092
  5992           0.00197872    0.01364128
  5993           0.00197872    0.01364095
  5994           0.00197872    0.01364131
  5995           0.00197872    0.01364098
  5996           0.00197872    0.01364133
  5997           0.00197872    0.01364100
  5998           0.00197872    0.01364136
  5999           0.00197872    0.01364103
  6000           0.00197872    0.01364139
  6001           0.00197872    0.01364106
  6002           0.00197872    0.01364141
  6003           0.00197872    0.01364108
  6004           0.00197872    0.01364144
  6005           0.00197872    0.01364111
  6006           0.00197872    0.01364147
  6007           0.00197872    0.01364114
  6008           0.00197872    0.01364149
  6009           0.00197872    0.01364116
  6010           0.00197872    0.01364152
  6011           0.00197872    0.01364119
  6012           0.00197872    0.01364155
  6013           0.00197872    0.01364122
  6014           0.00197872    0.01364157
  6015           0.00197872    0.01364124
  6016           0.00197872    0.01364160
  6017           0.00197872    0.01364127
  6018           0.00197872    0.01364163
  6019           0.00197872    0.01364130
  6020           0.00197872    0.01364165
  6021           0.00197872    0.01364133
  6022           0.00197872    0.01364168
  6023           0.00197872    0.01364135
  6024           0.00197872    0.01364171
  6025           0.00197872    0.01364138
  6026           0.00197872    0.01364173
  6027           0.00197872    0.01364141
  6028           0.00197872    0.01364176
  6029           0.00197872    0.01364143
  6030           0.00197872    0.01364178
  6031           0.00197872    0.01364146
  6032           0.00197872    0.01364181
  6033           0.00197872    0.01364148
  6034           0.00197872    0.01364184
  6035           0.00197872    0.01364151
  6036           0.00197872    0.01364186
  6037           0.00197872    0.01364154
  6038           0.00197872    0.01364189
  6039           0.00197872    0.01364156
  6040           0.00197872    0.01364192
  6041           0.00197872    0.01364159
  6042           0.00197872    0.01364194
  6043           0.00197872    0.01364162
  6044           0.00197872    0.01364197
  6045           0.00197872    0.01364164
  6046           0.00197872    0.01364200
  6047           0.00197872    0.01364167
  6048           0.00197872    0.01364202
  6049           0.00197872    0.01364170
  6050           0.00197872    0.01364205
  6051           0.00197872    0.01364172
  6052           0.00197872    0.01364208
  6053           0.00197872    0.01364175
  6054           0.00197872    0.01364210
  6055           0.00197872    0.01364178
  6056           0.00197872    0.01364213
  6057           0.00197872    0.01364180
  6058           0.00197872    0.01364215
  6059           0.00197872    0.01364183
  6060           0.00197872    0.01364218
  6061           0.00197872    0.01364186
  6062           0.00197872    0.01364221
  6063           0.00197872    0.01364188
  6064           0.00197872    0.01364223
  6065           0.00197872    0.01364191
  6066           0.00197872    0.01364226
  6067           0.00197872    0.01364194
  6068           0.00197872    0.01364229
  6069           0.00197872    0.01364196
  6070           0.00197872    0.01364231
  6071           0.00197872    0.01364199
  6072           0.00197872    0.01364234
  6073           0.00197872    0.01364202
  6074           0.00197872    0.01364236
  6075           0.00197872    0.01364204
  6076           0.00197872    0.01364239
  6077           0.00197872    0.01364207
  6078           0.00197872    0.01364242
  6079           0.00197872    0.01364209
  6080           0.00197872    0.01364244
  6081           0.00197872    0.01364212
  6082           0.00197872    0.01364247
  6083           0.00197872    0.01364215
  6084           0.00197872    0.01364250
  6085           0.00197872    0.01364217
  6086           0.00197872    0.01364252
  6087           0.00197872    0.01364220
  6088           0.00197872    0.01364255
  6089           0.00197872    0.01364223
  6090           0.00197872    0.01364257
  6091           0.00197872    0.01364225
  6092           0.00197872    0.01364260
  6093           0.00197872    0.01364228
  6094           0.00197872    0.01364263
  6095           0.00197872    0.01364230
  6096           0.00197872    0.01364265
  6097           0.00197872    0.01364233
  6098           0.00197872    0.01364268
  6099           0.00197872    0.01364236
  6100           0.00197872    0.01364270
  6101           0.00197872    0.01364238
  6102           0.00197872    0.01364273
  6103           0.00197872    0.01364241
  6104           0.00197872    0.01364276
  6105           0.00197872    0.01364244
  6106           0.00197872    0.01364278
  6107           0.00197872    0.01364246
  6108           0.00197872    0.01364281
  6109           0.00197872    0.01364249
  6110           0.00197872    0.01364283
  6111           0.00197872    0.01364251
  6112           0.00197872    0.01364286
  6113           0.00197872    0.01364254
  6114           0.00197872    0.01364289
  6115           0.00197872    0.01364257
  6116           0.00197872    0.01364291
  6117           0.00197872    0.01364259
  6118           0.00197872    0.01364294
  6119           0.00197872    0.01364262
  6120           0.00197872    0.01364296
  6121           0.00197872    0.01364264
  6122           0.00197872    0.01364299
  6123           0.00197872    0.01364267
  6124           0.00197872    0.01364302
  6125           0.00197872    0.01364270
  6126           0.00197872    0.01364304
  6127           0.00197872    0.01364272
  6128           0.00197872    0.01364307
  6129           0.00197872    0.01364275
  6130           0.00197872    0.01364309
  6131           0.00197872    0.01364278
  6132           0.00197872    0.01364312
  6133           0.00197872    0.01364280
  6134           0.00197872    0.01364315
  6135           0.00197872    0.01364283
  6136           0.00197872    0.01364317
  6137           0.00197872    0.01364285
  6138           0.00197872    0.01364320
  6139           0.00197872    0.01364288
  6140           0.00197872    0.01364322
  6141           0.00197872    0.01364291
  6142           0.00197872    0.01364325
  6143           0.00197872    0.01364293
  6144           0.00197872    0.01364328
  6145           0.00197872    0.01364296
  6146           0.00197872    0.01364330
  6147           0.00197872    0.01364298
  6148           0.00197872    0.01364333
  6149           0.00197872    0.01364301
  6150           0.00197872    0.01364335
  6151           0.00197872    0.01364303
  6152           0.00197872    0.01364338
  6153           0.00197872    0.01364306
  6154           0.00197872    0.01364340
  6155           0.00197872    0.01364309
  6156           0.00197872    0.01364343
  6157           0.00197872    0.01364311
  6158           0.00197872    0.01364346
  6159           0.00197872    0.01364314
  6160           0.00197872    0.01364348
  6161           0.00197872    0.01364316
  6162           0.00197872    0.01364351
  6163           0.00197872    0.01364319
  6164           0.00197872    0.01364353
  6165           0.00197872    0.01364322
  6166           0.00197872    0.01364356
  6167           0.00197872    0.01364324
  6168           0.00197872    0.01364358
  6169           0.00197872    0.01364327
  6170           0.00197872    0.01364361
  6171           0.00197872    0.01364329
  6172           0.00197872    0.01364364
  6173           0.00197872    0.01364332
  6174           0.00197872    0.01364366
  6175           0.00197872    0.01364335
  6176           0.00197872    0.01364369
  6177           0.00197872    0.01364337
  6178           0.00197872    0.01364371
  6179           0.00197872    0.01364340
  6180           0.00197872    0.01364374
  6181           0.00197872    0.01364342
  6182           0.00197872    0.01364376
  6183           0.00197872    0.01364345
  6184           0.00197872    0.01364379
  6185           0.00197872    0.01364347
  6186           0.00197872    0.01364381
  6187           0.00197872    0.01364350
  6188           0.00197872    0.01364384
  6189           0.00197872    0.01364353
  6190           0.00197872    0.01364387
  6191           0.00197872    0.01364355
  6192           0.00197872    0.01364389
  6193           0.00197872    0.01364358
  6194           0.00197872    0.01364392
  6195           0.00197872    0.01364360
  6196           0.00197872    0.01364394
  6197           0.00197872    0.01364363
  6198           0.00197872    0.01364397
  6199           0.00197872    0.01364365
  6200           0.00197872    0.01364399
  6201           0.00197872    0.01364368
  6202           0.00197872    0.01364402
  6203           0.00197872    0.01364370
  6204           0.00197872    0.01364404
  6205           0.00197872    0.01364373
  6206           0.00197872    0.01364407
  6207           0.00197872    0.01364376
  6208           0.00197872    0.01364410
  6209           0.00197872    0.01364378
  6210           0.00197872    0.01364412
  6211           0.00197872    0.01364381
  6212           0.00197872    0.01364415
  6213           0.00197872    0.01364383
  6214           0.00197872    0.01364417
  6215           0.00197872    0.01364386
  6216           0.00197872    0.01364420
  6217           0.00197872    0.01364388
  6218           0.00197872    0.01364422
  6219           0.00197872    0.01364391
  6220           0.00197872    0.01364425
  6221           0.00197872    0.01364393
  6222           0.00197872    0.01364427
  6223           0.00197872    0.01364396
  6224           0.00197872    0.01364430
  6225           0.00197872    0.01364399
  6226           0.00197872    0.01364432
  6227           0.00197872    0.01364401
  6228           0.00197872    0.01364435
  6229           0.00197872    0.01364404
  6230           0.00197872    0.01364437
  6231           0.00197872    0.01364406
  6232           0.00197872    0.01364440
  6233           0.00197872    0.01364409
  6234           0.00197872    0.01364443
  6235           0.00197872    0.01364411
  6236           0.00197872    0.01364445
  6237           0.00197872    0.01364414
  6238           0.00197872    0.01364448
  6239           0.00197872    0.01364416
  6240           0.00197872    0.01364450
  6241           0.00197872    0.01364419
  6242           0.00197872    0.01364453
  6243           0.00197872    0.01364421
  6244           0.00197872    0.01364455
  6245           0.00197872    0.01364424
  6246           0.00197872    0.01364458
  6247           0.00197872    0.01364427
  6248           0.00197872    0.01364460
  6249           0.00197872    0.01364429
  6250           0.00197872    0.01364463
  6251           0.00197872    0.01364432
  6252           0.00197872    0.01364465
  6253           0.00197872    0.01364434
  6254           0.00197872    0.01364468
  6255           0.00197872    0.01364437
  6256           0.00197872    0.01364470
  6257           0.00197872    0.01364439
  6258           0.00197872    0.01364473
  6259           0.00197872    0.01364442
  6260           0.00197872    0.01364475
  6261           0.00197872    0.01364444
  6262           0.00197872    0.01364478
  6263           0.00197872    0.01364447
  6264           0.00197872    0.01364480
  6265           0.00197872    0.01364449
  6266           0.00197872    0.01364483
  6267           0.00197872    0.01364452
  6268           0.00197872    0.01364485
  6269           0.00197872    0.01364454
  6270           0.00197872    0.01364488
  6271           0.00197872    0.01364457
  6272           0.00197872    0.01364490
  6273           0.00197872    0.01364459
  6274           0.00197872    0.01364493
  6275           0.00197872    0.01364462
  6276           0.00197872    0.01364495
  6277           0.00197872    0.01364464
  6278           0.00197872    0.01364498
  6279           0.00197872    0.01364467
  6280           0.00197872    0.01364500
  6281           0.00197872    0.01364469
  6282           0.00197872    0.01364503
  6283           0.00197872    0.01364472
  6284           0.00197872    0.01364505
  6285           0.00197872    0.01364475
  6286           0.00197872    0.01364508
  6287           0.00197872    0.01364477
  6288           0.00197872    0.01364510
  6289           0.00197872    0.01364480
  6290           0.00197872    0.01364513
  6291           0.00197872    0.01364482
  6292           0.00197872    0.01364515
  6293           0.00197872    0.01364485
  6294           0.00197872    0.01364518
  6295           0.00197872    0.01364487
  6296           0.00197872    0.01364520
  6297           0.00197872    0.01364490
  6298           0.00197872    0.01364523
  6299           0.00197872    0.01364492
  6300           0.00197872    0.01364525
  6301           0.00197872    0.01364495
  6302           0.00197872    0.01364528
  6303           0.00197872    0.01364497
  6304           0.00197872    0.01364530
  6305           0.00197872    0.01364500
  6306           0.00197872    0.01364533
  6307           0.00197872    0.01364502
  6308           0.00197872    0.01364535
  6309           0.00197872    0.01364505
  6310           0.00197872    0.01364538
  6311           0.00197872    0.01364507
  6312           0.00197872    0.01364540
  6313           0.00197872    0.01364510
  6314           0.00197872    0.01364543
  6315           0.00197872    0.01364512
  6316           0.00197872    0.01364545
  6317           0.00197872    0.01364515
  6318           0.00197872    0.01364548
  6319           0.00197872    0.01364517
  6320           0.00197872    0.01364550
  6321           0.00197872    0.01364520
  6322           0.00197872    0.01364553
  6323           0.00197872    0.01364522
  6324           0.00197872    0.01364555
  6325           0.00197872    0.01364525
  6326           0.00197872    0.01364558
  6327           0.00197872    0.01364527
  6328           0.00197872    0.01364560
  6329           0.00197872    0.01364530
  6330           0.00197872    0.01364563
  6331           0.00197872    0.01364532
  6332           0.00197872    0.01364565
  6333           0.00197872    0.01364535
  6334           0.00197872    0.01364568
  6335           0.00197872    0.01364537
  6336           0.00197872    0.01364570
  6337           0.00197872    0.01364540
  6338           0.00197872    0.01364572
  6339           0.00197872    0.01364542
  6340           0.00197872    0.01364575
  6341           0.00197872    0.01364544
  6342           0.00197872    0.01364577
  6343           0.00197872    0.01364547
  6344           0.00197872    0.01364580
  6345           0.00197872    0.01364549
  6346           0.00197872    0.01364582
  6347           0.00197872    0.01364552
  6348           0.00197872    0.01364585
  6349           0.00197872    0.01364554
  6350           0.00197872    0.01364587
  6351           0.00197872    0.01364557
  6352           0.00197872    0.01364590
  6353           0.00197872    0.01364559
  6354           0.00197872    0.01364592
  6355           0.00197872    0.01364562
  6356           0.00197872    0.01364595
  6357           0.00197872    0.01364564
  6358           0.00197872    0.01364597
  6359           0.00197872    0.01364567
  6360           0.00197872    0.01364600
  6361           0.00197872    0.01364569
  6362           0.00197872    0.01364602
  6363           0.00197872    0.01364572
  6364           0.00197872    0.01364605
  6365           0.00197872    0.01364574
  6366           0.00197872    0.01364607
  6367           0.00197872    0.01364577
  6368           0.00197872    0.01364609
  6369           0.00197872    0.01364579
  6370           0.00197872    0.01364612
  6371           0.00197872    0.01364582
  6372           0.00197872    0.01364614
  6373           0.00197872    0.01364584
  6374           0.00197872    0.01364617
  6375           0.00197872    0.01364587
  6376           0.00197872    0.01364619
  6377           0.00197872    0.01364589
  6378           0.00197872    0.01364622
  6379           0.00197872    0.01364591
  6380           0.00197872    0.01364624
  6381           0.00197872    0.01364594
  6382           0.00197872    0.01364627
  6383           0.00197872    0.01364596
  6384           0.00197872    0.01364629
  6385           0.00197872    0.01364599
  6386           0.00197872    0.01364631
  6387           0.00197872    0.01364601
  6388           0.00197872    0.01364634
  6389           0.00197872    0.01364604
  6390           0.00197872    0.01364636
  6391           0.00197872    0.01364606
  6392           0.00197872    0.01364639
  6393           0.00197872    0.01364609
  6394           0.00197872    0.01364641
  6395           0.00197872    0.01364611
  6396           0.00197872    0.01364644
  6397           0.00197872    0.01364614
  6398           0.00197872    0.01364646
  6399           0.00197872    0.01364616
  6400           0.00197872    0.01364649
  6401           0.00197872    0.01364618
  6402           0.00197872    0.01364651
  6403           0.00197872    0.01364621
  6404           0.00197872    0.01364653
  6405           0.00197872    0.01364623
  6406           0.00197872    0.01364656
  6407           0.00197872    0.01364626
  6408           0.00197872    0.01364658
  6409           0.00197872    0.01364628
  6410           0.00197872    0.01364661
  6411           0.00197872    0.01364631
  6412           0.00197872    0.01364663
  6413           0.00197872    0.01364633
  6414           0.00197872    0.01364666
  6415           0.00197872    0.01364636
  6416           0.00197872    0.01364668
  6417           0.00197872    0.01364638
  6418           0.00197872    0.01364670
  6419           0.00197872    0.01364640
  6420           0.00197872    0.01364673
  6421           0.00197872    0.01364643
  6422           0.00197872    0.01364675
  6423           0.00197872    0.01364645
  6424           0.00197872    0.01364678
  6425           0.00197872    0.01364648
  6426           0.00197872    0.01364680
  6427           0.00197872    0.01364650
  6428           0.00197872    0.01364683
  6429           0.00197872    0.01364653
  6430           0.00197872    0.01364685
  6431           0.00197872    0.01364655
  6432           0.00197872    0.01364687
  6433           0.00197872    0.01364658
  6434           0.00197872    0.01364690
  6435           0.00197872    0.01364660
  6436           0.00197872    0.01364692
  6437           0.00197872    0.01364662
  6438           0.00197872    0.01364695
  6439           0.00197872    0.01364665
  6440           0.00197872    0.01364697
  6441           0.00197872    0.01364667
  6442           0.00197872    0.01364699
  6443           0.00197872    0.01364670
  6444           0.00197872    0.01364702
  6445           0.00197872    0.01364672
  6446           0.00197872    0.01364704
  6447           0.00197872    0.01364675
  6448           0.00197872    0.01364707
  6449           0.00197872    0.01364677
  6450           0.00197872    0.01364709
  6451           0.00197872    0.01364679
  6452           0.00197872    0.01364711
  6453           0.00197872    0.01364682
  6454           0.00197872    0.01364714
  6455           0.00197872    0.01364684
  6456           0.00197872    0.01364716
  6457           0.00197872    0.01364687
  6458           0.00197872    0.01364719
  6459           0.00197872    0.01364689
  6460           0.00197872    0.01364721
  6461           0.00197872    0.01364691
  6462           0.00197872    0.01364724
  6463           0.00197872    0.01364694
  6464           0.00197872    0.01364726
  6465           0.00197872    0.01364696
  6466           0.00197872    0.01364728
  6467           0.00197872    0.01364699
  6468           0.00197872    0.01364731
  6469           0.00197872    0.01364701
  6470           0.00197872    0.01364733
  6471           0.00197872    0.01364704
  6472           0.00197872    0.01364736
  6473           0.00197872    0.01364706
  6474           0.00197872    0.01364738
  6475           0.00197872    0.01364708
  6476           0.00197872    0.01364740
  6477           0.00197872    0.01364711
  6478           0.00197872    0.01364743
  6479           0.00197872    0.01364713
  6480           0.00197872    0.01364745
  6481           0.00197872    0.01364716
  6482           0.00197872    0.01364747
  6483           0.00197872    0.01364718
  6484           0.00197872    0.01364750
  6485           0.00197872    0.01364720
  6486           0.00197872    0.01364752
  6487           0.00197872    0.01364723
  6488           0.00197872    0.01364755
  6489           0.00197872    0.01364725
  6490           0.00197872    0.01364757
  6491           0.00197872    0.01364728
  6492           0.00197872    0.01364759
  6493           0.00197872    0.01364730
  6494           0.00197872    0.01364762
  6495           0.00197872    0.01364732
  6496           0.00197872    0.01364764
  6497           0.00197872    0.01364735
  6498           0.00197872    0.01364767
  6499           0.00197872    0.01364737
  6500           0.00197872    0.01364769
  6501           0.00197872    0.01364740
  6502           0.00197872    0.01364771
  6503           0.00197872    0.01364742
  6504           0.00197872    0.01364774
  6505           0.00197872    0.01364744
  6506           0.00197872    0.01364776
  6507           0.00197872    0.01364747
  6508           0.00197872    0.01364778
  6509           0.00197872    0.01364749
  6510           0.00197872    0.01364781
  6511           0.00197872    0.01364752
  6512           0.00197872    0.01364783
  6513           0.00197872    0.01364754
  6514           0.00197872    0.01364786
  6515           0.00197872    0.01364756
  6516           0.00197872    0.01364788
  6517           0.00197872    0.01364759
  6518           0.00197872    0.01364790
  6519           0.00197872    0.01364761
  6520           0.00197872    0.01364793
  6521           0.00197872    0.01364763
  6522           0.00197872    0.01364795
  6523           0.00197872    0.01364766
  6524           0.00197872    0.01364797
  6525           0.00197872    0.01364768
  6526           0.00197872    0.01364800
  6527           0.00197872    0.01364771
  6528           0.00197872    0.01364802
  6529           0.00197872    0.01364773
  6530           0.00197872    0.01364805
  6531           0.00197872    0.01364775
  6532           0.00197872    0.01364807
  6533           0.00197872    0.01364778
  6534           0.00197872    0.01364809
  6535           0.00197872    0.01364780
  6536           0.00197872    0.01364812
  6537           0.00197872    0.01364782
  6538           0.00197872    0.01364814
  6539           0.00197872    0.01364785
  6540           0.00197872    0.01364816
  6541           0.00197872    0.01364787
  6542           0.00197872    0.01364819
  6543           0.00197872    0.01364790
  6544           0.00197872    0.01364821
  6545           0.00197872    0.01364792
  6546           0.00197872    0.01364823
  6547           0.00197872    0.01364794
  6548           0.00197872    0.01364826
  6549           0.00197872    0.01364797
  6550           0.00197872    0.01364828
  6551           0.00197872    0.01364799
  6552           0.00197872    0.01364831
  6553           0.00197872    0.01364801
  6554           0.00197872    0.01364833
  6555           0.00197872    0.01364804
  6556           0.00197872    0.01364835
  6557           0.00197872    0.01364806
  6558           0.00197872    0.01364838
  6559           0.00197872    0.01364809
  6560           0.00197872    0.01364840
  6561           0.00197872    0.01364811
  6562           0.00197872    0.01364842
  6563           0.00197872    0.01364813
  6564           0.00197872    0.01364845
  6565           0.00197872    0.01364816
  6566           0.00197872    0.01364847
  6567           0.00197872    0.01364818
  6568           0.00197872    0.01364849
  6569           0.00197872    0.01364820
  6570           0.00197872    0.01364852
  6571           0.00197872    0.01364823
  6572           0.00197872    0.01364854
  6573           0.00197872    0.01364825
  6574           0.00197872    0.01364856
  6575           0.00197872    0.01364827
  6576           0.00197872    0.01364859
  6577           0.00197872    0.01364830
  6578           0.00197872    0.01364861
  6579           0.00197872    0.01364832
  6580           0.00197872    0.01364863
  6581           0.00197872    0.01364834
  6582           0.00197872    0.01364866
  6583           0.00197872    0.01364837
  6584           0.00197872    0.01364868
  6585           0.00197872    0.01364839
  6586           0.00197872    0.01364870
  6587           0.00197872    0.01364842
  6588           0.00197872    0.01364873
  6589           0.00197872    0.01364844
  6590           0.00197872    0.01364875
  6591           0.00197872    0.01364846
  6592           0.00197872    0.01364877
  6593           0.00197872    0.01364849
  6594           0.00197872    0.01364880
  6595           0.00197872    0.01364851
  6596           0.00197872    0.01364882
  6597           0.00197872    0.01364853
  6598           0.00197872    0.01364884
  6599           0.00197872    0.01364856
  6600           0.00197872    0.01364887
  6601           0.00197872    0.01364858
  6602           0.00197872    0.01364889
  6603           0.00197872    0.01364860
  6604           0.00197872    0.01364891
  6605           0.00197872    0.01364863
  6606           0.00197872    0.01364894
  6607           0.00197872    0.01364865
  6608           0.00197872    0.01364896
  6609           0.00197872    0.01364867
  6610           0.00197872    0.01364898
  6611           0.00197872    0.01364870
  6612           0.00197872    0.01364901
  6613           0.00197872    0.01364872
  6614           0.00197872    0.01364903
  6615           0.00197872    0.01364874
  6616           0.00197872    0.01364905
  6617           0.00197872    0.01364877
  6618           0.00197872    0.01364908
  6619           0.00197872    0.01364879
  6620           0.00197872    0.01364910
  6621           0.00197872    0.01364881
  6622           0.00197872    0.01364912
  6623           0.00197872    0.01364884
  6624           0.00197872    0.01364915
  6625           0.00197872    0.01364886
  6626           0.00197872    0.01364917
  6627           0.00197872    0.01364888
  6628           0.00197872    0.01364919
  6629           0.00197872    0.01364891
  6630           0.00197872    0.01364922
  6631           0.00197872    0.01364893
  6632           0.00197872    0.01364924
  6633           0.00197872    0.01364895
  6634           0.00197872    0.01364926
  6635           0.00197872    0.01364898
  6636           0.00197872    0.01364928
  6637           0.00197872    0.01364900
  6638           0.00197872    0.01364931
  6639           0.00197872    0.01364902
  6640           0.00197872    0.01364933
  6641           0.00197872    0.01364905
  6642           0.00197872    0.01364935
  6643           0.00197872    0.01364907
  6644           0.00197872    0.01364938
  6645           0.00197872    0.01364909
  6646           0.00197872    0.01364940
  6647           0.00197872    0.01364912
  6648           0.00197872    0.01364942
  6649           0.00197872    0.01364914
  6650           0.00197872    0.01364945
  6651           0.00197872    0.01364916
  6652           0.00197872    0.01364947
  6653           0.00197872    0.01364918
  6654           0.00197872    0.01364949
  6655           0.00197872    0.01364921
  6656           0.00197872    0.01364952
  6657           0.00197872    0.01364923
  6658           0.00197872    0.01364954
  6659           0.00197872    0.01364925
  6660           0.00197872    0.01364956
  6661           0.00197872    0.01364928
  6662           0.00197872    0.01364958
  6663           0.00197872    0.01364930
  6664           0.00197872    0.01364961
  6665           0.00197872    0.01364932
  6666           0.00197872    0.01364963
  6667           0.00197872    0.01364935
  6668           0.00197872    0.01364965
  6669           0.00197872    0.01364937
  6670           0.00197872    0.01364968
  6671           0.00197872    0.01364939
  6672           0.00197872    0.01364970
  6673           0.00197872    0.01364942
  6674           0.00197872    0.01364972
  6675           0.00197872    0.01364944
  6676           0.00197872    0.01364974
  6677           0.00197872    0.01364946
  6678           0.00197872    0.01364977
  6679           0.00197872    0.01364948
  6680           0.00197872    0.01364979
  6681           0.00197872    0.01364951
  6682           0.00197872    0.01364981
  6683           0.00197872    0.01364953
  6684           0.00197872    0.01364984
  6685           0.00197872    0.01364955
  6686           0.00197872    0.01364986
  6687           0.00197872    0.01364958
  6688           0.00197872    0.01364988
  6689           0.00197872    0.01364960
  6690           0.00197872    0.01364990
  6691           0.00197872    0.01364962
  6692           0.00197872    0.01364993
  6693           0.00197872    0.01364965
  6694           0.00197872    0.01364995
  6695           0.00197872    0.01364967
  6696           0.00197872    0.01364997
  6697           0.00197872    0.01364969
  6698           0.00197872    0.01365000
  6699           0.00197872    0.01364971
  6700           0.00197872    0.01365002
  6701           0.00197872    0.01364974
  6702           0.00197872    0.01365004
  6703           0.00197872    0.01364976
  6704           0.00197872    0.01365006
  6705           0.00197872    0.01364978
  6706           0.00197872    0.01365009
  6707           0.00197872    0.01364981
  6708           0.00197872    0.01365011
  6709           0.00197872    0.01364983
  6710           0.00197872    0.01365013
  6711           0.00197872    0.01364985
  6712           0.00197872    0.01365016
  6713           0.00197872    0.01364987
  6714           0.00197872    0.01365018
  6715           0.00197872    0.01364990
  6716           0.00197872    0.01365020
  6717           0.00197872    0.01364992
  6718           0.00197872    0.01365022
  6719           0.00197872    0.01364994
  6720           0.00197872    0.01365025
  6721           0.00197872    0.01364997
  6722           0.00197872    0.01365027
  6723           0.00197872    0.01364999
  6724           0.00197872    0.01365029
  6725           0.00197872    0.01365001
  6726           0.00197872    0.01365031
  6727           0.00197872    0.01365003
  6728           0.00197872    0.01365034
  6729           0.00197872    0.01365006
  6730           0.00197872    0.01365036
  6731           0.00197872    0.01365008
  6732           0.00197872    0.01365038
  6733           0.00197872    0.01365010
  6734           0.00197872    0.01365040
  6735           0.00197872    0.01365013
  6736           0.00197872    0.01365043
  6737           0.00197872    0.01365015
  6738           0.00197872    0.01365045
  6739           0.00197872    0.01365017
  6740           0.00197872    0.01365047
  6741           0.00197872    0.01365019
  6742           0.00197872    0.01365049
  6743           0.00197872    0.01365022
  6744           0.00197872    0.01365052
  6745           0.00197872    0.01365024
  6746           0.00197872    0.01365054
  6747           0.00197872    0.01365026
  6748           0.00197872    0.01365056
  6749           0.00197872    0.01365028
  6750           0.00197872    0.01365059
  6751           0.00197872    0.01365031
  6752           0.00197872    0.01365061
  6753           0.00197872    0.01365033
  6754           0.00197872    0.01365063
  6755           0.00197872    0.01365035
  6756           0.00197872    0.01365065
  6757           0.00197872    0.01365037
  6758           0.00197872    0.01365068
  6759           0.00197872    0.01365040
  6760           0.00197872    0.01365070
  6761           0.00197872    0.01365042
  6762           0.00197872    0.01365072
  6763           0.00197872    0.01365044
  6764           0.00197872    0.01365074
  6765           0.00197872    0.01365047
  6766           0.00197872    0.01365076
  6767           0.00197872    0.01365049
  6768           0.00197872    0.01365079
  6769           0.00197872    0.01365051
  6770           0.00197872    0.01365081
  6771           0.00197872    0.01365053
  6772           0.00197872    0.01365083
  6773           0.00197872    0.01365056
  6774           0.00197872    0.01365085
  6775           0.00197872    0.01365058
  6776           0.00197872    0.01365088
  6777           0.00197872    0.01365060
  6778           0.00197872    0.01365090
  6779           0.00197872    0.01365062
  6780           0.00197872    0.01365092
  6781           0.00197872    0.01365065
  6782           0.00197872    0.01365094
  6783           0.00197872    0.01365067
  6784           0.00197872    0.01365097
  6785           0.00197872    0.01365069
  6786           0.00197872    0.01365099
  6787           0.00197872    0.01365071
  6788           0.00197872    0.01365101
  6789           0.00197872    0.01365074
  6790           0.00197872    0.01365103
  6791           0.00197872    0.01365076
  6792           0.00197872    0.01365106
  6793           0.00197872    0.01365078
  6794           0.00197872    0.01365108
  6795           0.00197872    0.01365080
  6796           0.00197872    0.01365110
  6797           0.00197872    0.01365082
  6798           0.00197872    0.01365112
  6799           0.00197872    0.01365085
  6800           0.00197872    0.01365115
  6801           0.00197872    0.01365087
  6802           0.00197872    0.01365117
  6803           0.00197872    0.01365089
  6804           0.00197872    0.01365119
  6805           0.00197872    0.01365091
  6806           0.00197872    0.01365121
  6807           0.00197872    0.01365094
  6808           0.00197872    0.01365123
  6809           0.00197872    0.01365096
  6810           0.00197872    0.01365126
  6811           0.00197872    0.01365098
  6812           0.00197872    0.01365128
  6813           0.00197872    0.01365100
  6814           0.00197872    0.01365130
  6815           0.00197872    0.01365103
  6816           0.00197872    0.01365132
  6817           0.00197872    0.01365105
  6818           0.00197872    0.01365135
  6819           0.00197872    0.01365107
  6820           0.00197872    0.01365137
  6821           0.00197872    0.01365109
  6822           0.00197872    0.01365139
  6823           0.00197872    0.01365112
  6824           0.00197872    0.01365141
  6825           0.00197872    0.01365114
  6826           0.00197872    0.01365143
  6827           0.00197872    0.01365116
  6828           0.00197872    0.01365146
  6829           0.00197872    0.01365118
  6830           0.00197872    0.01365148
  6831           0.00197872    0.01365120
  6832           0.00197872    0.01365150
  6833           0.00197872    0.01365123
  6834           0.00197872    0.01365152
  6835           0.00197872    0.01365125
  6836           0.00197872    0.01365154
  6837           0.00197872    0.01365127
  6838           0.00197872    0.01365157
  6839           0.00197872    0.01365129
  6840           0.00197872    0.01365159
  6841           0.00197872    0.01365132
  6842           0.00197872    0.01365161
  6843           0.00197872    0.01365134
  6844           0.00197872    0.01365163
  6845           0.00197872    0.01365136
  6846           0.00197872    0.01365165
  6847           0.00197872    0.01365138
  6848           0.00197872    0.01365168
  6849           0.00197872    0.01365140
  6850           0.00197872    0.01365170
  6851           0.00197872    0.01365143
  6852           0.00197872    0.01365172
  6853           0.00197872    0.01365145
  6854           0.00197872    0.01365174
  6855           0.00197872    0.01365147
  6856           0.00197872    0.01365176
  6857           0.00197872    0.01365149
  6858           0.00197872    0.01365179
  6859           0.00197872    0.01365152
  6860           0.00197872    0.01365181
  6861           0.00197872    0.01365154
  6862           0.00197872    0.01365183
  6863           0.00197872    0.01365156
  6864           0.00197872    0.01365185
  6865           0.00197872    0.01365158
  6866           0.00197872    0.01365187
  6867           0.00197872    0.01365160
  6868           0.00197872    0.01365190
  6869           0.00197872    0.01365163
  6870           0.00197872    0.01365192
  6871           0.00197872    0.01365165
  6872           0.00197872    0.01365194
  6873           0.00197872    0.01365167
  6874           0.00197872    0.01365196
  6875           0.00197872    0.01365169
  6876           0.00197872    0.01365198
  6877           0.00197872    0.01365171
  6878           0.00197872    0.01365201
  6879           0.00197872    0.01365174
  6880           0.00197872    0.01365203
  6881           0.00197872    0.01365176
  6882           0.00197872    0.01365205
  6883           0.00197872    0.01365178
  6884           0.00197872    0.01365207
  6885           0.00197872    0.01365180
  6886           0.00197872    0.01365209
  6887           0.00197872    0.01365182
  6888           0.00197872    0.01365212
  6889           0.00197872    0.01365185
  6890           0.00197872    0.01365214
  6891           0.00197872    0.01365187
  6892           0.00197872    0.01365216
  6893           0.00197872    0.01365189
  6894           0.00197872    0.01365218
  6895           0.00197872    0.01365191
  6896           0.00197872    0.01365220
  6897           0.00197872    0.01365193
  6898           0.00197872    0.01365222
  6899           0.00197872    0.01365196
  6900           0.00197872    0.01365225
  6901           0.00197872    0.01365198
  6902           0.00197872    0.01365227
  6903           0.00197872    0.01365200
  6904           0.00197872    0.01365229
  6905           0.00197872    0.01365202
  6906           0.00197872    0.01365231
  6907           0.00197872    0.01365204
  6908           0.00197872    0.01365233
  6909           0.00197872    0.01365206
  6910           0.00197872    0.01365236
  6911           0.00197872    0.01365209
  6912           0.00197872    0.01365238
  6913           0.00197872    0.01365211
  6914           0.00197872    0.01365240
  6915           0.00197872    0.01365213
  6916           0.00197872    0.01365242
  6917           0.00197872    0.01365215
  6918           0.00197872    0.01365244
  6919           0.00197872    0.01365217
  6920           0.00197872    0.01365246
  6921           0.00197872    0.01365220
  6922           0.00197872    0.01365249
  6923           0.00197872    0.01365222
  6924           0.00197872    0.01365251
  6925           0.00197872    0.01365224
  6926           0.00197872    0.01365253
  6927           0.00197872    0.01365226
  6928           0.00197872    0.01365255
  6929           0.00197872    0.01365228
  6930           0.00197872    0.01365257
  6931           0.00197872    0.01365230
  6932           0.00197872    0.01365259
  6933           0.00197872    0.01365233
  6934           0.00197872    0.01365262
  6935           0.00197872    0.01365235
  6936           0.00197872    0.01365264
  6937           0.00197872    0.01365237
  6938           0.00197872    0.01365266
  6939           0.00197872    0.01365239
  6940           0.00197872    0.01365268
  6941           0.00197872    0.01365241
  6942           0.00197872    0.01365270
  6943           0.00197872    0.01365243
  6944           0.00197872    0.01365272
  6945           0.00197872    0.01365246
  6946           0.00197872    0.01365274
  6947           0.00197872    0.01365248
  6948           0.00197872    0.01365277
  6949           0.00197872    0.01365250
  6950           0.00197872    0.01365279
  6951           0.00197872    0.01365252
  6952           0.00197872    0.01365281
  6953           0.00197872    0.01365254
  6954           0.00197872    0.01365283
  6955           0.00197872    0.01365256
  6956           0.00197872    0.01365285
  6957           0.00197872    0.01365259
  6958           0.00197872    0.01365287
  6959           0.00197872    0.01365261
  6960           0.00197872    0.01365290
  6961           0.00197872    0.01365263
  6962           0.00197872    0.01365292
  6963           0.00197872    0.01365265
  6964           0.00197872    0.01365294
  6965           0.00197872    0.01365267
  6966           0.00197872    0.01365296
  6967           0.00197872    0.01365269
  6968           0.00197872    0.01365298
  6969           0.00197872    0.01365272
  6970           0.00197872    0.01365300
  6971           0.00197872    0.01365274
  6972           0.00197872    0.01365302
  6973           0.00197872    0.01365276
  6974           0.00197872    0.01365305
  6975           0.00197872    0.01365278
  6976           0.00197872    0.01365307
  6977           0.00197872    0.01365280
  6978           0.00197872    0.01365309
  6979           0.00197872    0.01365282
  6980           0.00197872    0.01365311
  6981           0.00197872    0.01365285
  6982           0.00197872    0.01365313
  6983           0.00197872    0.01365287
  6984           0.00197872    0.01365315
  6985           0.00197872    0.01365289
  6986           0.00197872    0.01365317
  6987           0.00197872    0.01365291
  6988           0.00197872    0.01365320
  6989           0.00197872    0.01365293
  6990           0.00197872    0.01365322
  6991           0.00197872    0.01365295
  6992           0.00197872    0.01365324
  6993           0.00197872    0.01365297
  6994           0.00197872    0.01365326
  6995           0.00197872    0.01365300
  6996           0.00197872    0.01365328
  6997           0.00197872    0.01365302
  6998           0.00197872    0.01365330
  6999           0.00197872    0.01365304
  7000           0.00197872    0.01365332
  7001           0.00197872    0.01365306
  7002           0.00197872    0.01365334
  7003           0.00197872    0.01365308
  7004           0.00197872    0.01365337
  7005           0.00197872    0.01365310
  7006           0.00197872    0.01365339
  7007           0.00197872    0.01365312
  7008           0.00197872    0.01365341
  7009           0.00197872    0.01365315
  7010           0.00197872    0.01365343
  7011           0.00197872    0.01365317
  7012           0.00197872    0.01365345
  7013           0.00197872    0.01365319
  7014           0.00197872    0.01365347
  7015           0.00197872    0.01365321
  7016           0.00197872    0.01365349
  7017           0.00197872    0.01365323
  7018           0.00197872    0.01365351
  7019           0.00197872    0.01365325
  7020           0.00197872    0.01365354
  7021           0.00197872    0.01365327
  7022           0.00197872    0.01365356
  7023           0.00197872    0.01365330
  7024           0.00197872    0.01365358
  7025           0.00197872    0.01365332
  7026           0.00197872    0.01365360
  7027           0.00197872    0.01365334
  7028           0.00197872    0.01365362
  7029           0.00197872    0.01365336
  7030           0.00197872    0.01365364
  7031           0.00197872    0.01365338
  7032           0.00197872    0.01365366
  7033           0.00197872    0.01365340
  7034           0.00197872    0.01365368
  7035           0.00197872    0.01365342
  7036           0.00197872    0.01365371
  7037           0.00197872    0.01365344
  7038           0.00197872    0.01365373
  7039           0.00197872    0.01365347
  7040           0.00197872    0.01365375
  7041           0.00197872    0.01365349
  7042           0.00197872    0.01365377
  7043           0.00197872    0.01365351
  7044           0.00197872    0.01365379
  7045           0.00197872    0.01365353
  7046           0.00197872    0.01365381
  7047           0.00197872    0.01365355
  7048           0.00197872    0.01365383
  7049           0.00197872    0.01365357
  7050           0.00197872    0.01365385
  7051           0.00197872    0.01365359
  7052           0.00197872    0.01365387
  7053           0.00197872    0.01365361
  7054           0.00197872    0.01365390
  7055           0.00197872    0.01365364
  7056           0.00197872    0.01365392
  7057           0.00197872    0.01365366
  7058           0.00197872    0.01365394
  7059           0.00197872    0.01365368
  7060           0.00197872    0.01365396
  7061           0.00197872    0.01365370
  7062           0.00197872    0.01365398
  7063           0.00197872    0.01365372
  7064           0.00197872    0.01365400
  7065           0.00197872    0.01365374
  7066           0.00197872    0.01365402
  7067           0.00197872    0.01365376
  7068           0.00197872    0.01365404
  7069           0.00197872    0.01365378
  7070           0.00197872    0.01365406
  7071           0.00197872    0.01365380
  7072           0.00197872    0.01365408
  7073           0.00197872    0.01365383
  7074           0.00197872    0.01365411
  7075           0.00197872    0.01365385
  7076           0.00197872    0.01365413
  7077           0.00197872    0.01365387
  7078           0.00197872    0.01365415
  7079           0.00197872    0.01365389
  7080           0.00197872    0.01365417
  7081           0.00197872    0.01365391
  7082           0.00197872    0.01365419
  7083           0.00197872    0.01365393
  7084           0.00197872    0.01365421
  7085           0.00197872    0.01365395
  7086           0.00197872    0.01365423
  7087           0.00197872    0.01365397
  7088           0.00197872    0.01365425
  7089           0.00197872    0.01365399
  7090           0.00197872    0.01365427
  7091           0.00197872    0.01365401
  7092           0.00197872    0.01365429
  7093           0.00197872    0.01365404
  7094           0.00197872    0.01365431
  7095           0.00197872    0.01365406
  7096           0.00197872    0.01365434
  7097           0.00197872    0.01365408
  7098           0.00197872    0.01365436
  7099           0.00197872    0.01365410
  7100           0.00197872    0.01365438
  7101           0.00197872    0.01365412
  7102           0.00197872    0.01365440
  7103           0.00197872    0.01365414
  7104           0.00197872    0.01365442
  7105           0.00197872    0.01365416
  7106           0.00197872    0.01365444
  7107           0.00197872    0.01365418
  7108           0.00197872    0.01365446
  7109           0.00197872    0.01365420
  7110           0.00197872    0.01365448
  7111           0.00197872    0.01365422
  7112           0.00197872    0.01365450
  7113           0.00197872    0.01365424
  7114           0.00197872    0.01365452
  7115           0.00197872    0.01365427
  7116           0.00197872    0.01365454
  7117           0.00197872    0.01365429
  7118           0.00197872    0.01365456
  7119           0.00197872    0.01365431
  7120           0.00197872    0.01365459
  7121           0.00197872    0.01365433
  7122           0.00197872    0.01365461
  7123           0.00197872    0.01365435
  7124           0.00197872    0.01365463
  7125           0.00197872    0.01365437
  7126           0.00197872    0.01365465
  7127           0.00197872    0.01365439
  7128           0.00197872    0.01365467
  7129           0.00197872    0.01365441
  7130           0.00197872    0.01365469
  7131           0.00197872    0.01365443
  7132           0.00197872    0.01365471
  7133           0.00197872    0.01365445
  7134           0.00197872    0.01365473
  7135           0.00197872    0.01365447
  7136           0.00197872    0.01365475
  7137           0.00197872    0.01365450
  7138           0.00197872    0.01365477
  7139           0.00197872    0.01365452
  7140           0.00197872    0.01365479
  7141           0.00197872    0.01365454
  7142           0.00197872    0.01365481
  7143           0.00197872    0.01365456
  7144           0.00197872    0.01365483
  7145           0.00197872    0.01365458
  7146           0.00197872    0.01365485
  7147           0.00197872    0.01365460
  7148           0.00197872    0.01365487
  7149           0.00197872    0.01365462
  7150           0.00197872    0.01365490
  7151           0.00197872    0.01365464
  7152           0.00197872    0.01365492
  7153           0.00197872    0.01365466
  7154           0.00197872    0.01365494
  7155           0.00197872    0.01365468
  7156           0.00197872    0.01365496
  7157           0.00197872    0.01365470
  7158           0.00197872    0.01365498
  7159           0.00197872    0.01365472
  7160           0.00197872    0.01365500
  7161           0.00197872    0.01365474
  7162           0.00197872    0.01365502
  7163           0.00197872    0.01365476
  7164           0.00197872    0.01365504
  7165           0.00197872    0.01365479
  7166           0.00197872    0.01365506
  7167           0.00197872    0.01365481
  7168           0.00197872    0.01365508
  7169           0.00197872    0.01365483
  7170           0.00197872    0.01365510
  7171           0.00197872    0.01365485
  7172           0.00197872    0.01365512
  7173           0.00197872    0.01365487
  7174           0.00197872    0.01365514
  7175           0.00197872    0.01365489
  7176           0.00197872    0.01365516
  7177           0.00197872    0.01365491
  7178           0.00197872    0.01365518
  7179           0.00197872    0.01365493
  7180           0.00197872    0.01365520
  7181           0.00197872    0.01365495
  7182           0.00197872    0.01365522
  7183           0.00197872    0.01365497
  7184           0.00197872    0.01365524
  7185           0.00197872    0.01365499
  7186           0.00197872    0.01365526
  7187           0.00197872    0.01365501
  7188           0.00197872    0.01365529
  7189           0.00197872    0.01365503
  7190           0.00197872    0.01365531
  7191           0.00197872    0.01365505
  7192           0.00197872    0.01365533
  7193           0.00197872    0.01365507
  7194           0.00197872    0.01365535
  7195           0.00197872    0.01365509
  7196           0.00197872    0.01365537
  7197           0.00197872    0.01365511
  7198           0.00197872    0.01365539
  7199           0.00197872    0.01365514
  7200           0.00197872    0.01365541
  7201           0.00197872    0.01365516
  7202           0.00197872    0.01365543
  7203           0.00197872    0.01365518
  7204           0.00197872    0.01365545
  7205           0.00197872    0.01365520
  7206           0.00197872    0.01365547
  7207           0.00197872    0.01365522
  7208           0.00197872    0.01365549
  7209           0.00197872    0.01365524
  7210           0.00197872    0.01365551
  7211           0.00197872    0.01365526
  7212           0.00197872    0.01365553
  7213           0.00197872    0.01365528
  7214           0.00197872    0.01365555
  7215           0.00197872    0.01365530
  7216           0.00197872    0.01365557
  7217           0.00197872    0.01365532
  7218           0.00197872    0.01365559
  7219           0.00197872    0.01365534
  7220           0.00197872    0.01365561
  7221           0.00197872    0.01365536
  7222           0.00197872    0.01365563
  7223           0.00197872    0.01365538
  7224           0.00197872    0.01365565
  7225           0.00197872    0.01365540
  7226           0.00197872    0.01365567
  7227           0.00197872    0.01365542
  7228           0.00197872    0.01365569
  7229           0.00197872    0.01365544
  7230           0.00197872    0.01365571
  7231           0.00197872    0.01365546
  7232           0.00197872    0.01365573
  7233           0.00197872    0.01365548
  7234           0.00197872    0.01365575
  7235           0.00197872    0.01365550
  7236           0.00197872    0.01365577
  7237           0.00197872    0.01365552
  7238           0.00197872    0.01365579
  7239           0.00197872    0.01365554
  7240           0.00197872    0.01365581
  7241           0.00197872    0.01365556
  7242           0.00197872    0.01365583
  7243           0.00197872    0.01365558
  7244           0.00197872    0.01365585
  7245           0.00197872    0.01365560
  7246           0.00197872    0.01365587
  7247           0.00197872    0.01365562
  7248           0.00197872    0.01365589
  7249           0.00197872    0.01365564
  7250           0.00197872    0.01365591
  7251           0.00197872    0.01365567
  7252           0.00197872    0.01365593
  7253           0.00197872    0.01365569
  7254           0.00197872    0.01365596
  7255           0.00197872    0.01365571
  7256           0.00197872    0.01365598
  7257           0.00197872    0.01365573
  7258           0.00197872    0.01365600
  7259           0.00197872    0.01365575
  7260           0.00197872    0.01365602
  7261           0.00197872    0.01365577
  7262           0.00197872    0.01365604
  7263           0.00197872    0.01365579
  7264           0.00197872    0.01365606
  7265           0.00197872    0.01365581
  7266           0.00197872    0.01365608
  7267           0.00197872    0.01365583
  7268           0.00197872    0.01365610
  7269           0.00197872    0.01365585
  7270           0.00197872    0.01365612
  7271           0.00197872    0.01365587
  7272           0.00197872    0.01365614
  7273           0.00197872    0.01365589
  7274           0.00197872    0.01365616
  7275           0.00197872    0.01365591
  7276           0.00197872    0.01365618
  7277           0.00197872    0.01365593
  7278           0.00197872    0.01365620
  7279           0.00197872    0.01365595
  7280           0.00197872    0.01365622
  7281           0.00197872    0.01365597
  7282           0.00197872    0.01365624
  7283           0.00197872    0.01365599
  7284           0.00197872    0.01365626
  7285           0.00197872    0.01365601
  7286           0.00197872    0.01365628
  7287           0.00197872    0.01365603
  7288           0.00197872    0.01365630
  7289           0.00197872    0.01365605
  7290           0.00197872    0.01365632
  7291           0.00197872    0.01365607
  7292           0.00197872    0.01365634
  7293           0.00197872    0.01365609
  7294           0.00197872    0.01365636
  7295           0.00197872    0.01365611
  7296           0.00197872    0.01365638
  7297           0.00197872    0.01365613
  7298           0.00197872    0.01365640
  7299           0.00197872    0.01365615
  7300           0.00197872    0.01365642
  7301           0.00197872    0.01365617
  7302           0.00197872    0.01365644
  7303           0.00197872    0.01365619
  7304           0.00197872    0.01365646
  7305           0.00197872    0.01365621
  7306           0.00197872    0.01365648
  7307           0.00197872    0.01365623
  7308           0.00197872    0.01365650
  7309           0.00197872    0.01365625
  7310           0.00197872    0.01365652
  7311           0.00197872    0.01365627
  7312           0.00197872    0.01365654
  7313           0.00197872    0.01365629
  7314           0.00197872    0.01365656
  7315           0.00197872    0.01365631
  7316           0.00197872    0.01365658
  7317           0.00197872    0.01365633
  7318           0.00197872    0.01365660
  7319           0.00197872    0.01365635
  7320           0.00197872    0.01365662
  7321           0.00197872    0.01365637
  7322           0.00197872    0.01365663
  7323           0.00197872    0.01365639
  7324           0.00197872    0.01365665
  7325           0.00197872    0.01365641
  7326           0.00197872    0.01365667
  7327           0.00197872    0.01365643
  7328           0.00197872    0.01365669
  7329           0.00197872    0.01365645
  7330           0.00197872    0.01365671
  7331           0.00197872    0.01365647
  7332           0.00197872    0.01365673
  7333           0.00197872    0.01365649
  7334           0.00197872    0.01365675
  7335           0.00197872    0.01365651
  7336           0.00197872    0.01365677
  7337           0.00197872    0.01365653
  7338           0.00197872    0.01365679
  7339           0.00197872    0.01365655
  7340           0.00197872    0.01365681
  7341           0.00197872    0.01365657
  7342           0.00197872    0.01365683
  7343           0.00197872    0.01365659
  7344           0.00197872    0.01365685
  7345           0.00197872    0.01365661
  7346           0.00197872    0.01365687
  7347           0.00197872    0.01365663
  7348           0.00197872    0.01365689
  7349           0.00197872    0.01365665
  7350           0.00197872    0.01365691
  7351           0.00197872    0.01365667
  7352           0.00197872    0.01365693
  7353           0.00197872    0.01365669
  7354           0.00197872    0.01365695
  7355           0.00197872    0.01365671
  7356           0.00197872    0.01365697
  7357           0.00197872    0.01365673
  7358           0.00197872    0.01365699
  7359           0.00197872    0.01365675
  7360           0.00197872    0.01365701
  7361           0.00197872    0.01365677
  7362           0.00197872    0.01365703
  7363           0.00197872    0.01365679
  7364           0.00197872    0.01365705
  7365           0.00197872    0.01365681
  7366           0.00197872    0.01365707
  7367           0.00197872    0.01365683
  7368           0.00197872    0.01365709
  7369           0.00197872    0.01365685
  7370           0.00197872    0.01365711
  7371           0.00197872    0.01365687
  7372           0.00197872    0.01365713
  7373           0.00197872    0.01365689
  7374           0.00197872    0.01365715
  7375           0.00197872    0.01365690
  7376           0.00197872    0.01365717
  7377           0.00197872    0.01365692
  7378           0.00197872    0.01365719
  7379           0.00197872    0.01365694
  7380           0.00197872    0.01365721
  7381           0.00197872    0.01365696
  7382           0.00197872    0.01365723
  7383           0.00197872    0.01365698
  7384           0.00197872    0.01365725
  7385           0.00197872    0.01365700
  7386           0.00197872    0.01365727
  7387           0.00197872    0.01365702
  7388           0.00197872    0.01365729
  7389           0.00197872    0.01365704
  7390           0.00197872    0.01365730
  7391           0.00197872    0.01365706
  7392           0.00197872    0.01365732
  7393           0.00197872    0.01365708
  7394           0.00197872    0.01365734
  7395           0.00197872    0.01365710
  7396           0.00197872    0.01365736
  7397           0.00197872    0.01365712
  7398           0.00197872    0.01365738
  7399           0.00197872    0.01365714
  7400           0.00197872    0.01365740
  7401           0.00197872    0.01365716
  7402           0.00197872    0.01365742
  7403           0.00197872    0.01365718
  7404           0.00197872    0.01365744
  7405           0.00197872    0.01365720
  7406           0.00197872    0.01365746
  7407           0.00197872    0.01365722
  7408           0.00197872    0.01365748
  7409           0.00197872    0.01365724
  7410           0.00197872    0.01365750
  7411           0.00197872    0.01365726
  7412           0.00197872    0.01365752
  7413           0.00197872    0.01365728
  7414           0.00197872    0.01365754
  7415           0.00197872    0.01365730
  7416           0.00197872    0.01365756
  7417           0.00197872    0.01365732
  7418           0.00197872    0.01365758
  7419           0.00197872    0.01365734
  7420           0.00197872    0.01365760
  7421           0.00197872    0.01365736
  7422           0.00197872    0.01365762
  7423           0.00197872    0.01365738
  7424           0.00197872    0.01365764
  7425           0.00197872    0.01365740
  7426           0.00197872    0.01365766
  7427           0.00197872    0.01365741
  7428           0.00197872    0.01365767
  7429           0.00197872    0.01365743
  7430           0.00197872    0.01365769
  7431           0.00197872    0.01365745
  7432           0.00197872    0.01365771
  7433           0.00197872    0.01365747
  7434           0.00197872    0.01365773
  7435           0.00197872    0.01365749
  7436           0.00197872    0.01365775
  7437           0.00197872    0.01365751
  7438           0.00197872    0.01365777
  7439           0.00197872    0.01365753
  7440           0.00197872    0.01365779
  7441           0.00197872    0.01365755
  7442           0.00197872    0.01365781
  7443           0.00197872    0.01365757
  7444           0.00197872    0.01365783
  7445           0.00197872    0.01365759
  7446           0.00197872    0.01365785
  7447           0.00197872    0.01365761
  7448           0.00197872    0.01365787
  7449           0.00197872    0.01365763
  7450           0.00197872    0.01365789
  7451           0.00197872    0.01365765
  7452           0.00197872    0.01365791
  7453           0.00197872    0.01365767
  7454           0.00197872    0.01365793
  7455           0.00197872    0.01365769
  7456           0.00197872    0.01365795
  7457           0.00197872    0.01365771
  7458           0.00197872    0.01365796
  7459           0.00197872    0.01365773
  7460           0.00197872    0.01365798
  7461           0.00197872    0.01365775
  7462           0.00197872    0.01365800
  7463           0.00197872    0.01365776
  7464           0.00197872    0.01365802
  7465           0.00197872    0.01365778
  7466           0.00197872    0.01365804
  7467           0.00197872    0.01365780
  7468           0.00197872    0.01365806
  7469           0.00197872    0.01365782
  7470           0.00197872    0.01365808
  7471           0.00197872    0.01365784
  7472           0.00197872    0.01365810
  7473           0.00197872    0.01365786
  7474           0.00197872    0.01365812
  7475           0.00197872    0.01365788
  7476           0.00197872    0.01365814
  7477           0.00197872    0.01365790
  7478           0.00197872    0.01365816
  7479           0.00197872    0.01365792
  7480           0.00197872    0.01365818
  7481           0.00197872    0.01365794
  7482           0.00197872    0.01365820
  7483           0.00197872    0.01365796
  7484           0.00197872    0.01365821
  7485           0.00197872    0.01365798
  7486           0.00197872    0.01365823
  7487           0.00197872    0.01365800
  7488           0.00197872    0.01365825
  7489           0.00197872    0.01365802
  7490           0.00197872    0.01365827
  7491           0.00197872    0.01365803
  7492           0.00197872    0.01365829
  7493           0.00197872    0.01365805
  7494           0.00197872    0.01365831
  7495           0.00197872    0.01365807
  7496           0.00197872    0.01365833
  7497           0.00197872    0.01365809
  7498           0.00197872    0.01365835
  7499           0.00197872    0.01365811
  7500           0.00197872    0.01365837
  7501           0.00197872    0.01365813
  7502           0.00197872    0.01365839
  7503           0.00197872    0.01365815
  7504           0.00197872    0.01365841
  7505           0.00197872    0.01365817
  7506           0.00197872    0.01365842
  7507           0.00197872    0.01365819
  7508           0.00197872    0.01365844
  7509           0.00197872    0.01365821
  7510           0.00197872    0.01365846
  7511           0.00197872    0.01365823
  7512           0.00197872    0.01365848
  7513           0.00197872    0.01365825
  7514           0.00197872    0.01365850
  7515           0.00197872    0.01365826
  7516           0.00197872    0.01365852
  7517           0.00197872    0.01365828
  7518           0.00197872    0.01365854
  7519           0.00197872    0.01365830
  7520           0.00197872    0.01365856
  7521           0.00197872    0.01365832
  7522           0.00197872    0.01365858
  7523           0.00197872    0.01365834
  7524           0.00197872    0.01365860
  7525           0.00197872    0.01365836
  7526           0.00197872    0.01365861
  7527           0.00197872    0.01365838
  7528           0.00197872    0.01365863
  7529           0.00197872    0.01365840
  7530           0.00197872    0.01365865
  7531           0.00197872    0.01365842
  7532           0.00197872    0.01365867
  7533           0.00197872    0.01365844
  7534           0.00197872    0.01365869
  7535           0.00197872    0.01365846
  7536           0.00197872    0.01365871
  7537           0.00197872    0.01365847
  7538           0.00197872    0.01365873
  7539           0.00197872    0.01365849
  7540           0.00197872    0.01365875
  7541           0.00197872    0.01365851
  7542           0.00197872    0.01365877
  7543           0.00197872    0.01365853
  7544           0.00197872    0.01365879
  7545           0.00197872    0.01365855
  7546           0.00197872    0.01365880
  7547           0.00197872    0.01365857
  7548           0.00197872    0.01365882
  7549           0.00197872    0.01365859
  7550           0.00197872    0.01365884
  7551           0.00197872    0.01365861
  7552           0.00197872    0.01365886
  7553           0.00197872    0.01365863
  7554           0.00197872    0.01365888
  7555           0.00197872    0.01365865
  7556           0.00197872    0.01365890
  7557           0.00197872    0.01365866
  7558           0.00197872    0.01365892
  7559           0.00197872    0.01365868
  7560           0.00197872    0.01365894
  7561           0.00197872    0.01365870
  7562           0.00197872    0.01365895
  7563           0.00197872    0.01365872
  7564           0.00197872    0.01365897
  7565           0.00197872    0.01365874
  7566           0.00197872    0.01365899
  7567           0.00197872    0.01365876
  7568           0.00197872    0.01365901
  7569           0.00197872    0.01365878
  7570           0.00197872    0.01365903
  7571           0.00197872    0.01365880
  7572           0.00197872    0.01365905
  7573           0.00197872    0.01365882
  7574           0.00197872    0.01365907
  7575           0.00197872    0.01365884
  7576           0.00197872    0.01365909
  7577           0.00197872    0.01365885
  7578           0.00197872    0.01365911
  7579           0.00197872    0.01365887
  7580           0.00197872    0.01365912
  7581           0.00197872    0.01365889
  7582           0.00197872    0.01365914
  7583           0.00197872    0.01365891
  7584           0.00197872    0.01365916
  7585           0.00197872    0.01365893
  7586           0.00197872    0.01365918
  7587           0.00197872    0.01365895
  7588           0.00197872    0.01365920
  7589           0.00197872    0.01365897
  7590           0.00197872    0.01365922
  7591           0.00197872    0.01365899
  7592           0.00197872    0.01365924
  7593           0.00197872    0.01365900
  7594           0.00197872    0.01365926
  7595           0.00197872    0.01365902
  7596           0.00197872    0.01365927
  7597           0.00197872    0.01365904
  7598           0.00197872    0.01365929
  7599           0.00197872    0.01365906
  7600           0.00197872    0.01365931
  7601           0.00197872    0.01365908
  7602           0.00197872    0.01365933
  7603           0.00197872    0.01365910
  7604           0.00197872    0.01365935
  7605           0.00197872    0.01365912
  7606           0.00197872    0.01365937
  7607           0.00197872    0.01365914
  7608           0.00197872    0.01365939
  7609           0.00197872    0.01365915
  7610           0.00197872    0.01365940
  7611           0.00197872    0.01365917
  7612           0.00197872    0.01365942
  7613           0.00197872    0.01365919
  7614           0.00197872    0.01365944
  7615           0.00197872    0.01365921
  7616           0.00197872    0.01365946
  7617           0.00197872    0.01365923
  7618           0.00197872    0.01365948
  7619           0.00197872    0.01365925
  7620           0.00197872    0.01365950
  7621           0.00197872    0.01365927
  7622           0.00197872    0.01365952
  7623           0.00197872    0.01365929
  7624           0.00197872    0.01365953
  7625           0.00197872    0.01365930
  7626           0.00197872    0.01365955
  7627           0.00197872    0.01365932
  7628           0.00197872    0.01365957
  7629           0.00197872    0.01365934
  7630           0.00197872    0.01365959
  7631           0.00197872    0.01365936
  7632           0.00197872    0.01365961
  7633           0.00197872    0.01365938
  7634           0.00197872    0.01365963
  7635           0.00197872    0.01365940
  7636           0.00197872    0.01365965
  7637           0.00197872    0.01365942
  7638           0.00197872    0.01365966
  7639           0.00197872    0.01365944
  7640           0.00197872    0.01365968
  7641           0.00197872    0.01365945
  7642           0.00197872    0.01365970
  7643           0.00197872    0.01365947
  7644           0.00197872    0.01365972
  7645           0.00197872    0.01365949
  7646           0.00197872    0.01365974
  7647           0.00197872    0.01365951
  7648           0.00197872    0.01365976
  7649           0.00197872    0.01365953
  7650           0.00197872    0.01365978
  7651           0.00197872    0.01365955
  7652           0.00197872    0.01365979
  7653           0.00197872    0.01365957
  7654           0.00197872    0.01365981
  7655           0.00197872    0.01365958
  7656           0.00197872    0.01365983
  7657           0.00197872    0.01365960
  7658           0.00197872    0.01365985
  7659           0.00197872    0.01365962
  7660           0.00197872    0.01365987
  7661           0.00197872    0.01365964
  7662           0.00197872    0.01365989
  7663           0.00197872    0.01365966
  7664           0.00197872    0.01365990
  7665           0.00197872    0.01365968
  7666           0.00197872    0.01365992
  7667           0.00197872    0.01365969
  7668           0.00197872    0.01365994
  7669           0.00197872    0.01365971
  7670           0.00197872    0.01365996
  7671           0.00197872    0.01365973
  7672           0.00197872    0.01365998
  7673           0.00197872    0.01365975
  7674           0.00197872    0.01366000
  7675           0.00197872    0.01365977
  7676           0.00197872    0.01366002
  7677           0.00197872    0.01365979
  7678           0.00197872    0.01366003
  7679           0.00197872    0.01365981
  7680           0.00197872    0.01366005
  7681           0.00197872    0.01365982
  7682           0.00197872    0.01366007
  7683           0.00197872    0.01365984
  7684           0.00197872    0.01366009
  7685           0.00197872    0.01365986
  7686           0.00197872    0.01366011
  7687           0.00197872    0.01365988
  7688           0.00197872    0.01366013
  7689           0.00197872    0.01365990
  7690           0.00197872    0.01366014
  7691           0.00197872    0.01365992
  7692           0.00197872    0.01366016
  7693           0.00197872    0.01365993
  7694           0.00197872    0.01366018
  7695           0.00197872    0.01365995
  7696           0.00197872    0.01366020
  7697           0.00197872    0.01365997
  7698           0.00197872    0.01366022
  7699           0.00197872    0.01365999
  7700           0.00197872    0.01366024
  7701           0.00197872    0.01366001
  7702           0.00197872    0.01366025
  7703           0.00197872    0.01366003
  7704           0.00197872    0.01366027
  7705           0.00197872    0.01366005
  7706           0.00197872    0.01366029
  7707           0.00197872    0.01366006
  7708           0.00197872    0.01366031
  7709           0.00197872    0.01366008
  7710           0.00197872    0.01366033
  7711           0.00197872    0.01366010
  7712           0.00197872    0.01366034
  7713           0.00197872    0.01366012
  7714           0.00197872    0.01366036
  7715           0.00197872    0.01366014
  7716           0.00197872    0.01366038
  7717           0.00197872    0.01366016
  7718           0.00197872    0.01366040
  7719           0.00197872    0.01366017
  7720           0.00197872    0.01366042
  7721           0.00197872    0.01366019
  7722           0.00197872    0.01366044
  7723           0.00197872    0.01366021
  7724           0.00197872    0.01366045
  7725           0.00197872    0.01366023
  7726           0.00197872    0.01366047
  7727           0.00197872    0.01366025
  7728           0.00197872    0.01366049
  7729           0.00197872    0.01366026
  7730           0.00197872    0.01366051
  7731           0.00197872    0.01366028
  7732           0.00197872    0.01366053
  7733           0.00197872    0.01366030
  7734           0.00197872    0.01366054
  7735           0.00197872    0.01366032
  7736           0.00197872    0.01366056
  7737           0.00197872    0.01366034
  7738           0.00197872    0.01366058
  7739           0.00197872    0.01366036
  7740           0.00197872    0.01366060
  7741           0.00197872    0.01366037
  7742           0.00197872    0.01366062
  7743           0.00197872    0.01366039
  7744           0.00197872    0.01366064
  7745           0.00197872    0.01366041
  7746           0.00197872    0.01366065
  7747           0.00197872    0.01366043
  7748           0.00197872    0.01366067
  7749           0.00197872    0.01366045
  7750           0.00197872    0.01366069
  7751           0.00197872    0.01366047
  7752           0.00197872    0.01366071
  7753           0.00197872    0.01366048
  7754           0.00197872    0.01366073
  7755           0.00197872    0.01366050
  7756           0.00197872    0.01366074
  7757           0.00197872    0.01366052
  7758           0.00197872    0.01366076
  7759           0.00197872    0.01366054
  7760           0.00197872    0.01366078
  7761           0.00197872    0.01366056
  7762           0.00197872    0.01366080
  7763           0.00197872    0.01366057
  7764           0.00197872    0.01366082
  7765           0.00197872    0.01366059
  7766           0.00197872    0.01366083
  7767           0.00197872    0.01366061
  7768           0.00197872    0.01366085
  7769           0.00197872    0.01366063
  7770           0.00197872    0.01366087
  7771           0.00197872    0.01366065
  7772           0.00197872    0.01366089
  7773           0.00197872    0.01366066
  7774           0.00197872    0.01366091
  7775           0.00197872    0.01366068
  7776           0.00197872    0.01366092
  7777           0.00197872    0.01366070
  7778           0.00197872    0.01366094
  7779           0.00197872    0.01366072
  7780           0.00197872    0.01366096
  7781           0.00197872    0.01366074
  7782           0.00197872    0.01366098
  7783           0.00197872    0.01366075
  7784           0.00197872    0.01366100
  7785           0.00197872    0.01366077
  7786           0.00197872    0.01366101
  7787           0.00197872    0.01366079
  7788           0.00197872    0.01366103
  7789           0.00197872    0.01366081
  7790           0.00197872    0.01366105
  7791           0.00197872    0.01366083
  7792           0.00197872    0.01366107
  7793           0.00197872    0.01366085
  7794           0.00197872    0.01366109
  7795           0.00197872    0.01366086
  7796           0.00197872    0.01366110
  7797           0.00197872    0.01366088
  7798           0.00197872    0.01366112
  7799           0.00197872    0.01366090
  7800           0.00197872    0.01366114
  7801           0.00197872    0.01366092
  7802           0.00197872    0.01366116
  7803           0.00197872    0.01366094
  7804           0.00197872    0.01366117
  7805           0.00197872    0.01366095
  7806           0.00197872    0.01366119
  7807           0.00197872    0.01366097
  7808           0.00197872    0.01366121
  7809           0.00197872    0.01366099
  7810           0.00197872    0.01366123
  7811           0.00197872    0.01366101
  7812           0.00197872    0.01366125
  7813           0.00197872    0.01366102
  7814           0.00197872    0.01366126
  7815           0.00197872    0.01366104
  7816           0.00197872    0.01366128
  7817           0.00197872    0.01366106
  7818           0.00197872    0.01366130
  7819           0.00197872    0.01366108
  7820           0.00197872    0.01366132
  7821           0.00197872    0.01366110
  7822           0.00197872    0.01366134
  7823           0.00197872    0.01366111
  7824           0.00197872    0.01366135
  7825           0.00197872    0.01366113
  7826           0.00197872    0.01366137
  7827           0.00197872    0.01366115
  7828           0.00197872    0.01366139
  7829           0.00197872    0.01366117
  7830           0.00197872    0.01366141
  7831           0.00197872    0.01366119
  7832           0.00197872    0.01366142
  7833           0.00197872    0.01366120
  7834           0.00197872    0.01366144
  7835           0.00197872    0.01366122
  7836           0.00197872    0.01366146
  7837           0.00197872    0.01366124
  7838           0.00197872    0.01366148
  7839           0.00197872    0.01366126
  7840           0.00197872    0.01366150
  7841           0.00197872    0.01366128
  7842           0.00197872    0.01366151
  7843           0.00197872    0.01366129
  7844           0.00197872    0.01366153
  7845           0.00197872    0.01366131
  7846           0.00197872    0.01366155
  7847           0.00197872    0.01366133
  7848           0.00197872    0.01366157
  7849           0.00197872    0.01366135
  7850           0.00197872    0.01366158
  7851           0.00197872    0.01366136
  7852           0.00197872    0.01366160
  7853           0.00197872    0.01366138
  7854           0.00197872    0.01366162
  7855           0.00197872    0.01366140
  7856           0.00197872    0.01366164
  7857           0.00197872    0.01366142
  7858           0.00197872    0.01366165
  7859           0.00197872    0.01366144
  7860           0.00197872    0.01366167
  7861           0.00197872    0.01366145
  7862           0.00197872    0.01366169
  7863           0.00197872    0.01366147
  7864           0.00197872    0.01366171
  7865           0.00197872    0.01366149
  7866           0.00197872    0.01366172
  7867           0.00197872    0.01366151
  7868           0.00197872    0.01366174
  7869           0.00197872    0.01366152
  7870           0.00197872    0.01366176
  7871           0.00197872    0.01366154
  7872           0.00197872    0.01366178
  7873           0.00197872    0.01366156
  7874           0.00197872    0.01366180
  7875           0.00197872    0.01366158
  7876           0.00197872    0.01366181
  7877           0.00197872    0.01366159
  7878           0.00197872    0.01366183
  7879           0.00197872    0.01366161
  7880           0.00197872    0.01366185
  7881           0.00197872    0.01366163
  7882           0.00197872    0.01366187
  7883           0.00197872    0.01366165
  7884           0.00197872    0.01366188
  7885           0.00197872    0.01366167
  7886           0.00197872    0.01366190
  7887           0.00197872    0.01366168
  7888           0.00197872    0.01366192
  7889           0.00197872    0.01366170
  7890           0.00197872    0.01366194
  7891           0.00197872    0.01366172
  7892           0.00197872    0.01366195
  7893           0.00197872    0.01366174
  7894           0.00197872    0.01366197
  7895           0.00197872    0.01366175
  7896           0.00197872    0.01366199
  7897           0.00197872    0.01366177
  7898           0.00197872    0.01366201
  7899           0.00197872    0.01366179
  7900           0.00197872    0.01366202
  7901           0.00197872    0.01366181
  7902           0.00197872    0.01366204
  7903           0.00197872    0.01366182
  7904           0.00197872    0.01366206
  7905           0.00197872    0.01366184
  7906           0.00197872    0.01366208
  7907           0.00197872    0.01366186
  7908           0.00197872    0.01366209
  7909           0.00197872    0.01366188
  7910           0.00197872    0.01366211
  7911           0.00197872    0.01366189
  7912           0.00197872    0.01366213
  7913           0.00197872    0.01366191
  7914           0.00197872    0.01366215
  7915           0.00197872    0.01366193
  7916           0.00197872    0.01366216
  7917           0.00197872    0.01366195
  7918           0.00197872    0.01366218
  7919           0.00197872    0.01366196
  7920           0.00197872    0.01366220
  7921           0.00197872    0.01366198
  7922           0.00197872    0.01366222
  7923           0.00197872    0.01366200
  7924           0.00197872    0.01366223
  7925           0.00197872    0.01366202
  7926           0.00197872    0.01366225
  7927           0.00197872    0.01366203
  7928           0.00197872    0.01366227
  7929           0.00197872    0.01366205
  7930           0.00197872    0.01366229
  7931           0.00197872    0.01366207
  7932           0.00197872    0.01366230
  7933           0.00197872    0.01366209
  7934           0.00197872    0.01366232
  7935           0.00197872    0.01366210
  7936           0.00197872    0.01366234
  7937           0.00197872    0.01366212
  7938           0.00197872    0.01366235
  7939           0.00197872    0.01366214
  7940           0.00197872    0.01366237
  7941           0.00197872    0.01366216
  7942           0.00197872    0.01366239
  7943           0.00197872    0.01366217
  7944           0.00197872    0.01366241
  7945           0.00197872    0.01366219
  7946           0.00197872    0.01366242
  7947           0.00197872    0.01366221
  7948           0.00197872    0.01366244
  7949           0.00197872    0.01366223
  7950           0.00197872    0.01366246
  7951           0.00197872    0.01366224
  7952           0.00197872    0.01366248
  7953           0.00197872    0.01366226
  7954           0.00197872    0.01366249
  7955           0.00197872    0.01366228
  7956           0.00197872    0.01366251
  7957           0.00197872    0.01366230
  7958           0.00197872    0.01366253
  7959           0.00197872    0.01366231
  7960           0.00197872    0.01366255
  7961           0.00197872    0.01366233
  7962           0.00197872    0.01366256
  7963           0.00197872    0.01366235
  7964           0.00197872    0.01366258
  7965           0.00197872    0.01366237
  7966           0.00197872    0.01366260
  7967           0.00197872    0.01366238
  7968           0.00197872    0.01366261
  7969           0.00197872    0.01366240
  7970           0.00197872    0.01366263
  7971           0.00197872    0.01366242
  7972           0.00197872    0.01366265
  7973           0.00197872    0.01366243
  7974           0.00197872    0.01366267
  7975           0.00197872    0.01366245
  7976           0.00197872    0.01366268
  7977           0.00197872    0.01366247
  7978           0.00197872    0.01366270
  7979           0.00197872    0.01366249
  7980           0.00197872    0.01366272
  7981           0.00197872    0.01366250
  7982           0.00197872    0.01366273
  7983           0.00197872    0.01366252
  7984           0.00197872    0.01366275
  7985           0.00197872    0.01366254
  7986           0.00197872    0.01366277
  7987           0.00197872    0.01366256
  7988           0.00197872    0.01366279
  7989           0.00197872    0.01366257
  7990           0.00197872    0.01366280
  7991           0.00197872    0.01366259
  7992           0.00197872    0.01366282
  7993           0.00197872    0.01366261
  7994           0.00197872    0.01366284
  7995           0.00197872    0.01366262
  7996           0.00197872    0.01366285
  7997           0.00197872    0.01366264
  7998           0.00197872    0.01366287
  7999           0.00197872    0.01366266
  8000           0.00197872    0.01366289
  8001           0.00197872    0.01366268
  8002           0.00197872    0.01366291
  8003           0.00197872    0.01366269
  8004           0.00197872    0.01366292
  8005           0.00197872    0.01366271
  8006           0.00197872    0.01366294
  8007           0.00197872    0.01366273
  8008           0.00197872    0.01366296
  8009           0.00197872    0.01366275
  8010           0.00197872    0.01366297
  8011           0.00197872    0.01366276
  8012           0.00197872    0.01366299
  8013           0.00197872    0.01366278
  8014           0.00197872    0.01366301
  8015           0.00197872    0.01366280
  8016           0.00197872    0.01366303
  8017           0.00197872    0.01366281
  8018           0.00197872    0.01366304
  8019           0.00197872    0.01366283
  8020           0.00197872    0.01366306
  8021           0.00197872    0.01366285
  8022           0.00197872    0.01366308
  8023           0.00197872    0.01366287
  8024           0.00197872    0.01366309
  8025           0.00197872    0.01366288
  8026           0.00197872    0.01366311
  8027           0.00197872    0.01366290
  8028           0.00197872    0.01366313
  8029           0.00197872    0.01366292
  8030           0.00197872    0.01366315
  8031           0.00197872    0.01366293
  8032           0.00197872    0.01366316
  8033           0.00197872    0.01366295
  8034           0.00197872    0.01366318
  8035           0.00197872    0.01366297
  8036           0.00197872    0.01366320
  8037           0.00197872    0.01366299
  8038           0.00197872    0.01366321
  8039           0.00197872    0.01366300
  8040           0.00197872    0.01366323
  8041           0.00197872    0.01366302
  8042           0.00197872    0.01366325
  8043           0.00197872    0.01366304
  8044           0.00197872    0.01366326
  8045           0.00197872    0.01366305
  8046           0.00197872    0.01366328
  8047           0.00197872    0.01366307
  8048           0.00197872    0.01366330
  8049           0.00197872    0.01366309
  8050           0.00197872    0.01366331
  8051           0.00197872    0.01366310
  8052           0.00197872    0.01366333
  8053           0.00197872    0.01366312
  8054           0.00197872    0.01366335
  8055           0.00197872    0.01366314
  8056           0.00197872    0.01366337
  8057           0.00197872    0.01366316
  8058           0.00197872    0.01366338
  8059           0.00197872    0.01366317
  8060           0.00197872    0.01366340
  8061           0.00197872    0.01366319
  8062           0.00197872    0.01366342
  8063           0.00197872    0.01366321
  8064           0.00197872    0.01366343
  8065           0.00197872    0.01366322
  8066           0.00197872    0.01366345
  8067           0.00197872    0.01366324
  8068           0.00197872    0.01366347
  8069           0.00197872    0.01366326
  8070           0.00197872    0.01366348
  8071           0.00197872    0.01366327
  8072           0.00197872    0.01366350
  8073           0.00197872    0.01366329
  8074           0.00197872    0.01366352
  8075           0.00197872    0.01366331
  8076           0.00197872    0.01366353
  8077           0.00197872    0.01366333
  8078           0.00197872    0.01366355
  8079           0.00197872    0.01366334
  8080           0.00197872    0.01366357
  8081           0.00197872    0.01366336
  8082           0.00197872    0.01366359
  8083           0.00197872    0.01366338
  8084           0.00197872    0.01366360
  8085           0.00197872    0.01366339
  8086           0.00197872    0.01366362
  8087           0.00197872    0.01366341
  8088           0.00197872    0.01366364
  8089           0.00197872    0.01366343
  8090           0.00197872    0.01366365
  8091           0.00197872    0.01366344
  8092           0.00197872    0.01366367
  8093           0.00197872    0.01366346
  8094           0.00197872    0.01366369
  8095           0.00197872    0.01366348
  8096           0.00197872    0.01366370
  8097           0.00197872    0.01366349
  8098           0.00197872    0.01366372
  8099           0.00197872    0.01366351
  8100           0.00197872    0.01366374
  8101           0.00197872    0.01366353
  8102           0.00197872    0.01366375
  8103           0.00197872    0.01366354
  8104           0.00197872    0.01366377
  8105           0.00197872    0.01366356
  8106           0.00197872    0.01366379
  8107           0.00197872    0.01366358
  8108           0.00197872    0.01366380
  8109           0.00197872    0.01366360
  8110           0.00197872    0.01366382
  8111           0.00197872    0.01366361
  8112           0.00197872    0.01366384
  8113           0.00197872    0.01366363
  8114           0.00197872    0.01366385
  8115           0.00197872    0.01366365
  8116           0.00197872    0.01366387
  8117           0.00197872    0.01366366
  8118           0.00197872    0.01366389
  8119           0.00197872    0.01366368
  8120           0.00197872    0.01366390
  8121           0.00197872    0.01366370
  8122           0.00197872    0.01366392
  8123           0.00197872    0.01366371
  8124           0.00197872    0.01366394
  8125           0.00197872    0.01366373
  8126           0.00197872    0.01366395
  8127           0.00197872    0.01366375
  8128           0.00197872    0.01366397
  8129           0.00197872    0.01366376
  8130           0.00197872    0.01366399
  8131           0.00197872    0.01366378
  8132           0.00197872    0.01366400
  8133           0.00197872    0.01366380
  8134           0.00197872    0.01366402
  8135           0.00197872    0.01366381
  8136           0.00197872    0.01366404
  8137           0.00197872    0.01366383
  8138           0.00197872    0.01366405
  8139           0.00197872    0.01366385
  8140           0.00197872    0.01366407
  8141           0.00197872    0.01366386
  8142           0.00197872    0.01366409
  8143           0.00197872    0.01366388
  8144           0.00197872    0.01366410
  8145           0.00197872    0.01366390
  8146           0.00197872    0.01366412
  8147           0.00197872    0.01366391
  8148           0.00197872    0.01366414
  8149           0.00197872    0.01366393
  8150           0.00197872    0.01366415
  8151           0.00197872    0.01366395
  8152           0.00197872    0.01366417
  8153           0.00197872    0.01366396
  8154           0.00197872    0.01366419
  8155           0.00197872    0.01366398
  8156           0.00197872    0.01366420
  8157           0.00197872    0.01366400
  8158           0.00197872    0.01366422
  8159           0.00197872    0.01366401
  8160           0.00197872    0.01366424
  8161           0.00197872    0.01366403
  8162           0.00197872    0.01366425
  8163           0.00197872    0.01366405
  8164           0.00197872    0.01366427
  8165           0.00197872    0.01366406
  8166           0.00197872    0.01366429
  8167           0.00197872    0.01366408
  8168           0.00197872    0.01366430
  8169           0.00197872    0.01366410
  8170           0.00197872    0.01366432
  8171           0.00197872    0.01366411
  8172           0.00197872    0.01366433
  8173           0.00197872    0.01366413
  8174           0.00197872    0.01366435
  8175           0.00197872    0.01366415
  8176           0.00197872    0.01366437
  8177           0.00197872    0.01366416
  8178           0.00197872    0.01366438
  8179           0.00197872    0.01366418
  8180           0.00197872    0.01366440
  8181           0.00197872    0.01366420
  8182           0.00197872    0.01366442
  8183           0.00197872    0.01366421
  8184           0.00197872    0.01366443
  8185           0.00197872    0.01366423
  8186           0.00197872    0.01366445
  8187           0.00197872    0.01366425
  8188           0.00197872    0.01366447
  8189           0.00197872    0.01366426
  8190           0.00197872    0.01366448
  8191           0.00197872    0.01366428
  8192           0.00197872    0.01366450
  8193           0.00197872    0.01366430
  8194           0.00197872    0.01366452
  8195           0.00197872    0.01366431
  8196           0.00197872    0.01366453
  8197           0.00197872    0.01366433
  8198           0.00197872    0.01366455
  8199           0.00197872    0.01366434
  8200           0.00197872    0.01366457
  8201           0.00197872    0.01366436
  8202           0.00197872    0.01366458
  8203           0.00197872    0.01366438
  8204           0.00197872    0.01366460
  8205           0.00197872    0.01366439
  8206           0.00197872    0.01366461
  8207           0.00197872    0.01366441
  8208           0.00197872    0.01366463
  8209           0.00197872    0.01366443
  8210           0.00197872    0.01366465
  8211           0.00197872    0.01366444
  8212           0.00197872    0.01366466
  8213           0.00197872    0.01366446
  8214           0.00197872    0.01366468
  8215           0.00197872    0.01366448
  8216           0.00197872    0.01366470
  8217           0.00197872    0.01366449
  8218           0.00197872    0.01366471
  8219           0.00197872    0.01366451
  8220           0.00197872    0.01366473
  8221           0.00197872    0.01366453
  8222           0.00197872    0.01366475
  8223           0.00197872    0.01366454
  8224           0.00197872    0.01366476
  8225           0.00197872    0.01366456
  8226           0.00197872    0.01366478
  8227           0.00197872    0.01366458
  8228           0.00197872    0.01366479
  8229           0.00197872    0.01366459
  8230           0.00197872    0.01366481
  8231           0.00197872    0.01366461
  8232           0.00197872    0.01366483
  8233           0.00197872    0.01366462
  8234           0.00197872    0.01366484
  8235           0.00197872    0.01366464
  8236           0.00197872    0.01366486
  8237           0.00197872    0.01366466
  8238           0.00197872    0.01366488
  8239           0.00197872    0.01366467
  8240           0.00197872    0.01366489
  8241           0.00197872    0.01366469
  8242           0.00197872    0.01366491
  8243           0.00197872    0.01366471
  8244           0.00197872    0.01366492
  8245           0.00197872    0.01366472
  8246           0.00197872    0.01366494
  8247           0.00197872    0.01366474
  8248           0.00197872    0.01366496
  8249           0.00197872    0.01366476
  8250           0.00197872    0.01366497
  8251           0.00197872    0.01366477
  8252           0.00197872    0.01366499
  8253           0.00197872    0.01366479
  8254           0.00197872    0.01366501
  8255           0.00197872    0.01366480
  8256           0.00197872    0.01366502
  8257           0.00197872    0.01366482
  8258           0.00197872    0.01366504
  8259           0.00197872    0.01366484
  8260           0.00197872    0.01366505
  8261           0.00197872    0.01366485
  8262           0.00197872    0.01366507
  8263           0.00197872    0.01366487
  8264           0.00197872    0.01366509
  8265           0.00197872    0.01366489
  8266           0.00197872    0.01366510
  8267           0.00197872    0.01366490
  8268           0.00197872    0.01366512
  8269           0.00197872    0.01366492
  8270           0.00197872    0.01366514
  8271           0.00197872    0.01366493
  8272           0.00197872    0.01366515
  8273           0.00197872    0.01366495
  8274           0.00197872    0.01366517
  8275           0.00197872    0.01366497
  8276           0.00197872    0.01366518
  8277           0.00197872    0.01366498
  8278           0.00197872    0.01366520
  8279           0.00197872    0.01366500
  8280           0.00197872    0.01366522
  8281           0.00197872    0.01366502
  8282           0.00197872    0.01366523
  8283           0.00197872    0.01366503
  8284           0.00197872    0.01366525
  8285           0.00197872    0.01366505
  8286           0.00197872    0.01366526
  8287           0.00197872    0.01366506
  8288           0.00197872    0.01366528
  8289           0.00197872    0.01366508
  8290           0.00197872    0.01366530
  8291           0.00197872    0.01366510
  8292           0.00197872    0.01366531
  8293           0.00197872    0.01366511
  8294           0.00197872    0.01366533
  8295           0.00197872    0.01366513
  8296           0.00197872    0.01366534
  8297           0.00197872    0.01366514
  8298           0.00197872    0.01366536
  8299           0.00197872    0.01366516
  8300           0.00197872    0.01366538
  8301           0.00197872    0.01366518
  8302           0.00197872    0.01366539
  8303           0.00197872    0.01366519
  8304           0.00197872    0.01366541
  8305           0.00197872    0.01366521
  8306           0.00197872    0.01366542
  8307           0.00197872    0.01366523
  8308           0.00197872    0.01366544
  8309           0.00197872    0.01366524
  8310           0.00197872    0.01366546
  8311           0.00197872    0.01366526
  8312           0.00197872    0.01366547
  8313           0.00197872    0.01366527
  8314           0.00197872    0.01366549
  8315           0.00197872    0.01366529
  8316           0.00197872    0.01366550
  8317           0.00197872    0.01366531
  8318           0.00197872    0.01366552
  8319           0.00197872    0.01366532
  8320           0.00197872    0.01366554
  8321           0.00197872    0.01366534
  8322           0.00197872    0.01366555
  8323           0.00197872    0.01366535
  8324           0.00197872    0.01366557
  8325           0.00197872    0.01366537
  8326           0.00197872    0.01366558
  8327           0.00197872    0.01366539
  8328           0.00197872    0.01366560
  8329           0.00197872    0.01366540
  8330           0.00197872    0.01366562
  8331           0.00197872    0.01366542
  8332           0.00197872    0.01366563
  8333           0.00197872    0.01366543
  8334           0.00197872    0.01366565
  8335           0.00197872    0.01366545
  8336           0.00197872    0.01366566
  8337           0.00197872    0.01366547
  8338           0.00197872    0.01366568
  8339           0.00197872    0.01366548
  8340           0.00197872    0.01366570
  8341           0.00197872    0.01366550
  8342           0.00197872    0.01366571
  8343           0.00197872    0.01366551
  8344           0.00197872    0.01366573
  8345           0.00197872    0.01366553
  8346           0.00197872    0.01366574
  8347           0.00197872    0.01366555
  8348           0.00197872    0.01366576
  8349           0.00197872    0.01366556
  8350           0.00197872    0.01366578
  8351           0.00197872    0.01366558
  8352           0.00197872    0.01366579
  8353           0.00197872    0.01366559
  8354           0.00197872    0.01366581
  8355           0.00197872    0.01366561
  8356           0.00197872    0.01366582
  8357           0.00197872    0.01366563
  8358           0.00197872    0.01366584
  8359           0.00197872    0.01366564
  8360           0.00197872    0.01366586
  8361           0.00197872    0.01366566
  8362           0.00197872    0.01366587
  8363           0.00197872    0.01366567
  8364           0.00197872    0.01366589
  8365           0.00197872    0.01366569
  8366           0.00197872    0.01366590
  8367           0.00197872    0.01366571
  8368           0.00197872    0.01366592
  8369           0.00197872    0.01366572
  8370           0.00197872    0.01366593
  8371           0.00197872    0.01366574
  8372           0.00197872    0.01366595
  8373           0.00197872    0.01366575
  8374           0.00197872    0.01366597
  8375           0.00197872    0.01366577
  8376           0.00197872    0.01366598
  8377           0.00197872    0.01366579
  8378           0.00197872    0.01366600
  8379           0.00197872    0.01366580
  8380           0.00197872    0.01366601
  8381           0.00197872    0.01366582
  8382           0.00197872    0.01366603
  8383           0.00197872    0.01366583
  8384           0.00197872    0.01366605
  8385           0.00197872    0.01366585
  8386           0.00197872    0.01366606
  8387           0.00197872    0.01366586
  8388           0.00197872    0.01366608
  8389           0.00197872    0.01366588
  8390           0.00197872    0.01366609
  8391           0.00197872    0.01366590
  8392           0.00197872    0.01366611
  8393           0.00197872    0.01366591
  8394           0.00197872    0.01366612
  8395           0.00197872    0.01366593
  8396           0.00197872    0.01366614
  8397           0.00197872    0.01366594
  8398           0.00197872    0.01366616
  8399           0.00197872    0.01366596
  8400           0.00197872    0.01366617
  8401           0.00197872    0.01366598
  8402           0.00197872    0.01366619
  8403           0.00197872    0.01366599
  8404           0.00197872    0.01366620
  8405           0.00197872    0.01366601
  8406           0.00197872    0.01366622
  8407           0.00197872    0.01366602
  8408           0.00197872    0.01366623
  8409           0.00197872    0.01366604
  8410           0.00197872    0.01366625
  8411           0.00197872    0.01366605
  8412           0.00197872    0.01366627
  8413           0.00197872    0.01366607
  8414           0.00197872    0.01366628
  8415           0.00197872    0.01366609
  8416           0.00197872    0.01366630
  8417           0.00197872    0.01366610
  8418           0.00197872    0.01366631
  8419           0.00197872    0.01366612
  8420           0.00197872    0.01366633
  8421           0.00197872    0.01366613
  8422           0.00197872    0.01366634
  8423           0.00197872    0.01366615
  8424           0.00197872    0.01366636
  8425           0.00197872    0.01366616
  8426           0.00197872    0.01366637
  8427           0.00197872    0.01366618
  8428           0.00197872    0.01366639
  8429           0.00197872    0.01366620
  8430           0.00197872    0.01366641
  8431           0.00197872    0.01366621
  8432           0.00197872    0.01366642
  8433           0.00197872    0.01366623
  8434           0.00197872    0.01366644
  8435           0.00197872    0.01366624
  8436           0.00197872    0.01366645
  8437           0.00197872    0.01366626
  8438           0.00197872    0.01366647
  8439           0.00197872    0.01366627
  8440           0.00197872    0.01366648
  8441           0.00197872    0.01366629
  8442           0.00197872    0.01366650
  8443           0.00197872    0.01366631
  8444           0.00197872    0.01366652
  8445           0.00197872    0.01366632
  8446           0.00197872    0.01366653
  8447           0.00197872    0.01366634
  8448           0.00197872    0.01366655
  8449           0.00197872    0.01366635
  8450           0.00197872    0.01366656
  8451           0.00197872    0.01366637
  8452           0.00197872    0.01366658
  8453           0.00197872    0.01366638
  8454           0.00197872    0.01366659
  8455           0.00197872    0.01366640
  8456           0.00197872    0.01366661
  8457           0.00197872    0.01366642
  8458           0.00197872    0.01366662
  8459           0.00197872    0.01366643
  8460           0.00197872    0.01366664
  8461           0.00197872    0.01366645
  8462           0.00197872    0.01366665
  8463           0.00197872    0.01366646
  8464           0.00197872    0.01366667
  8465           0.00197872    0.01366648
  8466           0.00197872    0.01366669
  8467           0.00197872    0.01366649
  8468           0.00197872    0.01366670
  8469           0.00197872    0.01366651
  8470           0.00197872    0.01366672
  8471           0.00197872    0.01366652
  8472           0.00197872    0.01366673
  8473           0.00197872    0.01366654
  8474           0.00197872    0.01366675
  8475           0.00197872    0.01366656
  8476           0.00197872    0.01366676
  8477           0.00197872    0.01366657
  8478           0.00197872    0.01366678
  8479           0.00197872    0.01366659
  8480           0.00197872    0.01366679
  8481           0.00197872    0.01366660
  8482           0.00197872    0.01366681
  8483           0.00197872    0.01366662
  8484           0.00197872    0.01366683
  8485           0.00197872    0.01366663
  8486           0.00197872    0.01366684
  8487           0.00197872    0.01366665
  8488           0.00197872    0.01366686
  8489           0.00197872    0.01366666
  8490           0.00197872    0.01366687
  8491           0.00197872    0.01366668
  8492           0.00197872    0.01366689
  8493           0.00197872    0.01366670
  8494           0.00197872    0.01366690
  8495           0.00197872    0.01366671
  8496           0.00197872    0.01366692
  8497           0.00197872    0.01366673
  8498           0.00197872    0.01366693
  8499           0.00197872    0.01366674
  8500           0.00197872    0.01366695
  8501           0.00197872    0.01366676
  8502           0.00197872    0.01366696
  8503           0.00197872    0.01366677
  8504           0.00197872    0.01366698
  8505           0.00197872    0.01366679
  8506           0.00197872    0.01366699
  8507           0.00197872    0.01366680
  8508           0.00197872    0.01366701
  8509           0.00197872    0.01366682
  8510           0.00197872    0.01366703
  8511           0.00197872    0.01366683
  8512           0.00197872    0.01366704
  8513           0.00197872    0.01366685
  8514           0.00197872    0.01366706
  8515           0.00197872    0.01366687
  8516           0.00197872    0.01366707
  8517           0.00197872    0.01366688
  8518           0.00197872    0.01366709
  8519           0.00197872    0.01366690
  8520           0.00197872    0.01366710
  8521           0.00197872    0.01366691
  8522           0.00197872    0.01366712
  8523           0.00197872    0.01366693
  8524           0.00197872    0.01366713
  8525           0.00197872    0.01366694
  8526           0.00197872    0.01366715
  8527           0.00197872    0.01366696
  8528           0.00197872    0.01366716
  8529           0.00197872    0.01366697
  8530           0.00197872    0.01366718
  8531           0.00197872    0.01366699
  8532           0.00197872    0.01366719
  8533           0.00197872    0.01366700
  8534           0.00197872    0.01366721
  8535           0.00197872    0.01366702
  8536           0.00197872    0.01366722
  8537           0.00197872    0.01366703
  8538           0.00197872    0.01366724
  8539           0.00197872    0.01366705
  8540           0.00197872    0.01366725
  8541           0.00197872    0.01366706
  8542           0.00197872    0.01366727
  8543           0.00197872    0.01366708
  8544           0.00197872    0.01366729
  8545           0.00197872    0.01366710
  8546           0.00197872    0.01366730
  8547           0.00197872    0.01366711
  8548           0.00197872    0.01366732
  8549           0.00197872    0.01366713
  8550           0.00197872    0.01366733
  8551           0.00197872    0.01366714
  8552           0.00197872    0.01366735
  8553           0.00197872    0.01366716
  8554           0.00197872    0.01366736
  8555           0.00197872    0.01366717
  8556           0.00197872    0.01366738
  8557           0.00197872    0.01366719
  8558           0.00197872    0.01366739
  8559           0.00197872    0.01366720
  8560           0.00197872    0.01366741
  8561           0.00197872    0.01366722
  8562           0.00197872    0.01366742
  8563           0.00197872    0.01366723
  8564           0.00197872    0.01366744
  8565           0.00197872    0.01366725
  8566           0.00197872    0.01366745
  8567           0.00197872    0.01366726
  8568           0.00197872    0.01366747
  8569           0.00197872    0.01366728
  8570           0.00197872    0.01366748
  8571           0.00197872    0.01366729
  8572           0.00197872    0.01366750
  8573           0.00197872    0.01366731
  8574           0.00197872    0.01366751
  8575           0.00197872    0.01366732
  8576           0.00197872    0.01366753
  8577           0.00197872    0.01366734
  8578           0.00197872    0.01366754
  8579           0.00197872    0.01366736
  8580           0.00197872    0.01366756
  8581           0.00197872    0.01366737
  8582           0.00197872    0.01366757
  8583           0.00197872    0.01366739
  8584           0.00197872    0.01366759
  8585           0.00197872    0.01366740
  8586           0.00197872    0.01366760
  8587           0.00197872    0.01366742
  8588           0.00197872    0.01366762
  8589           0.00197872    0.01366743
  8590           0.00197872    0.01366763
  8591           0.00197872    0.01366745
  8592           0.00197872    0.01366765
  8593           0.00197872    0.01366746
  8594           0.00197872    0.01366766
  8595           0.00197872    0.01366748
  8596           0.00197872    0.01366768
  8597           0.00197872    0.01366749
  8598           0.00197872    0.01366769
  8599           0.00197872    0.01366751
  8600           0.00197872    0.01366771
  8601           0.00197872    0.01366752
  8602           0.00197872    0.01366772
  8603           0.00197872    0.01366754
  8604           0.00197872    0.01366774
  8605           0.00197872    0.01366755
  8606           0.00197872    0.01366775
  8607           0.00197872    0.01366757
  8608           0.00197872    0.01366777
  8609           0.00197872    0.01366758
  8610           0.00197872    0.01366778
  8611           0.00197872    0.01366760
  8612           0.00197872    0.01366780
  8613           0.00197872    0.01366761
  8614           0.00197872    0.01366781
  8615           0.00197872    0.01366763
  8616           0.00197872    0.01366783
  8617           0.00197872    0.01366764
  8618           0.00197872    0.01366784
  8619           0.00197872    0.01366766
  8620           0.00197872    0.01366786
  8621           0.00197872    0.01366767
  8622           0.00197872    0.01366787
  8623           0.00197872    0.01366769
  8624           0.00197872    0.01366789
  8625           0.00197872    0.01366770
  8626           0.00197872    0.01366790
  8627           0.00197872    0.01366772
  8628           0.00197872    0.01366792
  8629           0.00197872    0.01366773
  8630           0.00197872    0.01366793
  8631           0.00197872    0.01366775
  8632           0.00197872    0.01366795
  8633           0.00197872    0.01366776
  8634           0.00197872    0.01366796
  8635           0.00197872    0.01366778
  8636           0.00197872    0.01366798
  8637           0.00197872    0.01366779
  8638           0.00197872    0.01366799
  8639           0.00197872    0.01366781
  8640           0.00197872    0.01366801
  8641           0.00197872    0.01366782
  8642           0.00197872    0.01366802
  8643           0.00197872    0.01366784
  8644           0.00197872    0.01366804
  8645           0.00197872    0.01366785
  8646           0.00197872    0.01366805
  8647           0.00197872    0.01366787
  8648           0.00197872    0.01366807
  8649           0.00197872    0.01366788
  8650           0.00197872    0.01366808
  8651           0.00197872    0.01366790
  8652           0.00197872    0.01366810
  8653           0.00197872    0.01366791
  8654           0.00197872    0.01366811
  8655           0.00197872    0.01366793
  8656           0.00197872    0.01366813
  8657           0.00197872    0.01366794
  8658           0.00197872    0.01366814
  8659           0.00197872    0.01366796
  8660           0.00197872    0.01366816
  8661           0.00197872    0.01366797
  8662           0.00197872    0.01366817
  8663           0.00197872    0.01366799
  8664           0.00197872    0.01366819
  8665           0.00197872    0.01366800
  8666           0.00197872    0.01366820
  8667           0.00197872    0.01366802
  8668           0.00197872    0.01366822
  8669           0.00197872    0.01366803
  8670           0.00197872    0.01366823
  8671           0.00197872    0.01366805
  8672           0.00197873    0.01366825
  8673           0.00197873    0.01366806
  8674           0.00197873    0.01366826
  8675           0.00197873    0.01366808
  8676           0.00197873    0.01366828
  8677           0.00197873    0.01366809
  8678           0.00197873    0.01366829
  8679           0.00197873    0.01366811
  8680           0.00197873    0.01366831
  8681           0.00197873    0.01366812
  8682           0.00197873    0.01366832
  8683           0.00197873    0.01366814
  8684           0.00197873    0.01366834
  8685           0.00197873    0.01366815
  8686           0.00197873    0.01366835
  8687           0.00197873    0.01366817
  8688           0.00197873    0.01366837
  8689           0.00197873    0.01366818
  8690           0.00197873    0.01366838
  8691           0.00197873    0.01366820
  8692           0.00197873    0.01366840
  8693           0.00197873    0.01366821
  8694           0.00197873    0.01366841
  8695           0.00197873    0.01366823
  8696           0.00197873    0.01366843
  8697           0.00197873    0.01366824
  8698           0.00197873    0.01366844
  8699           0.00197873    0.01366826
  8700           0.00197873    0.01366845
  8701           0.00197873    0.01366827
  8702           0.00197873    0.01366847
  8703           0.00197873    0.01366829
  8704           0.00197873    0.01366848
  8705           0.00197873    0.01366830
  8706           0.00197873    0.01366850
  8707           0.00197873    0.01366832
  8708           0.00197873    0.01366851
  8709           0.00197873    0.01366833
  8710           0.00197873    0.01366853
  8711           0.00197873    0.01366834
  8712           0.00197873    0.01366854
  8713           0.00197873    0.01366836
  8714           0.00197873    0.01366856
  8715           0.00197873    0.01366837
  8716           0.00197873    0.01366857
  8717           0.00197873    0.01366839
  8718           0.00197873    0.01366859
  8719           0.00197873    0.01366840
  8720           0.00197873    0.01366860
  8721           0.00197873    0.01366842
  8722           0.00197873    0.01366862
  8723           0.00197873    0.01366843
  8724           0.00197873    0.01366863
  8725           0.00197873    0.01366845
  8726           0.00197873    0.01366865
  8727           0.00197873    0.01366846
  8728           0.00197873    0.01366866
  8729           0.00197873    0.01366848
  8730           0.00197873    0.01366868
  8731           0.00197873    0.01366849
  8732           0.00197873    0.01366869
  8733           0.00197873    0.01366851
  8734           0.00197873    0.01366870
  8735           0.00197873    0.01366852
  8736           0.00197873    0.01366872
  8737           0.00197873    0.01366854
  8738           0.00197873    0.01366873
  8739           0.00197873    0.01366855
  8740           0.00197873    0.01366875
  8741           0.00197873    0.01366857
  8742           0.00197873    0.01366876
  8743           0.00197873    0.01366858
  8744           0.00197873    0.01366878
  8745           0.00197873    0.01366860
  8746           0.00197873    0.01366879
  8747           0.00197873    0.01366861
  8748           0.00197873    0.01366881
  8749           0.00197873    0.01366862
  8750           0.00197873    0.01366882
  8751           0.00197873    0.01366864
  8752           0.00197873    0.01366884
  8753           0.00197873    0.01366865
  8754           0.00197873    0.01366885
  8755           0.00197873    0.01366867
  8756           0.00197873    0.01366887
  8757           0.00197873    0.01366868
  8758           0.00197873    0.01366888
  8759           0.00197873    0.01366870
  8760           0.00197873    0.01366889
  8761           0.00197873    0.01366871
  8762           0.00197873    0.01366891
  8763           0.00197873    0.01366873
  8764           0.00197873    0.01366892
  8765           0.00197873    0.01366874
  8766           0.00197873    0.01366894
  8767           0.00197873    0.01366876
  8768           0.00197873    0.01366895
  8769           0.00197873    0.01366877
  8770           0.00197873    0.01366897
  8771           0.00197873    0.01366879
  8772           0.00197873    0.01366898
  8773           0.00197873    0.01366880
  8774           0.00197873    0.01366900
  8775           0.00197873    0.01366881
  8776           0.00197873    0.01366901
  8777           0.00197873    0.01366883
  8778           0.00197873    0.01366902
  8779           0.00197873    0.01366884
  8780           0.00197873    0.01366904
  8781           0.00197873    0.01366886
  8782           0.00197873    0.01366905
  8783           0.00197873    0.01366887
  8784           0.00197873    0.01366907
  8785           0.00197873    0.01366889
  8786           0.00197873    0.01366908
  8787           0.00197873    0.01366890
  8788           0.00197873    0.01366910
  8789           0.00197873    0.01366892
  8790           0.00197873    0.01366911
  8791           0.00197873    0.01366893
  8792           0.00197873    0.01366913
  8793           0.00197873    0.01366895
  8794           0.00197873    0.01366914
  8795           0.00197873    0.01366896
  8796           0.00197873    0.01366916
  8797           0.00197873    0.01366898
  8798           0.00197873    0.01366917
  8799           0.00197873    0.01366899
  8800           0.00197873    0.01366918
  8801           0.00197873    0.01366900
  8802           0.00197873    0.01366920
  8803           0.00197873    0.01366902
  8804           0.00197873    0.01366921
  8805           0.00197873    0.01366903
  8806           0.00197873    0.01366923
  8807           0.00197873    0.01366905
  8808           0.00197873    0.01366924
  8809           0.00197873    0.01366906
  8810           0.00197873    0.01366926
  8811           0.00197873    0.01366908
  8812           0.00197873    0.01366927
  8813           0.00197873    0.01366909
  8814           0.00197873    0.01366928
  8815           0.00197873    0.01366911
  8816           0.00197873    0.01366930
  8817           0.00197873    0.01366912
  8818           0.00197873    0.01366931
  8819           0.00197873    0.01366913
  8820           0.00197873    0.01366933
  8821           0.00197873    0.01366915
  8822           0.00197873    0.01366934
  8823           0.00197873    0.01366916
  8824           0.00197873    0.01366936
  8825           0.00197873    0.01366918
  8826           0.00197873    0.01366937
  8827           0.00197873    0.01366919
  8828           0.00197873    0.01366939
  8829           0.00197873    0.01366921
  8830           0.00197873    0.01366940
  8831           0.00197873    0.01366922
  8832           0.00197873    0.01366941
  8833           0.00197873    0.01366924
  8834           0.00197873    0.01366943
  8835           0.00197873    0.01366925
  8836           0.00197873    0.01366944
  8837           0.00197873    0.01366926
  8838           0.00197873    0.01366946
  8839           0.00197873    0.01366928
  8840           0.00197873    0.01366947
  8841           0.00197873    0.01366929
  8842           0.00197873    0.01366949
  8843           0.00197873    0.01366931
  8844           0.00197873    0.01366950
  8845           0.00197873    0.01366932
  8846           0.00197873    0.01366951
  8847           0.00197873    0.01366934
  8848           0.00197873    0.01366953
  8849           0.00197873    0.01366935
  8850           0.00197873    0.01366954
  8851           0.00197873    0.01366936
  8852           0.00197873    0.01366956
  8853           0.00197873    0.01366938
  8854           0.00197873    0.01366957
  8855           0.00197873    0.01366939
  8856           0.00197873    0.01366959
  8857           0.00197873    0.01366941
  8858           0.00197873    0.01366960
  8859           0.00197873    0.01366942
  8860           0.00197873    0.01366961
  8861           0.00197873    0.01366944
  8862           0.00197873    0.01366963
  8863           0.00197873    0.01366945
  8864           0.00197873    0.01366964
  8865           0.00197873    0.01366947
  8866           0.00197873    0.01366966
  8867           0.00197873    0.01366948
  8868           0.00197873    0.01366967
  8869           0.00197873    0.01366949
  8870           0.00197873    0.01366969
  8871           0.00197873    0.01366951
  8872           0.00197873    0.01366970
  8873           0.00197873    0.01366952
  8874           0.00197873    0.01366971
  8875           0.00197873    0.01366954
  8876           0.00197873    0.01366973
  8877           0.00197873    0.01366955
  8878           0.00197873    0.01366974
  8879           0.00197873    0.01366957
  8880           0.00197873    0.01366976
  8881           0.00197873    0.01366958
  8882           0.00197873    0.01366977
  8883           0.00197873    0.01366959
  8884           0.00197873    0.01366979
  8885           0.00197873    0.01366961
  8886           0.00197873    0.01366980
  8887           0.00197873    0.01366962
  8888           0.00197873    0.01366981
  8889           0.00197873    0.01366964
  8890           0.00197873    0.01366983
  8891           0.00197873    0.01366965
  8892           0.00197873    0.01366984
  8893           0.00197873    0.01366967
  8894           0.00197873    0.01366986
  8895           0.00197873    0.01366968
  8896           0.00197873    0.01366987
  8897           0.00197873    0.01366969
  8898           0.00197873    0.01366988
  8899           0.00197873    0.01366971
  8900           0.00197873    0.01366990
  8901           0.00197873    0.01366972
  8902           0.00197873    0.01366991
  8903           0.00197873    0.01366974
  8904           0.00197873    0.01366993
  8905           0.00197873    0.01366975
  8906           0.00197873    0.01366994
  8907           0.00197873    0.01366976
  8908           0.00197873    0.01366995
  8909           0.00197873    0.01366978
  8910           0.00197873    0.01366997
  8911           0.00197873    0.01366979
  8912           0.00197873    0.01366998
  8913           0.00197873    0.01366981
  8914           0.00197873    0.01367000
  8915           0.00197873    0.01366982
  8916           0.00197873    0.01367001
  8917           0.00197873    0.01366984
  8918           0.00197873    0.01367003
  8919           0.00197873    0.01366985
  8920           0.00197873    0.01367004
  8921           0.00197873    0.01366986
  8922           0.00197873    0.01367005
  8923           0.00197873    0.01366988
  8924           0.00197873    0.01367007
  8925           0.00197873    0.01366989
  8926           0.00197873    0.01367008
  8927           0.00197873    0.01366991
  8928           0.00197873    0.01367010
  8929           0.00197873    0.01366992
  8930           0.00197873    0.01367011
  8931           0.00197873    0.01366993
  8932           0.00197873    0.01367012
  8933           0.00197873    0.01366995
  8934           0.00197873    0.01367014
  8935           0.00197873    0.01366996
  8936           0.00197873    0.01367015
  8937           0.00197873    0.01366998
  8938           0.00197873    0.01367017
  8939           0.00197873    0.01366999
  8940           0.00197873    0.01367018
  8941           0.00197873    0.01367000
  8942           0.00197873    0.01367019
  8943           0.00197873    0.01367002
  8944           0.00197873    0.01367021
  8945           0.00197873    0.01367003
  8946           0.00197873    0.01367022
  8947           0.00197873    0.01367005
  8948           0.00197873    0.01367024
  8949           0.00197873    0.01367006
  8950           0.00197873    0.01367025
  8951           0.00197873    0.01367008
  8952           0.00197873    0.01367026
  8953           0.00197873    0.01367009
  8954           0.00197873    0.01367028
  8955           0.00197873    0.01367010
  8956           0.00197873    0.01367029
  8957           0.00197873    0.01367012
  8958           0.00197873    0.01367031
  8959           0.00197873    0.01367013
  8960           0.00197873    0.01367032
  8961           0.00197873    0.01367015
  8962           0.00197873    0.01367033
  8963           0.00197873    0.01367016
  8964           0.00197873    0.01367035
  8965           0.00197873    0.01367017
  8966           0.00197873    0.01367036
  8967           0.00197873    0.01367019
  8968           0.00197873    0.01367038
  8969           0.00197873    0.01367020
  8970           0.00197873    0.01367039
  8971           0.00197873    0.01367022
  8972           0.00197873    0.01367040
  8973           0.00197873    0.01367023
  8974           0.00197873    0.01367042
  8975           0.00197873    0.01367024
  8976           0.00197873    0.01367043
  8977           0.00197873    0.01367026
  8978           0.00197873    0.01367044
  8979           0.00197873    0.01367027
  8980           0.00197873    0.01367046
  8981           0.00197873    0.01367029
  8982           0.00197873    0.01367047
  8983           0.00197873    0.01367030
  8984           0.00197873    0.01367049
  8985           0.00197873    0.01367031
  8986           0.00197873    0.01367050
  8987           0.00197873    0.01367033
  8988           0.00197873    0.01367051
  8989           0.00197873    0.01367034
  8990           0.00197873    0.01367053
  8991           0.00197873    0.01367036
  8992           0.00197873    0.01367054
  8993           0.00197873    0.01367037
  8994           0.00197873    0.01367056
  8995           0.00197873    0.01367038
  8996           0.00197873    0.01367057
  8997           0.00197873    0.01367040
  8998           0.00197873    0.01367058
  8999           0.00197873    0.01367041
  9000           0.00197873    0.01367060
  9001           0.00197873    0.01367042
  9002           0.00197873    0.01367061
  9003           0.00197873    0.01367044
  9004           0.00197873    0.01367063
  9005           0.00197873    0.01367045
  9006           0.00197873    0.01367064
  9007           0.00197873    0.01367047
  9008           0.00197873    0.01367065
  9009           0.00197873    0.01367048
  9010           0.00197873    0.01367067
  9011           0.00197873    0.01367049
  9012           0.00197873    0.01367068
  9013           0.00197873    0.01367051
  9014           0.00197873    0.01367069
  9015           0.00197873    0.01367052
  9016           0.00197873    0.01367071
  9017           0.00197873    0.01367054
  9018           0.00197873    0.01367072
  9019           0.00197873    0.01367055
  9020           0.00197873    0.01367074
  9021           0.00197873    0.01367056
  9022           0.00197873    0.01367075
  9023           0.00197873    0.01367058
  9024           0.00197873    0.01367076
  9025           0.00197873    0.01367059
  9026           0.00197873    0.01367078
  9027           0.00197873    0.01367061
  9028           0.00197873    0.01367079
  9029           0.00197873    0.01367062
  9030           0.00197873    0.01367080
  9031           0.00197873    0.01367063
  9032           0.00197873    0.01367082
  9033           0.00197873    0.01367065
  9034           0.00197873    0.01367083
  9035           0.00197873    0.01367066
  9036           0.00197873    0.01367085
  9037           0.00197873    0.01367067
  9038           0.00197873    0.01367086
  9039           0.00197873    0.01367069
  9040           0.00197873    0.01367087
  9041           0.00197873    0.01367070
  9042           0.00197873    0.01367089
  9043           0.00197873    0.01367072
  9044           0.00197873    0.01367090
  9045           0.00197873    0.01367073
  9046           0.00197873    0.01367091
  9047           0.00197873    0.01367074
  9048           0.00197873    0.01367093
  9049           0.00197873    0.01367076
  9050           0.00197873    0.01367094
  9051           0.00197873    0.01367077
  9052           0.00197873    0.01367096
  9053           0.00197873    0.01367078
  9054           0.00197873    0.01367097
  9055           0.00197873    0.01367080
  9056           0.00197873    0.01367098
  9057           0.00197873    0.01367081
  9058           0.00197873    0.01367100
  9059           0.00197873    0.01367083
  9060           0.00197873    0.01367101
  9061           0.00197873    0.01367084
  9062           0.00197873    0.01367102
  9063           0.00197873    0.01367085
  9064           0.00197873    0.01367104
  9065           0.00197873    0.01367087
  9066           0.00197873    0.01367105
  9067           0.00197873    0.01367088
  9068           0.00197873    0.01367106
  9069           0.00197873    0.01367089
  9070           0.00197873    0.01367108
  9071           0.00197873    0.01367091
  9072           0.00197873    0.01367109
  9073           0.00197873    0.01367092
  9074           0.00197873    0.01367111
  9075           0.00197873    0.01367094
  9076           0.00197873    0.01367112
  9077           0.00197873    0.01367095
  9078           0.00197873    0.01367113
  9079           0.00197873    0.01367096
  9080           0.00197873    0.01367115
  9081           0.00197873    0.01367098
  9082           0.00197873    0.01367116
  9083           0.00197873    0.01367099
  9084           0.00197873    0.01367117
  9085           0.00197873    0.01367100
  9086           0.00197873    0.01367119
  9087           0.00197873    0.01367102
  9088           0.00197873    0.01367120
  9089           0.00197873    0.01367103
  9090           0.00197873    0.01367121
  9091           0.00197873    0.01367104
  9092           0.00197873    0.01367123
  9093           0.00197873    0.01367106
  9094           0.00197873    0.01367124
  9095           0.00197873    0.01367107
  9096           0.00197873    0.01367126
  9097           0.00197873    0.01367109
  9098           0.00197873    0.01367127
  9099           0.00197873    0.01367110
  9100           0.00197873    0.01367128
  9101           0.00197873    0.01367111
  9102           0.00197873    0.01367130
  9103           0.00197873    0.01367113
  9104           0.00197873    0.01367131
  9105           0.00197873    0.01367114
  9106           0.00197873    0.01367132
  9107           0.00197873    0.01367115
  9108           0.00197873    0.01367134
  9109           0.00197873    0.01367117
  9110           0.00197873    0.01367135
  9111           0.00197873    0.01367118
  9112           0.00197873    0.01367136
  9113           0.00197873    0.01367119
  9114           0.00197873    0.01367138
  9115           0.00197873    0.01367121
  9116           0.00197873    0.01367139
  9117           0.00197873    0.01367122
  9118           0.00197873    0.01367140
  9119           0.00197873    0.01367124
  9120           0.00197873    0.01367142
  9121           0.00197873    0.01367125
  9122           0.00197873    0.01367143
  9123           0.00197873    0.01367126
  9124           0.00197873    0.01367144
  9125           0.00197873    0.01367128
  9126           0.00197873    0.01367146
  9127           0.00197873    0.01367129
  9128           0.00197873    0.01367147
  9129           0.00197873    0.01367130
  9130           0.00197873    0.01367148
  9131           0.00197873    0.01367132
  9132           0.00197873    0.01367150
  9133           0.00197873    0.01367133
  9134           0.00197873    0.01367151
  9135           0.00197873    0.01367134
  9136           0.00197873    0.01367153
  9137           0.00197873    0.01367136
  9138           0.00197873    0.01367154
  9139           0.00197873    0.01367137
  9140           0.00197873    0.01367155
  9141           0.00197873    0.01367138
  9142           0.00197873    0.01367157
  9143           0.00197873    0.01367140
  9144           0.00197873    0.01367158
  9145           0.00197873    0.01367141
  9146           0.00197873    0.01367159
  9147           0.00197873    0.01367142
  9148           0.00197873    0.01367161
  9149           0.00197873    0.01367144
  9150           0.00197873    0.01367162
  9151           0.00197873    0.01367145
  9152           0.00197873    0.01367163
  9153           0.00197873    0.01367146
  9154           0.00197873    0.01367165
  9155           0.00197873    0.01367148
  9156           0.00197873    0.01367166
  9157           0.00197873    0.01367149
  9158           0.00197873    0.01367167
  9159           0.00197873    0.01367151
  9160           0.00197873    0.01367169
  9161           0.00197873    0.01367152
  9162           0.00197873    0.01367170
  9163           0.00197873    0.01367153
  9164           0.00197873    0.01367171
  9165           0.00197873    0.01367155
  9166           0.00197873    0.01367173
  9167           0.00197873    0.01367156
  9168           0.00197873    0.01367174
  9169           0.00197873    0.01367157
  9170           0.00197873    0.01367175
  9171           0.00197873    0.01367159
  9172           0.00197873    0.01367177
  9173           0.00197873    0.01367160
  9174           0.00197873    0.01367178
  9175           0.00197873    0.01367161
  9176           0.00197873    0.01367179
  9177           0.00197873    0.01367163
  9178           0.00197873    0.01367181
  9179           0.00197873    0.01367164
  9180           0.00197873    0.01367182
  9181           0.00197873    0.01367165
  9182           0.00197873    0.01367183
  9183           0.00197873    0.01367167
  9184           0.00197873    0.01367185
  9185           0.00197873    0.01367168
  9186           0.00197873    0.01367186
  9187           0.00197873    0.01367169
  9188           0.00197873    0.01367187
  9189           0.00197873    0.01367171
  9190           0.00197873    0.01367189
  9191           0.00197873    0.01367172
  9192           0.00197873    0.01367190
  9193           0.00197873    0.01367173
  9194           0.00197873    0.01367191
  9195           0.00197873    0.01367175
  9196           0.00197873    0.01367193
  9197           0.00197873    0.01367176
  9198           0.00197873    0.01367194
  9199           0.00197873    0.01367177
  9200           0.00197873    0.01367195
  9201           0.00197873    0.01367179
  9202           0.00197873    0.01367197
  9203           0.00197873    0.01367180
  9204           0.00197873    0.01367198
  9205           0.00197873    0.01367181
  9206           0.00197873    0.01367199
  9207           0.00197873    0.01367183
  9208           0.00197873    0.01367201
  9209           0.00197873    0.01367184
  9210           0.00197873    0.01367202
  9211           0.00197873    0.01367185
  9212           0.00197873    0.01367203
  9213           0.00197873    0.01367187
  9214           0.00197873    0.01367205
  9215           0.00197873    0.01367188
  9216           0.00197873    0.01367206
  9217           0.00197873    0.01367189
  9218           0.00197873    0.01367207
  9219           0.00197873    0.01367191
  9220           0.00197873    0.01367208
  9221           0.00197873    0.01367192
  9222           0.00197873    0.01367210
  9223           0.00197873    0.01367193
  9224           0.00197873    0.01367211
  9225           0.00197873    0.01367195
  9226           0.00197873    0.01367212
  9227           0.00197873    0.01367196
  9228           0.00197873    0.01367214
  9229           0.00197873    0.01367197
  9230           0.00197873    0.01367215
  9231           0.00197873    0.01367199
  9232           0.00197873    0.01367216
  9233           0.00197873    0.01367200
  9234           0.00197873    0.01367218
  9235           0.00197873    0.01367201
  9236           0.00197873    0.01367219
  9237           0.00197873    0.01367203
  9238           0.00197873    0.01367220
  9239           0.00197873    0.01367204
  9240           0.00197873    0.01367222
  9241           0.00197873    0.01367205
  9242           0.00197873    0.01367223
  9243           0.00197873    0.01367207
  9244           0.00197873    0.01367224
  9245           0.00197873    0.01367208
  9246           0.00197873    0.01367226
  9247           0.00197873    0.01367209
  9248           0.00197873    0.01367227
  9249           0.00197873    0.01367211
  9250           0.00197873    0.01367228
  9251           0.00197873    0.01367212
  9252           0.00197873    0.01367230
  9253           0.00197873    0.01367213
  9254           0.00197873    0.01367231
  9255           0.00197873    0.01367214
  9256           0.00197873    0.01367232
  9257           0.00197873    0.01367216
  9258           0.00197873    0.01367234
  9259           0.00197873    0.01367217
  9260           0.00197873    0.01367235
  9261           0.00197873    0.01367218
  9262           0.00197873    0.01367236
  9263           0.00197873    0.01367220
  9264           0.00197873    0.01367237
  9265           0.00197873    0.01367221
  9266           0.00197873    0.01367239
  9267           0.00197873    0.01367222
  9268           0.00197873    0.01367240
  9269           0.00197873    0.01367224
  9270           0.00197873    0.01367241
  9271           0.00197873    0.01367225
  9272           0.00197873    0.01367243
  9273           0.00197873    0.01367226
  9274           0.00197873    0.01367244
  9275           0.00197873    0.01367228
  9276           0.00197873    0.01367245
  9277           0.00197873    0.01367229
  9278           0.00197873    0.01367247
  9279           0.00197873    0.01367230
  9280           0.00197873    0.01367248
  9281           0.00197873    0.01367232
  9282           0.00197873    0.01367249
  9283           0.00197873    0.01367233
  9284           0.00197873    0.01367250
  9285           0.00197873    0.01367234
  9286           0.00197873    0.01367252
  9287           0.00197873    0.01367235
  9288           0.00197873    0.01367253
  9289           0.00197873    0.01367237
  9290           0.00197873    0.01367254
  9291           0.00197873    0.01367238
  9292           0.00197873    0.01367256
  9293           0.00197873    0.01367239
  9294           0.00197873    0.01367257
  9295           0.00197873    0.01367241
  9296           0.00197873    0.01367258
  9297           0.00197873    0.01367242
  9298           0.00197873    0.01367260
  9299           0.00197873    0.01367243
  9300           0.00197873    0.01367261
  9301           0.00197873    0.01367245
  9302           0.00197873    0.01367262
  9303           0.00197873    0.01367246
  9304           0.00197873    0.01367264
  9305           0.00197873    0.01367247
  9306           0.00197873    0.01367265
  9307           0.00197873    0.01367249
  9308           0.00197873    0.01367266
  9309           0.00197873    0.01367250
  9310           0.00197873    0.01367267
  9311           0.00197873    0.01367251
  9312           0.00197873    0.01367269
  9313           0.00197873    0.01367252
  9314           0.00197873    0.01367270
  9315           0.00197873    0.01367254
  9316           0.00197873    0.01367271
  9317           0.00197873    0.01367255
  9318           0.00197873    0.01367273
  9319           0.00197873    0.01367256
  9320           0.00197873    0.01367274
  9321           0.00197873    0.01367258
  9322           0.00197873    0.01367275
  9323           0.00197873    0.01367259
  9324           0.00197873    0.01367276
  9325           0.00197873    0.01367260
  9326           0.00197873    0.01367278
  9327           0.00197873    0.01367262
  9328           0.00197873    0.01367279
  9329           0.00197873    0.01367263
  9330           0.00197873    0.01367280
  9331           0.00197873    0.01367264
  9332           0.00197873    0.01367282
  9333           0.00197873    0.01367265
  9334           0.00197873    0.01367283
  9335           0.00197873    0.01367267
  9336           0.00197873    0.01367284
  9337           0.00197873    0.01367268
  9338           0.00197873    0.01367285
  9339           0.00197873    0.01367269
  9340           0.00197873    0.01367287
  9341           0.00197873    0.01367271
  9342           0.00197873    0.01367288
  9343           0.00197873    0.01367272
  9344           0.00197873    0.01367289
  9345           0.00197873    0.01367273
  9346           0.00197873    0.01367291
  9347           0.00197873    0.01367275
  9348           0.00197873    0.01367292
  9349           0.00197873    0.01367276
  9350           0.00197873    0.01367293
  9351           0.00197873    0.01367277
  9352           0.00197873    0.01367295
  9353           0.00197873    0.01367278
  9354           0.00197873    0.01367296
  9355           0.00197873    0.01367280
  9356           0.00197873    0.01367297
  9357           0.00197873    0.01367281
  9358           0.00197873    0.01367298
  9359           0.00197873    0.01367282
  9360           0.00197873    0.01367300
  9361           0.00197873    0.01367284
  9362           0.00197873    0.01367301
  9363           0.00197873    0.01367285
  9364           0.00197873    0.01367302
  9365           0.00197873    0.01367286
  9366           0.00197873    0.01367303
  9367           0.00197873    0.01367287
  9368           0.00197873    0.01367305
  9369           0.00197873    0.01367289
  9370           0.00197873    0.01367306
  9371           0.00197873    0.01367290
  9372           0.00197873    0.01367307
  9373           0.00197873    0.01367291
  9374           0.00197873    0.01367309
  9375           0.00197873    0.01367293
  9376           0.00197873    0.01367310
  9377           0.00197873    0.01367294
  9378           0.00197873    0.01367311
  9379           0.00197873    0.01367295
  9380           0.00197873    0.01367312
  9381           0.00197873    0.01367296
  9382           0.00197873    0.01367314
  9383           0.00197873    0.01367298
  9384           0.00197873    0.01367315
  9385           0.00197873    0.01367299
  9386           0.00197873    0.01367316
  9387           0.00197873    0.01367300
  9388           0.00197873    0.01367318
  9389           0.00197873    0.01367302
  9390           0.00197873    0.01367319
  9391           0.00197873    0.01367303
  9392           0.00197873    0.01367320
  9393           0.00197873    0.01367304
  9394           0.00197873    0.01367321
  9395           0.00197873    0.01367305
  9396           0.00197873    0.01367323
  9397           0.00197873    0.01367307
  9398           0.00197873    0.01367324
  9399           0.00197873    0.01367308
  9400           0.00197873    0.01367325
  9401           0.00197873    0.01367309
  9402           0.00197873    0.01367326
  9403           0.00197873    0.01367311
  9404           0.00197873    0.01367328
  9405           0.00197873    0.01367312
  9406           0.00197873    0.01367329
  9407           0.00197873    0.01367313
  9408           0.00197873    0.01367330
  9409           0.00197873    0.01367314
  9410           0.00197873    0.01367332
  9411           0.00197873    0.01367316
  9412           0.00197873    0.01367333
  9413           0.00197873    0.01367317
  9414           0.00197873    0.01367334
  9415           0.00197873    0.01367318
  9416           0.00197873    0.01367335
  9417           0.00197873    0.01367319
  9418           0.00197873    0.01367337
  9419           0.00197873    0.01367321
  9420           0.00197873    0.01367338
  9421           0.00197873    0.01367322
  9422           0.00197873    0.01367339
  9423           0.00197873    0.01367323
  9424           0.00197873    0.01367340
  9425           0.00197873    0.01367325
  9426           0.00197873    0.01367342
  9427           0.00197873    0.01367326
  9428           0.00197873    0.01367343
  9429           0.00197873    0.01367327
  9430           0.00197873    0.01367344
  9431           0.00197873    0.01367328
  9432           0.00197873    0.01367345
  9433           0.00197873    0.01367330
  9434           0.00197873    0.01367347
  9435           0.00197873    0.01367331
  9436           0.00197873    0.01367348
  9437           0.00197873    0.01367332
  9438           0.00197873    0.01367349
  9439           0.00197873    0.01367333
  9440           0.00197873    0.01367351
  9441           0.00197873    0.01367335
  9442           0.00197873    0.01367352
  9443           0.00197873    0.01367336
  9444           0.00197873    0.01367353
  9445           0.00197873    0.01367337
  9446           0.00197873    0.01367354
  9447           0.00197873    0.01367339
  9448           0.00197873    0.01367356
  9449           0.00197873    0.01367340
  9450           0.00197873    0.01367357
  9451           0.00197873    0.01367341
  9452           0.00197873    0.01367358
  9453           0.00197873    0.01367342
  9454           0.00197873    0.01367359
  9455           0.00197873    0.01367344
  9456           0.00197873    0.01367361
  9457           0.00197873    0.01367345
  9458           0.00197873    0.01367362
  9459           0.00197873    0.01367346
  9460           0.00197873    0.01367363
  9461           0.00197873    0.01367347
  9462           0.00197873    0.01367364
  9463           0.00197873    0.01367349
  9464           0.00197873    0.01367366
  9465           0.00197873    0.01367350
  9466           0.00197873    0.01367367
  9467           0.00197873    0.01367351
  9468           0.00197873    0.01367368
  9469           0.00197873    0.01367352
  9470           0.00197873    0.01367369
  9471           0.00197873    0.01367354
  9472           0.00197873    0.01367371
  9473           0.00197873    0.01367355
  9474           0.00197873    0.01367372
  9475           0.00197873    0.01367356
  9476           0.00197873    0.01367373
  9477           0.00197873    0.01367357
  9478           0.00197873    0.01367374
  9479           0.00197873    0.01367359
  9480           0.00197873    0.01367376
  9481           0.00197873    0.01367360
  9482           0.00197873    0.01367377
  9483           0.00197873    0.01367361
  9484           0.00197873    0.01367378
  9485           0.00197873    0.01367363
  9486           0.00197873    0.01367379
  9487           0.00197873    0.01367364
  9488           0.00197873    0.01367381
  9489           0.00197873    0.01367365
  9490           0.00197873    0.01367382
  9491           0.00197873    0.01367366
  9492           0.00197873    0.01367383
  9493           0.00197873    0.01367368
  9494           0.00197873    0.01367384
  9495           0.00197873    0.01367369
  9496           0.00197873    0.01367386
  9497           0.00197873    0.01367370
  9498           0.00197873    0.01367387
  9499           0.00197873    0.01367371
  9500           0.00197873    0.01367388
  9501           0.00197873    0.01367373
  9502           0.00197873    0.01367389
  9503           0.00197873    0.01367374
  9504           0.00197873    0.01367391
  9505           0.00197873    0.01367375
  9506           0.00197873    0.01367392
  9507           0.00197873    0.01367376
  9508           0.00197873    0.01367393
  9509           0.00197873    0.01367378
  9510           0.00197873    0.01367394
  9511           0.00197873    0.01367379
  9512           0.00197873    0.01367396
  9513           0.00197873    0.01367380
  9514           0.00197873    0.01367397
  9515           0.00197873    0.01367381
  9516           0.00197873    0.01367398
  9517           0.00197873    0.01367383
  9518           0.00197873    0.01367399
  9519           0.00197873    0.01367384
  9520           0.00197873    0.01367401
  9521           0.00197873    0.01367385
  9522           0.00197873    0.01367402
  9523           0.00197873    0.01367386
  9524           0.00197873    0.01367403
  9525           0.00197873    0.01367388
  9526           0.00197873    0.01367404
  9527           0.00197873    0.01367389
  9528           0.00197873    0.01367406
  9529           0.00197873    0.01367390
  9530           0.00197873    0.01367407
  9531           0.00197873    0.01367391
  9532           0.00197873    0.01367408
  9533           0.00197873    0.01367393
  9534           0.00197873    0.01367409
  9535           0.00197873    0.01367394
  9536           0.00197873    0.01367411
  9537           0.00197873    0.01367395
  9538           0.00197873    0.01367412
  9539           0.00197873    0.01367396
  9540           0.00197873    0.01367413
  9541           0.00197873    0.01367397
  9542           0.00197873    0.01367414
  9543           0.00197873    0.01367399
  9544           0.00197873    0.01367415
  9545           0.00197873    0.01367400
  9546           0.00197873    0.01367417
  9547           0.00197873    0.01367401
  9548           0.00197873    0.01367418
  9549           0.00197873    0.01367402
  9550           0.00197873    0.01367419
  9551           0.00197873    0.01367404
  9552           0.00197873    0.01367420
  9553           0.00197873    0.01367405
  9554           0.00197873    0.01367422
  9555           0.00197873    0.01367406
  9556           0.00197873    0.01367423
  9557           0.00197873    0.01367407
  9558           0.00197873    0.01367424
  9559           0.00197873    0.01367409
  9560           0.00197873    0.01367425
  9561           0.00197873    0.01367410
  9562           0.00197873    0.01367427
  9563           0.00197873    0.01367411
  9564           0.00197873    0.01367428
  9565           0.00197873    0.01367412
  9566           0.00197873    0.01367429
  9567           0.00197873    0.01367414
  9568           0.00197873    0.01367430
  9569           0.00197873    0.01367415
  9570           0.00197873    0.01367431
  9571           0.00197873    0.01367416
  9572           0.00197873    0.01367433
  9573           0.00197873    0.01367417
  9574           0.00197873    0.01367434
  9575           0.00197873    0.01367419
  9576           0.00197873    0.01367435
  9577           0.00197873    0.01367420
  9578           0.00197873    0.01367436
  9579           0.00197873    0.01367421
  9580           0.00197873    0.01367438
  9581           0.00197873    0.01367422
  9582           0.00197873    0.01367439
  9583           0.00197873    0.01367423
  9584           0.00197873    0.01367440
  9585           0.00197873    0.01367425
  9586           0.00197873    0.01367441
  9587           0.00197873    0.01367426
  9588           0.00197873    0.01367442
  9589           0.00197873    0.01367427
  9590           0.00197873    0.01367444
  9591           0.00197873    0.01367428
  9592           0.00197873    0.01367445
  9593           0.00197873    0.01367430
  9594           0.00197873    0.01367446
  9595           0.00197873    0.01367431
  9596           0.00197873    0.01367447
  9597           0.00197873    0.01367432
  9598           0.00197873    0.01367449
  9599           0.00197873    0.01367433
  9600           0.00197873    0.01367450
  9601           0.00197873    0.01367435
  9602           0.00197873    0.01367451
  9603           0.00197873    0.01367436
  9604           0.00197873    0.01367452
  9605           0.00197873    0.01367437
  9606           0.00197873    0.01367453
  9607           0.00197873    0.01367438
  9608           0.00197873    0.01367455
  9609           0.00197873    0.01367439
  9610           0.00197873    0.01367456
  9611           0.00197873    0.01367441
  9612           0.00197873    0.01367457
  9613           0.00197873    0.01367442
  9614           0.00197873    0.01367458
  9615           0.00197873    0.01367443
  9616           0.00197873    0.01367460
  9617           0.00197873    0.01367444
  9618           0.00197873    0.01367461
  9619           0.00197873    0.01367446
  9620           0.00197873    0.01367462
  9621           0.00197873    0.01367447
  9622           0.00197873    0.01367463
  9623           0.00197873    0.01367448
  9624           0.00197873    0.01367464
  9625           0.00197873    0.01367449
  9626           0.00197873    0.01367466
  9627           0.00197873    0.01367450
  9628           0.00197873    0.01367467
  9629           0.00197873    0.01367452
  9630           0.00197873    0.01367468
  9631           0.00197873    0.01367453
  9632           0.00197873    0.01367469
  9633           0.00197873    0.01367454
  9634           0.00197873    0.01367470
  9635           0.00197873    0.01367455
  9636           0.00197873    0.01367472
  9637           0.00197873    0.01367457
  9638           0.00197873    0.01367473
  9639           0.00197873    0.01367458
  9640           0.00197873    0.01367474
  9641           0.00197873    0.01367459
  9642           0.00197873    0.01367475
  9643           0.00197873    0.01367460
  9644           0.00197873    0.01367477
  9645           0.00197873    0.01367461
  9646           0.00197873    0.01367478
  9647           0.00197873    0.01367463
  9648           0.00197873    0.01367479
  9649           0.00197873    0.01367464
  9650           0.00197873    0.01367480
  9651           0.00197873    0.01367465
  9652           0.00197873    0.01367481
  9653           0.00197873    0.01367466
  9654           0.00197873    0.01367483
  9655           0.00197873    0.01367467
  9656           0.00197873    0.01367484
  9657           0.00197873    0.01367469
  9658           0.00197873    0.01367485
  9659           0.00197873    0.01367470
  9660           0.00197873    0.01367486
  9661           0.00197873    0.01367471
  9662           0.00197873    0.01367487
  9663           0.00197873    0.01367472
  9664           0.00197873    0.01367489
  9665           0.00197873    0.01367474
  9666           0.00197873    0.01367490
  9667           0.00197873    0.01367475
  9668           0.00197873    0.01367491
  9669           0.00197873    0.01367476
  9670           0.00197873    0.01367492
  9671           0.00197873    0.01367477
  9672           0.00197873    0.01367493
  9673           0.00197873    0.01367478
  9674           0.00197873    0.01367495
  9675           0.00197873    0.01367480
  9676           0.00197873    0.01367496
  9677           0.00197873    0.01367481
  9678           0.00197873    0.01367497
  9679           0.00197873    0.01367482
  9680           0.00197873    0.01367498
  9681           0.00197873    0.01367483
  9682           0.00197873    0.01367499
  9683           0.00197873    0.01367484
  9684           0.00197873    0.01367501
  9685           0.00197873    0.01367486
  9686           0.00197873    0.01367502
  9687           0.00197873    0.01367487
  9688           0.00197873    0.01367503
  9689           0.00197873    0.01367488
  9690           0.00197873    0.01367504
  9691           0.00197873    0.01367489
  9692           0.00197873    0.01367505
  9693           0.00197873    0.01367490
  9694           0.00197873    0.01367507
  9695           0.00197873    0.01367492
  9696           0.00197873    0.01367508
  9697           0.00197873    0.01367493
  9698           0.00197873    0.01367509
  9699           0.00197873    0.01367494
  9700           0.00197873    0.01367510
  9701           0.00197873    0.01367495
  9702           0.00197873    0.01367511
  9703           0.00197873    0.01367496
  9704           0.00197873    0.01367513
  9705           0.00197873    0.01367498
  9706           0.00197873    0.01367514
  9707           0.00197873    0.01367499
  9708           0.00197873    0.01367515
  9709           0.00197873    0.01367500
  9710           0.00197873    0.01367516
  9711           0.00197873    0.01367501
  9712           0.00197873    0.01367517
  9713           0.00197873    0.01367502
  9714           0.00197873    0.01367519
  9715           0.00197873    0.01367504
  9716           0.00197873    0.01367520
  9717           0.00197873    0.01367505
  9718           0.00197873    0.01367521
  9719           0.00197873    0.01367506
  9720           0.00197873    0.01367522
  9721           0.00197873    0.01367507
  9722           0.00197873    0.01367523
  9723           0.00197873    0.01367508
  9724           0.00197873    0.01367525
  9725           0.00197873    0.01367510
  9726           0.00197873    0.01367526
  9727           0.00197873    0.01367511
  9728           0.00197873    0.01367527
  9729           0.00197873    0.01367512
  9730           0.00197873    0.01367528
  9731           0.00197873    0.01367513
  9732           0.00197873    0.01367529
  9733           0.00197873    0.01367514
  9734           0.00197873    0.01367530
  9735           0.00197873    0.01367516
  9736           0.00197873    0.01367532
  9737           0.00197873    0.01367517
  9738           0.00197873    0.01367533
  9739           0.00197873    0.01367518
  9740           0.00197873    0.01367534
  9741           0.00197873    0.01367519
  9742           0.00197873    0.01367535
  9743           0.00197873    0.01367520
  9744           0.00197873    0.01367536
  9745           0.00197873    0.01367522
  9746           0.00197873    0.01367538
  9747           0.00197873    0.01367523
  9748           0.00197873    0.01367539
  9749           0.00197873    0.01367524
  9750           0.00197873    0.01367540
  9751           0.00197873    0.01367525
  9752           0.00197873    0.01367541
  9753           0.00197873    0.01367526
  9754           0.00197873    0.01367542
  9755           0.00197873    0.01367527
  9756           0.00197873    0.01367543
  9757           0.00197873    0.01367529
  9758           0.00197873    0.01367545
  9759           0.00197873    0.01367530
  9760           0.00197873    0.01367546
  9761           0.00197873    0.01367531
  9762           0.00197873    0.01367547
  9763           0.00197873    0.01367532
  9764           0.00197873    0.01367548
  9765           0.00197873    0.01367533
  9766           0.00197873    0.01367549
  9767           0.00197873    0.01367535
  9768           0.00197873    0.01367551
  9769           0.00197873    0.01367536
  9770           0.00197873    0.01367552
  9771           0.00197873    0.01367537
  9772           0.00197873    0.01367553
  9773           0.00197873    0.01367538
  9774           0.00197873    0.01367554
  9775           0.00197873    0.01367539
  9776           0.00197873    0.01367555
  9777           0.00197873    0.01367540
  9778           0.00197873    0.01367556
  9779           0.00197873    0.01367542
  9780           0.00197873    0.01367558
  9781           0.00197873    0.01367543
  9782           0.00197873    0.01367559
  9783           0.00197873    0.01367544
  9784           0.00197873    0.01367560
  9785           0.00197873    0.01367545
  9786           0.00197873    0.01367561
  9787           0.00197873    0.01367546
  9788           0.00197873    0.01367562
  9789           0.00197873    0.01367548
  9790           0.00197873    0.01367564
  9791           0.00197873    0.01367549
  9792           0.00197873    0.01367565
  9793           0.00197873    0.01367550
  9794           0.00197873    0.01367566
  9795           0.00197873    0.01367551
  9796           0.00197873    0.01367567
  9797           0.00197873    0.01367552
  9798           0.00197873    0.01367568
  9799           0.00197873    0.01367553
  9800           0.00197873    0.01367569
  9801           0.00197873    0.01367555
  9802           0.00197873    0.01367571
  9803           0.00197873    0.01367556
  9804           0.00197873    0.01367572
  9805           0.00197873    0.01367557
  9806           0.00197873    0.01367573
  9807           0.00197873    0.01367558
  9808           0.00197873    0.01367574
  9809           0.00197873    0.01367559
  9810           0.00197873    0.01367575
  9811           0.00197873    0.01367561
  9812           0.00197873    0.01367576
  9813           0.00197873    0.01367562
  9814           0.00197873    0.01367578
  9815           0.00197873    0.01367563
  9816           0.00197873    0.01367579
  9817           0.00197873    0.01367564
  9818           0.00197873    0.01367580
  9819           0.00197873    0.01367565
  9820           0.00197873    0.01367581
  9821           0.00197873    0.01367566
  9822           0.00197873    0.01367582
  9823           0.00197873    0.01367568
  9824           0.00197873    0.01367583
  9825           0.00197873    0.01367569
  9826           0.00197873    0.01367585
  9827           0.00197873    0.01367570
  9828           0.00197873    0.01367586
  9829           0.00197873    0.01367571
  9830           0.00197873    0.01367587
  9831           0.00197873    0.01367572
  9832           0.00197873    0.01367588
  9833           0.00197873    0.01367573
  9834           0.00197873    0.01367589
  9835           0.00197873    0.01367575
  9836           0.00197873    0.01367590
  9837           0.00197873    0.01367576
  9838           0.00197873    0.01367592
  9839           0.00197873    0.01367577
  9840           0.00197873    0.01367593
  9841           0.00197873    0.01367578
  9842           0.00197873    0.01367594
  9843           0.00197873    0.01367579
  9844           0.00197873    0.01367595
  9845           0.00197873    0.01367580
  9846           0.00197873    0.01367596
  9847           0.00197873    0.01367582
  9848           0.00197873    0.01367597
  9849           0.00197873    0.01367583
  9850           0.00197873    0.01367598
  9851           0.00197873    0.01367584
  9852           0.00197873    0.01367600
  9853           0.00197873    0.01367585
  9854           0.00197873    0.01367601
  9855           0.00197873    0.01367586
  9856           0.00197873    0.01367602
  9857           0.00197873    0.01367587
  9858           0.00197873    0.01367603
  9859           0.00197873    0.01367589
  9860           0.00197873    0.01367604
  9861           0.00197873    0.01367590
  9862           0.00197873    0.01367605
  9863           0.00197873    0.01367591
  9864           0.00197873    0.01367607
  9865           0.00197873    0.01367592
  9866           0.00197873    0.01367608
  9867           0.00197873    0.01367593
  9868           0.00197873    0.01367609
  9869           0.00197873    0.01367594
  9870           0.00197873    0.01367610
  9871           0.00197873    0.01367596
  9872           0.00197873    0.01367611
  9873           0.00197873    0.01367597
  9874           0.00197873    0.01367612
  9875           0.00197873    0.01367598
  9876           0.00197873    0.01367614
  9877           0.00197873    0.01367599
  9878           0.00197873    0.01367615
  9879           0.00197873    0.01367600
  9880           0.00197873    0.01367616
  9881           0.00197873    0.01367601
  9882           0.00197873    0.01367617
  9883           0.00197873    0.01367602
  9884           0.00197873    0.01367618
  9885           0.00197873    0.01367604
  9886           0.00197873    0.01367619
  9887           0.00197873    0.01367605
  9888           0.00197873    0.01367620
  9889           0.00197873    0.01367606
  9890           0.00197873    0.01367622
  9891           0.00197873    0.01367607
  9892           0.00197873    0.01367623
  9893           0.00197873    0.01367608
  9894           0.00197873    0.01367624
  9895           0.00197873    0.01367609
  9896           0.00197873    0.01367625
  9897           0.00197873    0.01367611
  9898           0.00197873    0.01367626
  9899           0.00197873    0.01367612
  9900           0.00197873    0.01367627
  9901           0.00197873    0.01367613
  9902           0.00197873    0.01367628
  9903           0.00197873    0.01367614
  9904           0.00197873    0.01367630
  9905           0.00197873    0.01367615
  9906           0.00197873    0.01367631
  9907           0.00197873    0.01367616
  9908           0.00197873    0.01367632
  9909           0.00197873    0.01367617
  9910           0.00197873    0.01367633
  9911           0.00197873    0.01367619
  9912           0.00197873    0.01367634
  9913           0.00197873    0.01367620
  9914           0.00197873    0.01367635
  9915           0.00197873    0.01367621
  9916           0.00197873    0.01367636
  9917           0.00197873    0.01367622
  9918           0.00197873    0.01367638
  9919           0.00197873    0.01367623
  9920           0.00197873    0.01367639
  9921           0.00197873    0.01367624
  9922           0.00197873    0.01367640
  9923           0.00197873    0.01367626
  9924           0.00197873    0.01367641
  9925           0.00197873    0.01367627
  9926           0.00197873    0.01367642
  9927           0.00197873    0.01367628
  9928           0.00197873    0.01367643
  9929           0.00197873    0.01367629
  9930           0.00197873    0.01367644
  9931           0.00197873    0.01367630
  9932           0.00197873    0.01367646
  9933           0.00197873    0.01367631
  9934           0.00197873    0.01367647
  9935           0.00197873    0.01367632
  9936           0.00197873    0.01367648
  9937           0.00197873    0.01367634
  9938           0.00197873    0.01367649
  9939           0.00197873    0.01367635
  9940           0.00197873    0.01367650
  9941           0.00197873    0.01367636
  9942           0.00197873    0.01367651
  9943           0.00197873    0.01367637
  9944           0.00197873    0.01367652
  9945           0.00197873    0.01367638
  9946           0.00197873    0.01367654
  9947           0.00197873    0.01367639
  9948           0.00197873    0.01367655
  9949           0.00197873    0.01367640
  9950           0.00197873    0.01367656
  9951           0.00197873    0.01367642
  9952           0.00197873    0.01367657
  9953           0.00197873    0.01367643
  9954           0.00197873    0.01367658
  9955           0.00197873    0.01367644
  9956           0.00197873    0.01367659
  9957           0.00197873    0.01367645
  9958           0.00197873    0.01367660
  9959           0.00197873    0.01367646
  9960           0.00197873    0.01367661
  9961           0.00197873    0.01367647
  9962           0.00197873    0.01367663
  9963           0.00197873    0.01367648
  9964           0.00197873    0.01367664
  9965           0.00197873    0.01367650
  9966           0.00197873    0.01367665
  9967           0.00197873    0.01367651
  9968           0.00197873    0.01367666
  9969           0.00197873    0.01367652
  9970           0.00197873    0.01367667
  9971           0.00197873    0.01367653
  9972           0.00197873    0.01367668
  9973           0.00197873    0.01367654
  9974           0.00197873    0.01367669
  9975           0.00197873    0.01367655
  9976           0.00197873    0.01367671
  9977           0.00197873    0.01367656
  9978           0.00197873    0.01367672
  9979           0.00197873    0.01367657
  9980           0.00197873    0.01367673
  9981           0.00197873    0.01367659
  9982           0.00197873    0.01367674
  9983           0.00197873    0.01367660
  9984           0.00197873    0.01367675
  9985           0.00197873    0.01367661
  9986           0.00197873    0.01367676
  9987           0.00197873    0.01367662
  9988           0.00197873    0.01367677
  9989           0.00197873    0.01367663
  9990           0.00197873    0.01367678
  9991           0.00197873    0.01367664
  9992           0.00197873    0.01367680
  9993           0.00197873    0.01367665
  9994           0.00197873    0.01367681
  9995           0.00197873    0.01367667
  9996           0.00197873    0.01367682
  9997           0.00197873    0.01367668
  9998           0.00197873    0.01367683
  9999           0.00197873    0.01367669
 10000           0.00197873    0.01367684
 10001           0.00197873    0.01367670
 10002           0.00197873    0.01367685
 10003           0.00197873    0.01367671
 10004           0.00197873    0.01367686
 10005           0.00197873    0.01367672
 10006           0.00197873    0.01367687
 10007           0.00197873    0.01367673
 10008           0.00197873    0.01367689
 10009           0.00197873    0.01367674
 10010           0.00197873    0.01367690
 10011           0.00197873    0.01367676
 10012           0.00197873    0.01367691
 10013           0.00197873    0.01367677
 10014           0.00197873    0.01367692
 10015           0.00197873    0.01367678
 10016           0.00197873    0.01367693
 10017           0.00197873    0.01367679
 10018           0.00197873    0.01367694
 10019           0.00197873    0.01367680
 10020           0.00197873    0.01367695
 10021           0.00197873    0.01367681
 10022           0.00197873    0.01367696
 10023           0.00197873    0.01367682
 10024           0.00197873    0.01367698
 10025           0.00197873    0.01367683
 10026           0.00197873    0.01367699
 10027           0.00197873    0.01367685
 10028           0.00197873    0.01367700
 10029           0.00197873    0.01367686
 10030           0.00197873    0.01367701
 10031           0.00197873    0.01367687
 10032           0.00197873    0.01367702
 10033           0.00197873    0.01367688
 10034           0.00197873    0.01367703
 10035           0.00197873    0.01367689
 10036           0.00197873    0.01367704
 10037           0.00197873    0.01367690
 10038           0.00197873    0.01367705
 10039           0.00197873    0.01367691
 10040           0.00197873    0.01367706
 10041           0.00197873    0.01367692
 10042           0.00197873    0.01367708
 10043           0.00197873    0.01367694
 10044           0.00197873    0.01367709
 10045           0.00197873    0.01367695
 10046           0.00197873    0.01367710
 10047           0.00197873    0.01367696
 10048           0.00197873    0.01367711
 10049           0.00197873    0.01367697
 10050           0.00197873    0.01367712
 10051           0.00197873    0.01367698
 10052           0.00197873    0.01367713
 10053           0.00197873    0.01367699
 10054           0.00197873    0.01367714
 10055           0.00197873    0.01367700
 10056           0.00197873    0.01367715
 10057           0.00197873    0.01367701
 10058           0.00197873    0.01367716
 10059           0.00197873    0.01367702
 10060           0.00197873    0.01367718
 10061           0.00197873    0.01367704
 10062           0.00197873    0.01367719
 10063           0.00197873    0.01367705
 10064           0.00197873    0.01367720
 10065           0.00197873    0.01367706
 10066           0.00197873    0.01367721
 10067           0.00197873    0.01367707
 10068           0.00197873    0.01367722
 10069           0.00197873    0.01367708
 10070           0.00197873    0.01367723
 10071           0.00197873    0.01367709
 10072           0.00197873    0.01367724
 10073           0.00197873    0.01367710
 10074           0.00197873    0.01367725
 10075           0.00197873    0.01367711
 10076           0.00197873    0.01367726
 10077           0.00197873    0.01367712
 10078           0.00197873    0.01367728
 10079           0.00197873    0.01367714
 10080           0.00197873    0.01367729
 10081           0.00197873    0.01367715
 10082           0.00197873    0.01367730
 10083           0.00197873    0.01367716
 10084           0.00197873    0.01367731
 10085           0.00197873    0.01367717
 10086           0.00197873    0.01367732
 10087           0.00197873    0.01367718
 10088           0.00197873    0.01367733
 10089           0.00197873    0.01367719
 10090           0.00197873    0.01367734
 10091           0.00197873    0.01367720
 10092           0.00197873    0.01367735
 10093           0.00197873    0.01367721
 10094           0.00197873    0.01367736
 10095           0.00197873    0.01367722
 10096           0.00197873    0.01367737
 10097           0.00197873    0.01367724
 10098           0.00197873    0.01367739
 10099           0.00197873    0.01367725
 10100           0.00197873    0.01367740
 10101           0.00197873    0.01367726
 10102           0.00197873    0.01367741
 10103           0.00197873    0.01367727
 10104           0.00197873    0.01367742
 10105           0.00197873    0.01367728
 10106           0.00197873    0.01367743
 10107           0.00197873    0.01367729
 10108           0.00197873    0.01367744
 10109           0.00197873    0.01367730
 10110           0.00197873    0.01367745
 10111           0.00197873    0.01367731
 10112           0.00197873    0.01367746
 10113           0.00197873    0.01367732
 10114           0.00197873    0.01367747
 10115           0.00197873    0.01367734
 10116           0.00197873    0.01367748
 10117           0.00197873    0.01367735
 10118           0.00197873    0.01367750
 10119           0.00197873    0.01367736
 10120           0.00197873    0.01367751
 10121           0.00197873    0.01367737
 10122           0.00197873    0.01367752
 10123           0.00197873    0.01367738
 10124           0.00197873    0.01367753
 10125           0.00197873    0.01367739
 10126           0.00197873    0.01367754
 10127           0.00197873    0.01367740
 10128           0.00197873    0.01367755
 10129           0.00197873    0.01367741
 10130           0.00197873    0.01367756
 10131           0.00197873    0.01367742
 10132           0.00197873    0.01367757
 10133           0.00197873    0.01367743
 10134           0.00197873    0.01367758
 10135           0.00197873    0.01367745
 10136           0.00197873    0.01367759
 10137           0.00197873    0.01367746
 10138           0.00197873    0.01367760
 10139           0.00197873    0.01367747
 10140           0.00197873    0.01367762
 10141           0.00197873    0.01367748
 10142           0.00197873    0.01367763
 10143           0.00197873    0.01367749
 10144           0.00197873    0.01367764
 10145           0.00197873    0.01367750
 10146           0.00197873    0.01367765
 10147           0.00197873    0.01367751
 10148           0.00197873    0.01367766
 10149           0.00197873    0.01367752
 10150           0.00197873    0.01367767
 10151           0.00197873    0.01367753
 10152           0.00197873    0.01367768
 10153           0.00197873    0.01367754
 10154           0.00197873    0.01367769
 10155           0.00197873    0.01367755
 10156           0.00197873    0.01367770
 10157           0.00197873    0.01367757
 10158           0.00197873    0.01367771
 10159           0.00197873    0.01367758
 10160           0.00197873    0.01367772
 10161           0.00197873    0.01367759
 10162           0.00197873    0.01367774
 10163           0.00197873    0.01367760
 10164           0.00197873    0.01367775
 10165           0.00197873    0.01367761
 10166           0.00197873    0.01367776
 10167           0.00197873    0.01367762
 10168           0.00197873    0.01367777
 10169           0.00197873    0.01367763
 10170           0.00197873    0.01367778
 10171           0.00197873    0.01367764
 10172           0.00197873    0.01367779
 10173           0.00197873    0.01367765
 10174           0.00197873    0.01367780
 10175           0.00197873    0.01367766
 10176           0.00197873    0.01367781
 10177           0.00197873    0.01367767
 10178           0.00197873    0.01367782
 10179           0.00197873    0.01367769
 10180           0.00197873    0.01367783
 10181           0.00197873    0.01367770
 10182           0.00197873    0.01367784
 10183           0.00197873    0.01367771
 10184           0.00197873    0.01367785
 10185           0.00197873    0.01367772
 10186           0.00197873    0.01367787
 10187           0.00197873    0.01367773
 10188           0.00197873    0.01367788
 10189           0.00197873    0.01367774
 10190           0.00197873    0.01367789
 10191           0.00197873    0.01367775
 10192           0.00197873    0.01367790
 10193           0.00197873    0.01367776
 10194           0.00197873    0.01367791
 10195           0.00197873    0.01367777
 10196           0.00197873    0.01367792
 10197           0.00197873    0.01367778
 10198           0.00197873    0.01367793
 10199           0.00197873    0.01367779
 10200           0.00197873    0.01367794
 10201           0.00197873    0.01367781
 10202           0.00197873    0.01367795
 10203           0.00197873    0.01367782
 10204           0.00197873    0.01367796
 10205           0.00197873    0.01367783
 10206           0.00197873    0.01367797
 10207           0.00197873    0.01367784
 10208           0.00197873    0.01367798
 10209           0.00197873    0.01367785
 10210           0.00197873    0.01367799
 10211           0.00197873    0.01367786
 10212           0.00197873    0.01367801
 10213           0.00197873    0.01367787
 10214           0.00197873    0.01367802
 10215           0.00197873    0.01367788
 10216           0.00197873    0.01367803
 10217           0.00197873    0.01367789
 10218           0.00197873    0.01367804
 10219           0.00197873    0.01367790
 10220           0.00197873    0.01367805
 10221           0.00197873    0.01367791
 10222           0.00197873    0.01367806
 10223           0.00197873    0.01367792
 10224           0.00197873    0.01367807
 10225           0.00197873    0.01367793
 10226           0.00197873    0.01367808
 10227           0.00197873    0.01367795
 10228           0.00197873    0.01367809
 10229           0.00197873    0.01367796
 10230           0.00197873    0.01367810
 10231           0.00197873    0.01367797
 10232           0.00197873    0.01367811
 10233           0.00197873    0.01367798
 10234           0.00197873    0.01367812
 10235           0.00197873    0.01367799
 10236           0.00197873    0.01367813
 10237           0.00197873    0.01367800
 10238           0.00197873    0.01367815
 10239           0.00197873    0.01367801
 10240           0.00197873    0.01367816
 10241           0.00197873    0.01367802
 10242           0.00197873    0.01367817
 10243           0.00197873    0.01367803
 10244           0.00197873    0.01367818
 10245           0.00197873    0.01367804
 10246           0.00197873    0.01367819
 10247           0.00197873    0.01367805
 10248           0.00197873    0.01367820
 10249           0.00197873    0.01367806
 10250           0.00197873    0.01367821
 10251           0.00197873    0.01367807
 10252           0.00197873    0.01367822
 10253           0.00197873    0.01367809
 10254           0.00197873    0.01367823
 10255           0.00197873    0.01367810
 10256           0.00197873    0.01367824
 10257           0.00197873    0.01367811
 10258           0.00197873    0.01367825
 10259           0.00197873    0.01367812
 10260           0.00197873    0.01367826
 10261           0.00197873    0.01367813
 10262           0.00197873    0.01367827
 10263           0.00197873    0.01367814
 10264           0.00197873    0.01367828
 10265           0.00197873    0.01367815
 10266           0.00197873    0.01367829
 10267           0.00197873    0.01367816
 10268           0.00197873    0.01367831
 10269           0.00197873    0.01367817
 10270           0.00197873    0.01367832
 10271           0.00197873    0.01367818
 10272           0.00197873    0.01367833
 10273           0.00197873    0.01367819
 10274           0.00197873    0.01367834
 10275           0.00197873    0.01367820
 10276           0.00197873    0.01367835
 10277           0.00197873    0.01367821
 10278           0.00197873    0.01367836
 10279           0.00197873    0.01367822
 10280           0.00197873    0.01367837
 10281           0.00197873    0.01367824
 10282           0.00197873    0.01367838
 10283           0.00197873    0.01367825
 10284           0.00197873    0.01367839
 10285           0.00197873    0.01367826
 10286           0.00197873    0.01367840
 10287           0.00197873    0.01367827
 10288           0.00197873    0.01367841
 10289           0.00197873    0.01367828
 10290           0.00197873    0.01367842
 10291           0.00197873    0.01367829
 10292           0.00197873    0.01367843
 10293           0.00197873    0.01367830
 10294           0.00197873    0.01367844
 10295           0.00197873    0.01367831
 10296           0.00197873    0.01367845
 10297           0.00197873    0.01367832
 10298           0.00197873    0.01367846
 10299           0.00197873    0.01367833
 10300           0.00197873    0.01367847
 10301           0.00197873    0.01367834
 10302           0.00197873    0.01367849
 10303           0.00197873    0.01367835
 10304           0.00197873    0.01367850
 10305           0.00197873    0.01367836
 10306           0.00197873    0.01367851
 10307           0.00197873    0.01367837
 10308           0.00197873    0.01367852
 10309           0.00197873    0.01367838
 10310           0.00197873    0.01367853
 10311           0.00197873    0.01367839
 10312           0.00197873    0.01367854
 10313           0.00197873    0.01367841
 10314           0.00197873    0.01367855
 10315           0.00197873    0.01367842
 10316           0.00197873    0.01367856
 10317           0.00197873    0.01367843
 10318           0.00197873    0.01367857
 10319           0.00197873    0.01367844
 10320           0.00197873    0.01367858
 10321           0.00197873    0.01367845
 10322           0.00197873    0.01367859
 10323           0.00197873    0.01367846
 10324           0.00197873    0.01367860
 10325           0.00197873    0.01367847
 10326           0.00197873    0.01367861
 10327           0.00197873    0.01367848
 10328           0.00197873    0.01367862
 10329           0.00197873    0.01367849
 10330           0.00197873    0.01367863
 10331           0.00197873    0.01367850
 10332           0.00197873    0.01367864
 10333           0.00197873    0.01367851
 10334           0.00197873    0.01367865
 10335           0.00197873    0.01367852
 10336           0.00197873    0.01367866
 10337           0.00197873    0.01367853
 10338           0.00197873    0.01367867
 10339           0.00197873    0.01367854
 10340           0.00197873    0.01367869
 10341           0.00197873    0.01367855
 10342           0.00197873    0.01367870
 10343           0.00197873    0.01367856
 10344           0.00197873    0.01367871
 10345           0.00197873    0.01367857
 10346           0.00197873    0.01367872
 10347           0.00197873    0.01367858
 10348           0.00197873    0.01367873
 10349           0.00197873    0.01367859
 10350           0.00197873    0.01367874
 10351           0.00197873    0.01367861
 10352           0.00197873    0.01367875
 10353           0.00197873    0.01367862
 10354           0.00197873    0.01367876
 10355           0.00197873    0.01367863
 10356           0.00197873    0.01367877
 10357           0.00197873    0.01367864
 10358           0.00197873    0.01367878
 10359           0.00197873    0.01367865
 10360           0.00197873    0.01367879
 10361           0.00197873    0.01367866
 10362           0.00197873    0.01367880
 10363           0.00197873    0.01367867
 10364           0.00197873    0.01367881
 10365           0.00197873    0.01367868
 10366           0.00197873    0.01367882
 10367           0.00197873    0.01367869
 10368           0.00197873    0.01367883
 10369           0.00197873    0.01367870
 10370           0.00197873    0.01367884
 10371           0.00197873    0.01367871
 10372           0.00197873    0.01367885
 10373           0.00197873    0.01367872
 10374           0.00197873    0.01367886
 10375           0.00197873    0.01367873
 10376           0.00197873    0.01367887
 10377           0.00197873    0.01367874
 10378           0.00197873    0.01367888
 10379           0.00197873    0.01367875
 10380           0.00197873    0.01367889
 10381           0.00197873    0.01367876
 10382           0.00197873    0.01367890
 10383           0.00197873    0.01367877
 10384           0.00197873    0.01367891
 10385           0.00197873    0.01367878
 10386           0.00197873    0.01367892
 10387           0.00197873    0.01367879
 10388           0.00197873    0.01367894
 10389           0.00197873    0.01367880
 10390           0.00197873    0.01367895
 10391           0.00197873    0.01367881
 10392           0.00197873    0.01367896
 10393           0.00197873    0.01367883
 10394           0.00197873    0.01367897
 10395           0.00197873    0.01367884
 10396           0.00197873    0.01367898
 10397           0.00197873    0.01367885
 10398           0.00197873    0.01367899
 10399           0.00197873    0.01367886
 10400           0.00197873    0.01367900
 10401           0.00197873    0.01367887
 10402           0.00197873    0.01367901
 10403           0.00197873    0.01367888
 10404           0.00197873    0.01367902
 10405           0.00197873    0.01367889
 10406           0.00197873    0.01367903
 10407           0.00197873    0.01367890
 10408           0.00197873    0.01367904
 10409           0.00197873    0.01367891
 10410           0.00197873    0.01367905
 10411           0.00197873    0.01367892
 10412           0.00197873    0.01367906
 10413           0.00197873    0.01367893
 10414           0.00197873    0.01367907
 10415           0.00197873    0.01367894
 10416           0.00197873    0.01367908
 10417           0.00197873    0.01367895
 10418           0.00197873    0.01367909
 10419           0.00197873    0.01367896
 10420           0.00197873    0.01367910
 10421           0.00197873    0.01367897
 10422           0.00197873    0.01367911
 10423           0.00197873    0.01367898
 10424           0.00197873    0.01367912
 10425           0.00197873    0.01367899
 10426           0.00197873    0.01367913
 10427           0.00197873    0.01367900
 10428           0.00197873    0.01367914
 10429           0.00197873    0.01367901
 10430           0.00197873    0.01367915
 10431           0.00197873    0.01367902
 10432           0.00197873    0.01367916
 10433           0.00197873    0.01367903
 10434           0.00197873    0.01367917
 10435           0.00197873    0.01367904
 10436           0.00197873    0.01367918
 10437           0.00197873    0.01367905
 10438           0.00197873    0.01367919
 10439           0.00197873    0.01367906
 10440           0.00197873    0.01367920
 10441           0.00197873    0.01367907
 10442           0.00197873    0.01367921
 10443           0.00197873    0.01367908
 10444           0.00197873    0.01367922
 10445           0.00197873    0.01367909
 10446           0.00197873    0.01367923
 10447           0.00197873    0.01367910
 10448           0.00197873    0.01367924
 10449           0.00197873    0.01367912
 10450           0.00197873    0.01367925
 10451           0.00197873    0.01367913
 10452           0.00197873    0.01367926
 10453           0.00197873    0.01367914
 10454           0.00197873    0.01367928
 10455           0.00197873    0.01367915
 10456           0.00197873    0.01367929
 10457           0.00197873    0.01367916
 10458           0.00197873    0.01367930
 10459           0.00197873    0.01367917
 10460           0.00197873    0.01367931
 10461           0.00197873    0.01367918
 10462           0.00197873    0.01367932
 10463           0.00197873    0.01367919
 10464           0.00197873    0.01367933
 10465           0.00197873    0.01367920
 10466           0.00197873    0.01367934
 10467           0.00197873    0.01367921
 10468           0.00197873    0.01367935
 10469           0.00197873    0.01367922
 10470           0.00197873    0.01367936
 10471           0.00197873    0.01367923
 10472           0.00197873    0.01367937
 10473           0.00197873    0.01367924
 10474           0.00197873    0.01367938
 10475           0.00197873    0.01367925
 10476           0.00197873    0.01367939
 10477           0.00197873    0.01367926
 10478           0.00197873    0.01367940
 10479           0.00197873    0.01367927
 10480           0.00197873    0.01367941
 10481           0.00197873    0.01367928
 10482           0.00197873    0.01367942
 10483           0.00197873    0.01367929
 10484           0.00197873    0.01367943
 10485           0.00197873    0.01367930
 10486           0.00197873    0.01367944
 10487           0.00197873    0.01367931
 10488           0.00197873    0.01367945
 10489           0.00197873    0.01367932
 10490           0.00197873    0.01367946
 10491           0.00197873    0.01367933
 10492           0.00197873    0.01367947
 10493           0.00197873    0.01367934
 10494           0.00197873    0.01367948
 10495           0.00197873    0.01367935
 10496           0.00197873    0.01367949
 10497           0.00197873    0.01367936
 10498           0.00197873    0.01367950
 10499           0.00197873    0.01367937
 10500           0.00197873    0.01367951
 10501           0.00197873    0.01367938
 10502           0.00197873    0.01367952
 10503           0.00197873    0.01367939
 10504           0.00197873    0.01367953
 10505           0.00197873    0.01367940
 10506           0.00197873    0.01367954
 10507           0.00197873    0.01367941
 10508           0.00197873    0.01367955
 10509           0.00197873    0.01367942
 10510           0.00197873    0.01367956
 10511           0.00197873    0.01367943
 10512           0.00197873    0.01367957
 10513           0.00197873    0.01367944
 10514           0.00197873    0.01367958
 10515           0.00197873    0.01367945
 10516           0.00197873    0.01367959
 10517           0.00197873    0.01367946
 10518           0.00197873    0.01367960
 10519           0.00197873    0.01367947
 10520           0.00197873    0.01367961
 10521           0.00197873    0.01367948
 10522           0.00197873    0.01367962
 10523           0.00197873    0.01367949
 10524           0.00197873    0.01367963
 10525           0.00197873    0.01367950
 10526           0.00197873    0.01367964
 10527           0.00197873    0.01367951
 10528           0.00197873    0.01367965
 10529           0.00197873    0.01367952
 10530           0.00197873    0.01367966
 10531           0.00197873    0.01367953
 10532           0.00197873    0.01367967
 10533           0.00197873    0.01367954
 10534           0.00197873    0.01367968
 10535           0.00197873    0.01367955
 10536           0.00197873    0.01367969
 10537           0.00197873    0.01367956
 10538           0.00197873    0.01367970
 10539           0.00197873    0.01367957
 10540           0.00197873    0.01367971
 10541           0.00197873    0.01367958
 10542           0.00197873    0.01367972
 10543           0.00197873    0.01367959
 10544           0.00197873    0.01367973
 10545           0.00197873    0.01367960
 10546           0.00197873    0.01367974
 10547           0.00197873    0.01367961
 10548           0.00197873    0.01367975
 10549           0.00197873    0.01367962
 10550           0.00197873    0.01367976
 10551           0.00197873    0.01367963
 10552           0.00197873    0.01367977
 10553           0.00197873    0.01367964
 10554           0.00197873    0.01367978
 10555           0.00197873    0.01367965
 10556           0.00197873    0.01367979
 10557           0.00197873    0.01367967
 10558           0.00197873    0.01367980
 10559           0.00197873    0.01367968
 10560           0.00197873    0.01367981
 10561           0.00197873    0.01367969
 10562           0.00197873    0.01367982
 10563           0.00197873    0.01367970
 10564           0.00197873    0.01367983
 10565           0.00197873    0.01367971
 10566           0.00197873    0.01367984
 10567           0.00197873    0.01367972
 10568           0.00197873    0.01367985
 10569           0.00197873    0.01367973
 10570           0.00197873    0.01367986
 10571           0.00197873    0.01367974
 10572           0.00197873    0.01367987
 10573           0.00197873    0.01367975
 10574           0.00197873    0.01367988
 10575           0.00197873    0.01367976
 10576           0.00197873    0.01367989
 10577           0.00197873    0.01367977
 10578           0.00197873    0.01367990
 10579           0.00197873    0.01367978
 10580           0.00197873    0.01367991
 10581           0.00197873    0.01367979
 10582           0.00197873    0.01367992
 10583           0.00197873    0.01367980
 10584           0.00197873    0.01367993
 10585           0.00197873    0.01367981
 10586           0.00197873    0.01367994
 10587           0.00197873    0.01367982
 10588           0.00197873    0.01367995
 10589           0.00197873    0.01367983
 10590           0.00197873    0.01367996
 10591           0.00197873    0.01367984
 10592           0.00197873    0.01367997
 10593           0.00197873    0.01367985
 10594           0.00197873    0.01367998
 10595           0.00197873    0.01367986
 10596           0.00197873    0.01367999
 10597           0.00197873    0.01367987
 10598           0.00197873    0.01368000
 10599           0.00197873    0.01367988
 10600           0.00197873    0.01368001
 10601           0.00197873    0.01367989
 10602           0.00197873    0.01368002
 10603           0.00197873    0.01367990
 10604           0.00197873    0.01368003
 10605           0.00197873    0.01367991
 10606           0.00197873    0.01368004
 10607           0.00197873    0.01367992
 10608           0.00197873    0.01368005
 10609           0.00197873    0.01367993
 10610           0.00197873    0.01368006
 10611           0.00197873    0.01367994
 10612           0.00197873    0.01368007
 10613           0.00197873    0.01367995
 10614           0.00197873    0.01368008
 10615           0.00197873    0.01367996
 10616           0.00197873    0.01368009
 10617           0.00197873    0.01367997
 10618           0.00197873    0.01368010
 10619           0.00197873    0.01367998
 10620           0.00197873    0.01368011
 10621           0.00197873    0.01367999
 10622           0.00197873    0.01368012
 10623           0.00197873    0.01368000
 10624           0.00197873    0.01368013
 10625           0.00197873    0.01368001
 10626           0.00197873    0.01368014
 10627           0.00197873    0.01368002
 10628           0.00197873    0.01368015
 10629           0.00197873    0.01368002
 10630           0.00197873    0.01368016
 10631           0.00197873    0.01368003
 10632           0.00197873    0.01368017
 10633           0.00197873    0.01368004
 10634           0.00197873    0.01368018
 10635           0.00197873    0.01368005
 10636           0.00197873    0.01368019
 10637           0.00197873    0.01368006
 10638           0.00197873    0.01368020
 10639           0.00197873    0.01368007
 10640           0.00197873    0.01368021
 10641           0.00197873    0.01368008
 10642           0.00197873    0.01368022
 10643           0.00197873    0.01368009
 10644           0.00197873    0.01368023
 10645           0.00197873    0.01368010
 10646           0.00197873    0.01368024
 10647           0.00197873    0.01368011
 10648           0.00197873    0.01368025
 10649           0.00197873    0.01368012
 10650           0.00197873    0.01368026
 10651           0.00197873    0.01368013
 10652           0.00197873    0.01368027
 10653           0.00197873    0.01368014
 10654           0.00197873    0.01368028
 10655           0.00197873    0.01368015
 10656           0.00197873    0.01368029
 10657           0.00197873    0.01368016
 10658           0.00197873    0.01368030
 10659           0.00197873    0.01368017
 10660           0.00197873    0.01368031
 10661           0.00197873    0.01368018
 10662           0.00197873    0.01368032
 10663           0.00197873    0.01368019
 10664           0.00197873    0.01368033
 10665           0.00197873    0.01368020
 10666           0.00197873    0.01368034
 10667           0.00197873    0.01368021
 10668           0.00197873    0.01368035
 10669           0.00197873    0.01368022
 10670           0.00197873    0.01368036
 10671           0.00197873    0.01368023
 10672           0.00197873    0.01368037
 10673           0.00197873    0.01368024
 10674           0.00197873    0.01368038
 10675           0.00197873    0.01368025
 10676           0.00197873    0.01368039
 10677           0.00197873    0.01368026
 10678           0.00197873    0.01368040
 10679           0.00197873    0.01368027
 10680           0.00197873    0.01368041
 10681           0.00197873    0.01368028
 10682           0.00197873    0.01368042
 10683           0.00197873    0.01368029
 10684           0.00197873    0.01368042
 10685           0.00197873    0.01368030
 10686           0.00197873    0.01368043
 10687           0.00197873    0.01368031
 10688           0.00197873    0.01368044
 10689           0.00197873    0.01368032
 10690           0.00197873    0.01368045
 10691           0.00197873    0.01368033
 10692           0.00197873    0.01368046
 10693           0.00197873    0.01368034
 10694           0.00197873    0.01368047
 10695           0.00197873    0.01368035
 10696           0.00197873    0.01368048
 10697           0.00197873    0.01368036
 10698           0.00197873    0.01368049
 10699           0.00197873    0.01368037
 10700           0.00197873    0.01368050
 10701           0.00197873    0.01368038
 10702           0.00197873    0.01368051
 10703           0.00197873    0.01368039
 10704           0.00197873    0.01368052
 10705           0.00197873    0.01368040
 10706           0.00197873    0.01368053
 10707           0.00197873    0.01368041
 10708           0.00197873    0.01368054
 10709           0.00197873    0.01368042
 10710           0.00197873    0.01368055
 10711           0.00197873    0.01368043
 10712           0.00197873    0.01368056
 10713           0.00197873    0.01368044
 10714           0.00197873    0.01368057
 10715           0.00197873    0.01368045
 10716           0.00197873    0.01368058
 10717           0.00197873    0.01368046
 10718           0.00197873    0.01368059
 10719           0.00197873    0.01368047
 10720           0.00197873    0.01368060
 10721           0.00197873    0.01368048
 10722           0.00197873    0.01368061
 10723           0.00197873    0.01368049
 10724           0.00197873    0.01368062
 10725           0.00197873    0.01368050
 10726           0.00197873    0.01368063
 10727           0.00197873    0.01368051
 10728           0.00197873    0.01368064
 10729           0.00197873    0.01368052
 10730           0.00197873    0.01368065
 10731           0.00197873    0.01368053
 10732           0.00197873    0.01368066
 10733           0.00197873    0.01368054
 10734           0.00197873    0.01368067
 10735           0.00197873    0.01368055
 10736           0.00197873    0.01368068
 10737           0.00197873    0.01368056
 10738           0.00197873    0.01368069
 10739           0.00197873    0.01368056
 10740           0.00197873    0.01368070
 10741           0.00197873    0.01368057
 10742           0.00197873    0.01368071
 10743           0.00197873    0.01368058
 10744           0.00197873    0.01368072
 10745           0.00197873    0.01368059
 10746           0.00197873    0.01368073
 10747           0.00197873    0.01368060
 10748           0.00197873    0.01368074
 10749           0.00197873    0.01368061
 10750           0.00197873    0.01368075
 10751           0.00197873    0.01368062
 10752           0.00197873    0.01368075
 10753           0.00197873    0.01368063
 10754           0.00197873    0.01368076
 10755           0.00197873    0.01368064
 10756           0.00197873    0.01368077
 10757           0.00197873    0.01368065
 10758           0.00197873    0.01368078
 10759           0.00197873    0.01368066
 10760           0.00197873    0.01368079
 10761           0.00197873    0.01368067
 10762           0.00197873    0.01368080
 10763           0.00197873    0.01368068
 10764           0.00197873    0.01368081
 10765           0.00197873    0.01368069
 10766           0.00197873    0.01368082
 10767           0.00197873    0.01368070
 10768           0.00197873    0.01368083
 10769           0.00197873    0.01368071
 10770           0.00197873    0.01368084
 10771           0.00197873    0.01368072
 10772           0.00197873    0.01368085
 10773           0.00197873    0.01368073
 10774           0.00197873    0.01368086
 10775           0.00197873    0.01368074
 10776           0.00197873    0.01368087
 10777           0.00197873    0.01368075
 10778           0.00197873    0.01368088
 10779           0.00197873    0.01368076
 10780           0.00197873    0.01368089
 10781           0.00197873    0.01368077
 10782           0.00197873    0.01368090
 10783           0.00197873    0.01368078
 10784           0.00197873    0.01368091
 10785           0.00197873    0.01368079
 10786           0.00197873    0.01368092
 10787           0.00197873    0.01368080
 10788           0.00197873    0.01368093
 10789           0.00197873    0.01368081
 10790           0.00197873    0.01368094
 10791           0.00197873    0.01368082
 10792           0.00197873    0.01368095
 10793           0.00197873    0.01368083
 10794           0.00197873    0.01368096
 10795           0.00197873    0.01368084
 10796           0.00197873    0.01368097
 10797           0.00197873    0.01368084
 10798           0.00197873    0.01368098
 10799           0.00197873    0.01368085
 10800           0.00197873    0.01368098
 10801           0.00197873    0.01368086
 10802           0.00197873    0.01368099
 10803           0.00197873    0.01368087
 10804           0.00197873    0.01368100
 10805           0.00197873    0.01368088
 10806           0.00197873    0.01368101
 10807           0.00197873    0.01368089
 10808           0.00197873    0.01368102
 10809           0.00197873    0.01368090
 10810           0.00197873    0.01368103
 10811           0.00197873    0.01368091
 10812           0.00197873    0.01368104
 10813           0.00197873    0.01368092
 10814           0.00197873    0.01368105
 10815           0.00197873    0.01368093
 10816           0.00197873    0.01368106
 10817           0.00197873    0.01368094
 10818           0.00197873    0.01368107
 10819           0.00197873    0.01368095
 10820           0.00197873    0.01368108
 10821           0.00197873    0.01368096
 10822           0.00197873    0.01368109
 10823           0.00197873    0.01368097
 10824           0.00197873    0.01368110
 10825           0.00197873    0.01368098
 10826           0.00197873    0.01368111
 10827           0.00197873    0.01368099
 10828           0.00197873    0.01368112
 10829           0.00197873    0.01368100
 10830           0.00197873    0.01368113
 10831           0.00197873    0.01368101
 10832           0.00197873    0.01368114
 10833           0.00197873    0.01368102
 10834           0.00197873    0.01368115
 10835           0.00197873    0.01368103
 10836           0.00197873    0.01368116
 10837           0.00197873    0.01368104
 10838           0.00197873    0.01368117
 10839           0.00197873    0.01368105
 10840           0.00197873    0.01368117
 10841           0.00197873    0.01368105
 10842           0.00197873    0.01368118
 10843           0.00197873    0.01368106
 10844           0.00197873    0.01368119
 10845           0.00197873    0.01368107
 10846           0.00197873    0.01368120
 10847           0.00197873    0.01368108
 10848           0.00197873    0.01368121
 10849           0.00197873    0.01368109
 10850           0.00197873    0.01368122
 10851           0.00197873    0.01368110
 10852           0.00197873    0.01368123
 10853           0.00197873    0.01368111
 10854           0.00197873    0.01368124
 10855           0.00197873    0.01368112
 10856           0.00197873    0.01368125
 10857           0.00197873    0.01368113
 10858           0.00197873    0.01368126
 10859           0.00197873    0.01368114
 10860           0.00197873    0.01368127
 10861           0.00197873    0.01368115
 10862           0.00197873    0.01368128
 10863           0.00197873    0.01368116
 10864           0.00197873    0.01368129
 10865           0.00197873    0.01368117
 10866           0.00197873    0.01368130
 10867           0.00197873    0.01368118
 10868           0.00197873    0.01368131
 10869           0.00197873    0.01368119
 10870           0.00197873    0.01368132
 10871           0.00197873    0.01368120
 10872           0.00197873    0.01368133
 10873           0.00197873    0.01368121
 10874           0.00197873    0.01368133
 10875           0.00197873    0.01368122
 10876           0.00197873    0.01368134
 10877           0.00197873    0.01368123
 10878           0.00197873    0.01368135
 10879           0.00197873    0.01368123
 10880           0.00197873    0.01368136
 10881           0.00197873    0.01368124
 10882           0.00197873    0.01368137
 10883           0.00197873    0.01368125
 10884           0.00197873    0.01368138
 10885           0.00197873    0.01368126
 10886           0.00197873    0.01368139
 10887           0.00197873    0.01368127
 10888           0.00197873    0.01368140
 10889           0.00197873    0.01368128
 10890           0.00197873    0.01368141
 10891           0.00197873    0.01368129
 10892           0.00197873    0.01368142
 10893           0.00197873    0.01368130
 10894           0.00197873    0.01368143
 10895           0.00197873    0.01368131
 10896           0.00197873    0.01368144
 10897           0.00197873    0.01368132
 10898           0.00197873    0.01368145
 10899           0.00197873    0.01368133
 10900           0.00197873    0.01368146
 10901           0.00197873    0.01368134
 10902           0.00197873    0.01368147
 10903           0.00197873    0.01368135
 10904           0.00197873    0.01368148
 10905           0.00197873    0.01368136
 10906           0.00197873    0.01368148
 10907           0.00197873    0.01368137
 10908           0.00197873    0.01368149
 10909           0.00197873    0.01368138
 10910           0.00197873    0.01368150
 10911           0.00197873    0.01368139
 10912           0.00197873    0.01368151
 10913           0.00197873    0.01368139
 10914           0.00197873    0.01368152
 10915           0.00197873    0.01368140
 10916           0.00197873    0.01368153
 10917           0.00197873    0.01368141
 10918           0.00197873    0.01368154
 10919           0.00197873    0.01368142
 10920           0.00197873    0.01368155
 10921           0.00197873    0.01368143
 10922           0.00197873    0.01368156
 10923           0.00197873    0.01368144
 10924           0.00197873    0.01368157
 10925           0.00197873    0.01368145
 10926           0.00197873    0.01368158
 10927           0.00197873    0.01368146
 10928           0.00197873    0.01368159
 10929           0.00197873    0.01368147
 10930           0.00197873    0.01368160
 10931           0.00197873    0.01368148
 10932           0.00197873    0.01368161
 10933           0.00197873    0.01368149
 10934           0.00197873    0.01368162
 10935           0.00197873    0.01368150
 10936           0.00197873    0.01368162
 10937           0.00197873    0.01368151
 10938           0.00197873    0.01368163
 10939           0.00197873    0.01368152
 10940           0.00197873    0.01368164
 10941           0.00197873    0.01368153
 10942           0.00197873    0.01368165
 10943           0.00197873    0.01368153
 10944           0.00197873    0.01368166
 10945           0.00197873    0.01368154
 10946           0.00197873    0.01368167
 10947           0.00197873    0.01368155
 10948           0.00197873    0.01368168
 10949           0.00197873    0.01368156
 10950           0.00197873    0.01368169
 10951           0.00197873    0.01368157
 10952           0.00197873    0.01368170
 10953           0.00197873    0.01368158
 10954           0.00197873    0.01368171
 10955           0.00197873    0.01368159
 10956           0.00197873    0.01368172
 10957           0.00197873    0.01368160
 10958           0.00197873    0.01368173
 10959           0.00197873    0.01368161
 10960           0.00197873    0.01368174
 10961           0.00197873    0.01368162
 10962           0.00197873    0.01368174
 10963           0.00197873    0.01368163
 10964           0.00197873    0.01368175
 10965           0.00197873    0.01368164
 10966           0.00197873    0.01368176
 10967           0.00197873    0.01368165
 10968           0.00197873    0.01368177
 10969           0.00197873    0.01368166
 10970           0.00197873    0.01368178
 10971           0.00197873    0.01368166
 10972           0.00197873    0.01368179
 10973           0.00197873    0.01368167
 10974           0.00197873    0.01368180
 10975           0.00197873    0.01368168
 10976           0.00197873    0.01368181
 10977           0.00197873    0.01368169
 10978           0.00197873    0.01368182
 10979           0.00197873    0.01368170
 10980           0.00197873    0.01368183
 10981           0.00197873    0.01368171
 10982           0.00197873    0.01368184
 10983           0.00197873    0.01368172
 10984           0.00197873    0.01368185
 10985           0.00197873    0.01368173
 10986           0.00197873    0.01368186
 10987           0.00197873    0.01368174
 10988           0.00197873    0.01368186
 10989           0.00197873    0.01368175
 10990           0.00197873    0.01368187
 10991           0.00197873    0.01368176
 10992           0.00197873    0.01368188
 10993           0.00197873    0.01368177
 10994           0.00197873    0.01368189
 10995           0.00197873    0.01368178
 10996           0.00197873    0.01368190
 10997           0.00197873    0.01368178
 10998           0.00197873    0.01368191
 10999           0.00197873    0.01368179
 11000           0.00197873    0.01368192
 11001           0.00197873    0.01368180
 11002           0.00197873    0.01368193
 11003           0.00197873    0.01368181
 11004           0.00197873    0.01368194
 11005           0.00197873    0.01368182
 11006           0.00197873    0.01368195
 11007           0.00197873    0.01368183
 11008           0.00197873    0.01368196
 11009           0.00197873    0.01368184
 11010           0.00197873    0.01368197
 11011           0.00197873    0.01368185
 11012           0.00197873    0.01368197
 11013           0.00197873    0.01368186
 11014           0.00197873    0.01368198
 11015           0.00197873    0.01368187
 11016           0.00197873    0.01368199
 11017           0.00197873    0.01368188
 11018           0.00197873    0.01368200
 11019           0.00197873    0.01368189
 11020           0.00197873    0.01368201
 11021           0.00197873    0.01368189
 11022           0.00197873    0.01368202
 11023           0.00197873    0.01368190
 11024           0.00197873    0.01368203
 11025           0.00197873    0.01368191
 11026           0.00197873    0.01368204
 11027           0.00197873    0.01368192
 11028           0.00197873    0.01368205
 11029           0.00197873    0.01368193
 11030           0.00197873    0.01368206
 11031           0.00197873    0.01368194
 11032           0.00197873    0.01368207
 11033           0.00197873    0.01368195
 11034           0.00197873    0.01368207
 11035           0.00197873    0.01368196
 11036           0.00197873    0.01368208
 11037           0.00197873    0.01368197
 11038           0.00197873    0.01368209
 11039           0.00197873    0.01368198
 11040           0.00197873    0.01368210
 11041           0.00197873    0.01368199
 11042           0.00197873    0.01368211
 11043           0.00197873    0.01368200
 11044           0.00197873    0.01368212
 11045           0.00197873    0.01368200
 11046           0.00197873    0.01368213
 11047           0.00197873    0.01368201
 11048           0.00197873    0.01368214
 11049           0.00197873    0.01368202
 11050           0.00197873    0.01368215
 11051           0.00197873    0.01368203
 11052           0.00197873    0.01368216
 11053           0.00197873    0.01368204
 11054           0.00197873    0.01368217
 11055           0.00197873    0.01368205
 11056           0.00197873    0.01368217
 11057           0.00197873    0.01368206
 11058           0.00197873    0.01368218
 11059           0.00197873    0.01368207
 11060           0.00197873    0.01368219
 11061           0.00197873    0.01368208
 11062           0.00197873    0.01368220
 11063           0.00197873    0.01368209
 11064           0.00197873    0.01368221
 11065           0.00197873    0.01368210
 11066           0.00197873    0.01368222
 11067           0.00197873    0.01368210
 11068           0.00197873    0.01368223
 11069           0.00197873    0.01368211
 11070           0.00197873    0.01368224
 11071           0.00197873    0.01368212
 11072           0.00197873    0.01368225
 11073           0.00197873    0.01368213
 11074           0.00197873    0.01368226
 11075           0.00197873    0.01368214
 11076           0.00197873    0.01368226
 11077           0.00197873    0.01368215
 11078           0.00197873    0.01368227
 11079           0.00197873    0.01368216
 11080           0.00197873    0.01368228
 11081           0.00197873    0.01368217
 11082           0.00197873    0.01368229
 11083           0.00197873    0.01368218
 11084           0.00197873    0.01368230
 11085           0.00197873    0.01368219
 11086           0.00197873    0.01368231
 11087           0.00197873    0.01368220
 11088           0.00197873    0.01368232
 11089           0.00197873    0.01368220
 11090           0.00197873    0.01368233
 11091           0.00197873    0.01368221
 11092           0.00197873    0.01368234
 11093           0.00197873    0.01368222
 11094           0.00197873    0.01368235
 11095           0.00197873    0.01368223
 11096           0.00197873    0.01368235
 11097           0.00197873    0.01368224
 11098           0.00197873    0.01368236
 11099           0.00197873    0.01368225
 11100           0.00197873    0.01368237
 11101           0.00197873    0.01368226
 11102           0.00197873    0.01368238
 11103           0.00197873    0.01368227
 11104           0.00197873    0.01368239
 11105           0.00197873    0.01368228
 11106           0.00197873    0.01368240
 11107           0.00197873    0.01368229
 11108           0.00197873    0.01368241
 11109           0.00197873    0.01368229
 11110           0.00197873    0.01368242
 11111           0.00197873    0.01368230
 11112           0.00197873    0.01368243
 11113           0.00197873    0.01368231
 11114           0.00197873    0.01368244
 11115           0.00197873    0.01368232
 11116           0.00197873    0.01368244
 11117           0.00197873    0.01368233
 11118           0.00197873    0.01368245
 11119           0.00197873    0.01368234
 11120           0.00197873    0.01368246
 11121           0.00197873    0.01368235
 11122           0.00197873    0.01368247
 11123           0.00197873    0.01368236
 11124           0.00197873    0.01368248
 11125           0.00197873    0.01368237
 11126           0.00197873    0.01368249
 11127           0.00197873    0.01368238
 11128           0.00197873    0.01368250
 11129           0.00197873    0.01368238
 11130           0.00197873    0.01368251
 11131           0.00197873    0.01368239
 11132           0.00197873    0.01368252
 11133           0.00197873    0.01368240
 11134           0.00197873    0.01368252
 11135           0.00197873    0.01368241
 11136           0.00197873    0.01368253
 11137           0.00197873    0.01368242
 11138           0.00197873    0.01368254
 11139           0.00197873    0.01368243
 11140           0.00197873    0.01368255
 11141           0.00197873    0.01368244
 11142           0.00197873    0.01368256
 11143           0.00197873    0.01368245
 11144           0.00197873    0.01368257
 11145           0.00197873    0.01368246
 11146           0.00197873    0.01368258
 11147           0.00197873    0.01368247
 11148           0.00197873    0.01368259
 11149           0.00197873    0.01368247
 11150           0.00197873    0.01368260
 11151           0.00197873    0.01368248
 11152           0.00197873    0.01368260
 11153           0.00197873    0.01368249
 11154           0.00197873    0.01368261
 11155           0.00197873    0.01368250
 11156           0.00197873    0.01368262
 11157           0.00197873    0.01368251
 11158           0.00197873    0.01368263
 11159           0.00197873    0.01368252
 11160           0.00197873    0.01368264
 11161           0.00197873    0.01368253
 11162           0.00197873    0.01368265
 11163           0.00197873    0.01368254
 11164           0.00197873    0.01368266
 11165           0.00197873    0.01368255
 11166           0.00197873    0.01368267
 11167           0.00197873    0.01368255
 11168           0.00197873    0.01368268
 11169           0.00197873    0.01368256
 11170           0.00197873    0.01368268
 11171           0.00197873    0.01368257
 11172           0.00197873    0.01368269
 11173           0.00197873    0.01368258
 11174           0.00197873    0.01368270
 11175           0.00197873    0.01368259
 11176           0.00197873    0.01368271
 11177           0.00197873    0.01368260
 11178           0.00197873    0.01368272
 11179           0.00197873    0.01368261
 11180           0.00197873    0.01368273
 11181           0.00197873    0.01368262
 11182           0.00197873    0.01368274
 11183           0.00197873    0.01368263
 11184           0.00197873    0.01368275
 11185           0.00197873    0.01368263
 11186           0.00197873    0.01368276
 11187           0.00197873    0.01368264
 11188           0.00197873    0.01368276
 11189           0.00197873    0.01368265
 11190           0.00197873    0.01368277
 11191           0.00197873    0.01368266
 11192           0.00197873    0.01368278
 11193           0.00197873    0.01368267
 11194           0.00197873    0.01368279
 11195           0.00197873    0.01368268
 11196           0.00197873    0.01368280
 11197           0.00197873    0.01368269
 11198           0.00197873    0.01368281
 11199           0.00197873    0.01368270
 11200           0.00197873    0.01368282
 11201           0.00197873    0.01368271
 11202           0.00197873    0.01368283
 11203           0.00197873    0.01368271
 11204           0.00197873    0.01368283
 11205           0.00197873    0.01368272
 11206           0.00197873    0.01368284
 11207           0.00197873    0.01368273
 11208           0.00197873    0.01368285
 11209           0.00197873    0.01368274
 11210           0.00197873    0.01368286
 11211           0.00197873    0.01368275
 11212           0.00197873    0.01368287
 11213           0.00197873    0.01368276
 11214           0.00197873    0.01368288
 11215           0.00197873    0.01368277
 11216           0.00197873    0.01368289
 11217           0.00197873    0.01368278
 11218           0.00197873    0.01368290
 11219           0.00197873    0.01368278
 11220           0.00197873    0.01368290
 11221           0.00197873    0.01368279
 11222           0.00197873    0.01368291
 11223           0.00197873    0.01368280
 11224           0.00197873    0.01368292
 11225           0.00197873    0.01368281
 11226           0.00197873    0.01368293
 11227           0.00197873    0.01368282
 11228           0.00197873    0.01368294
 11229           0.00197873    0.01368283
 11230           0.00197873    0.01368295
 11231           0.00197873    0.01368284
 11232           0.00197873    0.01368296
 11233           0.00197873    0.01368285
 11234           0.00197873    0.01368297
 11235           0.00197873    0.01368285
 11236           0.00197873    0.01368297
 11237           0.00197873    0.01368286
 11238           0.00197873    0.01368298
 11239           0.00197873    0.01368287
 11240           0.00197873    0.01368299
 11241           0.00197873    0.01368288
 11242           0.00197873    0.01368300
 11243           0.00197873    0.01368289
 11244           0.00197873    0.01368301
 11245           0.00197873    0.01368290
 11246           0.00197873    0.01368302
 11247           0.00197873    0.01368291
 11248           0.00197873    0.01368303
 11249           0.00197873    0.01368292
 11250           0.00197873    0.01368304
 11251           0.00197873    0.01368292
 11252           0.00197873    0.01368304
 11253           0.00197873    0.01368293
 11254           0.00197873    0.01368305
 11255           0.00197873    0.01368294
 11256           0.00197873    0.01368306
 11257           0.00197873    0.01368295
 11258           0.00197873    0.01368307
 11259           0.00197873    0.01368296
 11260           0.00197873    0.01368308
 11261           0.00197873    0.01368297
 11262           0.00197873    0.01368309
 11263           0.00197873    0.01368298
 11264           0.00197873    0.01368310
 11265           0.00197873    0.01368299
 11266           0.00197873    0.01368311
 11267           0.00197873    0.01368299
 11268           0.00197873    0.01368311
 11269           0.00197873    0.01368300
 11270           0.00197873    0.01368312
 11271           0.00197873    0.01368301
 11272           0.00197873    0.01368313
 11273           0.00197873    0.01368302
 11274           0.00197873    0.01368314
 11275           0.00197873    0.01368303
 11276           0.00197873    0.01368315
 11277           0.00197873    0.01368304
 11278           0.00197873    0.01368316
 11279           0.00197873    0.01368305
 11280           0.00197873    0.01368317
 11281           0.00197873    0.01368306
 11282           0.00197873    0.01368317
 11283           0.00197873    0.01368306
 11284           0.00197873    0.01368318
 11285           0.00197873    0.01368307
 11286           0.00197873    0.01368319
 11287           0.00197873    0.01368308
 11288           0.00197873    0.01368320
 11289           0.00197873    0.01368309
 11290           0.00197873    0.01368321
 11291           0.00197873    0.01368310
 11292           0.00197873    0.01368322
 11293           0.00197873    0.01368311
 11294           0.00197873    0.01368323
 11295           0.00197873    0.01368312
 11296           0.00197873    0.01368324
 11297           0.00197873    0.01368313
 11298           0.00197873    0.01368324
 11299           0.00197873    0.01368313
 11300           0.00197873    0.01368325
 11301           0.00197873    0.01368314
 11302           0.00197873    0.01368326
 11303           0.00197873    0.01368315
 11304           0.00197873    0.01368327
 11305           0.00197873    0.01368316
 11306           0.00197873    0.01368328
 11307           0.00197873    0.01368317
 11308           0.00197873    0.01368329
 11309           0.00197873    0.01368318
 11310           0.00197873    0.01368330
 11311           0.00197873    0.01368319
 11312           0.00197873    0.01368330
 11313           0.00197873    0.01368319
 11314           0.00197873    0.01368331
 11315           0.00197873    0.01368320
 11316           0.00197873    0.01368332
 11317           0.00197873    0.01368321
 11318           0.00197873    0.01368333
 11319           0.00197873    0.01368322
 11320           0.00197873    0.01368334
 11321           0.00197873    0.01368323
 11322           0.00197873    0.01368335
 11323           0.00197873    0.01368324
 11324           0.00197873    0.01368336
 11325           0.00197873    0.01368325
 11326           0.00197873    0.01368336
 11327           0.00197873    0.01368325
 11328           0.00197873    0.01368337
 11329           0.00197873    0.01368326
 11330           0.00197873    0.01368338
 11331           0.00197873    0.01368327
 11332           0.00197873    0.01368339
 11333           0.00197873    0.01368328
 11334           0.00197873    0.01368340
 11335           0.00197873    0.01368329
 11336           0.00197873    0.01368341
 11337           0.00197873    0.01368330
 11338           0.00197873    0.01368342
 11339           0.00197873    0.01368331
 11340           0.00197873    0.01368342
 11341           0.00197873    0.01368332
 11342           0.00197873    0.01368343
 11343           0.00197873    0.01368332
 11344           0.00197873    0.01368344
 11345           0.00197873    0.01368333
 11346           0.00197873    0.01368345
 11347           0.00197873    0.01368334
 11348           0.00197873    0.01368346
 11349           0.00197873    0.01368335
 11350           0.00197873    0.01368347
 11351           0.00197873    0.01368336
 11352           0.00197873    0.01368348
 11353           0.00197873    0.01368337
 11354           0.00197873    0.01368348
 11355           0.00197873    0.01368338
 11356           0.00197873    0.01368349
 11357           0.00197873    0.01368338
 11358           0.00197873    0.01368350
 11359           0.00197873    0.01368339
 11360           0.00197873    0.01368351
 11361           0.00197873    0.01368340
 11362           0.00197873    0.01368352
 11363           0.00197873    0.01368341
 11364           0.00197873    0.01368353
 11365           0.00197873    0.01368342
 11366           0.00197873    0.01368354
 11367           0.00197873    0.01368343
 11368           0.00197873    0.01368354
 11369           0.00197873    0.01368344
 11370           0.00197873    0.01368355
 11371           0.00197873    0.01368344
 11372           0.00197873    0.01368356
 11373           0.00197873    0.01368345
 11374           0.00197873    0.01368357
 11375           0.00197873    0.01368346
 11376           0.00197873    0.01368358
 11377           0.00197873    0.01368347
 11378           0.00197873    0.01368359
 11379           0.00197873    0.01368348
 11380           0.00197873    0.01368359
 11381           0.00197873    0.01368349
 11382           0.00197873    0.01368360
 11383           0.00197873    0.01368349
 11384           0.00197873    0.01368361
 11385           0.00197873    0.01368350
 11386           0.00197873    0.01368362
 11387           0.00197873    0.01368351
 11388           0.00197873    0.01368363
 11389           0.00197873    0.01368352
 11390           0.00197873    0.01368364
 11391           0.00197873    0.01368353
 11392           0.00197873    0.01368365
 11393           0.00197873    0.01368354
 11394           0.00197873    0.01368365
 11395           0.00197873    0.01368355
 11396           0.00197873    0.01368366
 11397           0.00197873    0.01368355
 11398           0.00197873    0.01368367
 11399           0.00197873    0.01368356
 11400           0.00197873    0.01368368
 11401           0.00197873    0.01368357
 11402           0.00197873    0.01368369
 11403           0.00197873    0.01368358
 11404           0.00197873    0.01368370
 11405           0.00197873    0.01368359
 11406           0.00197873    0.01368370
 11407           0.00197873    0.01368360
 11408           0.00197873    0.01368371
 11409           0.00197873    0.01368361
 11410           0.00197873    0.01368372
 11411           0.00197873    0.01368361
 11412           0.00197873    0.01368373
 11413           0.00197873    0.01368362
 11414           0.00197873    0.01368374
 11415           0.00197873    0.01368363
 11416           0.00197873    0.01368375
 11417           0.00197873    0.01368364
 11418           0.00197873    0.01368376
 11419           0.00197873    0.01368365
 11420           0.00197873    0.01368376
 11421           0.00197873    0.01368366
 11422           0.00197873    0.01368377
 11423           0.00197873    0.01368366
 11424           0.00197873    0.01368378
 11425           0.00197873    0.01368367
 11426           0.00197873    0.01368379
 11427           0.00197873    0.01368368
 11428           0.00197873    0.01368380
 11429           0.00197873    0.01368369
 11430           0.00197873    0.01368381
 11431           0.00197873    0.01368370
 11432           0.00197873    0.01368381
 11433           0.00197873    0.01368371
 11434           0.00197873    0.01368382
 11435           0.00197873    0.01368372
 11436           0.00197873    0.01368383
 11437           0.00197873    0.01368372
 11438           0.00197873    0.01368384
 11439           0.00197873    0.01368373
 11440           0.00197873    0.01368385
 11441           0.00197873    0.01368374
 11442           0.00197873    0.01368386
 11443           0.00197873    0.01368375
 11444           0.00197873    0.01368386
 11445           0.00197873    0.01368376
 11446           0.00197873    0.01368387
 11447           0.00197873    0.01368377
 11448           0.00197873    0.01368388
 11449           0.00197873    0.01368377
 11450           0.00197873    0.01368389
 11451           0.00197873    0.01368378
 11452           0.00197873    0.01368390
 11453           0.00197873    0.01368379
 11454           0.00197873    0.01368391
 11455           0.00197873    0.01368380
 11456           0.00197873    0.01368391
 11457           0.00197873    0.01368381
 11458           0.00197873    0.01368392
 11459           0.00197873    0.01368382
 11460           0.00197873    0.01368393
 11461           0.00197873    0.01368382
 11462           0.00197873    0.01368394
 11463           0.00197873    0.01368383
 11464           0.00197873    0.01368395
 11465           0.00197873    0.01368384
 11466           0.00197873    0.01368396
 11467           0.00197873    0.01368385
 11468           0.00197873    0.01368396
 11469           0.00197873    0.01368386
 11470           0.00197873    0.01368397
 11471           0.00197873    0.01368387
 11472           0.00197873    0.01368398
 11473           0.00197873    0.01368387
 11474           0.00197873    0.01368399
 11475           0.00197873    0.01368388
 11476           0.00197873    0.01368400
 11477           0.00197873    0.01368389
 11478           0.00197873    0.01368401
 11479           0.00197873    0.01368390
 11480           0.00197873    0.01368401
 11481           0.00197873    0.01368391
 11482           0.00197873    0.01368402
 11483           0.00197873    0.01368392
 11484           0.00197873    0.01368403
 11485           0.00197873    0.01368393
 11486           0.00197873    0.01368404
 11487           0.00197873    0.01368393
 11488           0.00197873    0.01368405
 11489           0.00197873    0.01368394
 11490           0.00197873    0.01368406
 11491           0.00197873    0.01368395
 11492           0.00197873    0.01368406
 11493           0.00197873    0.01368396
 11494           0.00197873    0.01368407
 11495           0.00197873    0.01368397
 11496           0.00197873    0.01368408
 11497           0.00197873    0.01368398
 11498           0.00197873    0.01368409
 11499           0.00197873    0.01368398
 11500           0.00197873    0.01368410
 11501           0.00197873    0.01368399
 11502           0.00197873    0.01368411
 11503           0.00197873    0.01368400
 11504           0.00197873    0.01368411
 11505           0.00197873    0.01368401
 11506           0.00197873    0.01368412
 11507           0.00197873    0.01368402
 11508           0.00197873    0.01368413
 11509           0.00197873    0.01368402
 11510           0.00197873    0.01368414
 11511           0.00197873    0.01368403
 11512           0.00197873    0.01368415
 11513           0.00197873    0.01368404
 11514           0.00197873    0.01368416
 11515           0.00197873    0.01368405
 11516           0.00197873    0.01368416
 11517           0.00197873    0.01368406
 11518           0.00197873    0.01368417
 11519           0.00197873    0.01368407
 11520           0.00197873    0.01368418
 11521           0.00197873    0.01368407
 11522           0.00197873    0.01368419
 11523           0.00197873    0.01368408
 11524           0.00197873    0.01368420
 11525           0.00197873    0.01368409
 11526           0.00197873    0.01368420
 11527           0.00197873    0.01368410
 11528           0.00197873    0.01368421
 11529           0.00197873    0.01368411
 11530           0.00197873    0.01368422
 11531           0.00197873    0.01368412
 11532           0.00197873    0.01368423
 11533           0.00197873    0.01368412
 11534           0.00197873    0.01368424
 11535           0.00197873    0.01368413
 11536           0.00197873    0.01368425
 11537           0.00197873    0.01368414
 11538           0.00197873    0.01368425
 11539           0.00197873    0.01368415
 11540           0.00197873    0.01368426
 11541           0.00197873    0.01368416
 11542           0.00197873    0.01368427
 11543           0.00197873    0.01368417
 11544           0.00197873    0.01368428
 11545           0.00197873    0.01368417
 11546           0.00197873    0.01368429
 11547           0.00197873    0.01368418
 11548           0.00197873    0.01368430
 11549           0.00197873    0.01368419
 11550           0.00197873    0.01368430
 11551           0.00197873    0.01368420
 11552           0.00197873    0.01368431
 11553           0.00197873    0.01368421
 11554           0.00197873    0.01368432
 11555           0.00197873    0.01368422
 11556           0.00197873    0.01368433
 11557           0.00197873    0.01368422
 11558           0.00197873    0.01368434
 11559           0.00197873    0.01368423
 11560           0.00197873    0.01368434
 11561           0.00197873    0.01368424
 11562           0.00197873    0.01368435
 11563           0.00197873    0.01368425
 11564           0.00197873    0.01368436
 11565           0.00197873    0.01368426
 11566           0.00197873    0.01368437
 11567           0.00197873    0.01368426
 11568           0.00197873    0.01368438
 11569           0.00197873    0.01368427
 11570           0.00197873    0.01368439
 11571           0.00197873    0.01368428
 11572           0.00197873    0.01368439
 11573           0.00197873    0.01368429
 11574           0.00197873    0.01368440
 11575           0.00197873    0.01368430
 11576           0.00197873    0.01368441
 11577           0.00197873    0.01368431
 11578           0.00197873    0.01368442
 11579           0.00197873    0.01368431
 11580           0.00197873    0.01368443
 11581           0.00197873    0.01368432
 11582           0.00197873    0.01368443
 11583           0.00197873    0.01368433
 11584           0.00197873    0.01368444
 11585           0.00197873    0.01368434
 11586           0.00197873    0.01368445
 11587           0.00197873    0.01368435
 11588           0.00197873    0.01368446
 11589           0.00197873    0.01368435
 11590           0.00197873    0.01368447
 11591           0.00197873    0.01368436
 11592           0.00197873    0.01368448
 11593           0.00197873    0.01368437
 11594           0.00197873    0.01368448
 11595           0.00197873    0.01368438
 11596           0.00197873    0.01368449
 11597           0.00197873    0.01368439
 11598           0.00197873    0.01368450
 11599           0.00197873    0.01368440
 11600           0.00197873    0.01368451
 11601           0.00197873    0.01368440
 11602           0.00197873    0.01368452
 11603           0.00197873    0.01368441
 11604           0.00197873    0.01368452
 11605           0.00197873    0.01368442
 11606           0.00197873    0.01368453
 11607           0.00197873    0.01368443
 11608           0.00197873    0.01368454
 11609           0.00197873    0.01368444
 11610           0.00197873    0.01368455
 11611           0.00197873    0.01368444
 11612           0.00197873    0.01368456
 11613           0.00197873    0.01368445
 11614           0.00197873    0.01368456
 11615           0.00197873    0.01368446
 11616           0.00197873    0.01368457
 11617           0.00197873    0.01368447
 11618           0.00197873    0.01368458
 11619           0.00197873    0.01368448
 11620           0.00197873    0.01368459
 11621           0.00197873    0.01368449
 11622           0.00197873    0.01368460
 11623           0.00197873    0.01368449
 11624           0.00197873    0.01368460
 11625           0.00197873    0.01368450
 11626           0.00197873    0.01368461
 11627           0.00197873    0.01368451
 11628           0.00197873    0.01368462
 11629           0.00197873    0.01368452
 11630           0.00197873    0.01368463
 11631           0.00197873    0.01368453
 11632           0.00197873    0.01368464
 11633           0.00197873    0.01368453
 11634           0.00197873    0.01368465
 11635           0.00197873    0.01368454
 11636           0.00197873    0.01368465
 11637           0.00197873    0.01368455
 11638           0.00197873    0.01368466
 11639           0.00197873    0.01368456
 11640           0.00197873    0.01368467
 11641           0.00197873    0.01368457
 11642           0.00197873    0.01368468
 11643           0.00197873    0.01368457
 11644           0.00197873    0.01368469
 11645           0.00197873    0.01368458
 11646           0.00197873    0.01368469
 11647           0.00197873    0.01368459
 11648           0.00197873    0.01368470
 11649           0.00197873    0.01368460
 11650           0.00197873    0.01368471
 11651           0.00197873    0.01368461
 11652           0.00197873    0.01368472
 11653           0.00197873    0.01368461
 11654           0.00197873    0.01368473
 11655           0.00197873    0.01368462
 11656           0.00197873    0.01368473
 11657           0.00197873    0.01368463
 11658           0.00197873    0.01368474
 11659           0.00197873    0.01368464
 11660           0.00197873    0.01368475
 11661           0.00197873    0.01368465
 11662           0.00197873    0.01368476
 11663           0.00197873    0.01368466
 11664           0.00197873    0.01368477
 11665           0.00197873    0.01368466
 11666           0.00197873    0.01368477
 11667           0.00197873    0.01368467
 11668           0.00197873    0.01368478
 11669           0.00197873    0.01368468
 11670           0.00197873    0.01368479
 11671           0.00197873    0.01368469
 11672           0.00197873    0.01368480
 11673           0.00197873    0.01368470
 11674           0.00197873    0.01368481
 11675           0.00197873    0.01368470
 11676           0.00197873    0.01368481
 11677           0.00197873    0.01368471
 11678           0.00197873    0.01368482
 11679           0.00197873    0.01368472
 11680           0.00197873    0.01368483
 11681           0.00197873    0.01368473
 11682           0.00197873    0.01368484
 11683           0.00197873    0.01368474
 11684           0.00197873    0.01368485
 11685           0.00197873    0.01368474
 11686           0.00197873    0.01368485
 11687           0.00197873    0.01368475
 11688           0.00197873    0.01368486
 11689           0.00197873    0.01368476
 11690           0.00197873    0.01368487
 11691           0.00197873    0.01368477
 11692           0.00197873    0.01368488
 11693           0.00197873    0.01368478
 11694           0.00197873    0.01368489
 11695           0.00197873    0.01368478
 11696           0.00197873    0.01368489
 11697           0.00197873    0.01368479
 11698           0.00197873    0.01368490
 11699           0.00197873    0.01368480
 11700           0.00197873    0.01368491
 11701           0.00197873    0.01368481
 11702           0.00197873    0.01368492
 11703           0.00197873    0.01368482
 11704           0.00197873    0.01368493
 11705           0.00197873    0.01368482
 11706           0.00197873    0.01368493
 11707           0.00197873    0.01368483
 11708           0.00197873    0.01368494
 11709           0.00197873    0.01368484
 11710           0.00197873    0.01368495
 11711           0.00197873    0.01368485
 11712           0.00197873    0.01368496
 11713           0.00197873    0.01368486
 11714           0.00197873    0.01368497
 11715           0.00197873    0.01368486
 11716           0.00197873    0.01368497
 11717           0.00197873    0.01368487
 11718           0.00197873    0.01368498
 11719           0.00197873    0.01368488
 11720           0.00197873    0.01368499
 11721           0.00197873    0.01368489
 11722           0.00197873    0.01368500
 11723           0.00197873    0.01368490
 11724           0.00197873    0.01368500
 11725           0.00197873    0.01368490
 11726           0.00197873    0.01368501
 11727           0.00197873    0.01368491
 11728           0.00197873    0.01368502
 11729           0.00197873    0.01368492
 11730           0.00197873    0.01368503
 11731           0.00197873    0.01368493
 11732           0.00197873    0.01368504
 11733           0.00197873    0.01368494
 11734           0.00197873    0.01368504
 11735           0.00197873    0.01368494
 11736           0.00197873    0.01368505
 11737           0.00197873    0.01368495
 11738           0.00197873    0.01368506
 11739           0.00197873    0.01368496
 11740           0.00197873    0.01368507
 11741           0.00197873    0.01368497
 11742           0.00197873    0.01368508
 11743           0.00197873    0.01368497
 11744           0.00197873    0.01368508
 11745           0.00197873    0.01368498
 11746           0.00197873    0.01368509
 11747           0.00197873    0.01368499
 11748           0.00197873    0.01368510
 11749           0.00197873    0.01368500
 11750           0.00197873    0.01368511
 11751           0.00197873    0.01368501
 11752           0.00197873    0.01368512
 11753           0.00197873    0.01368501
 11754           0.00197873    0.01368512
 11755           0.00197873    0.01368502
 11756           0.00197873    0.01368513
 11757           0.00197873    0.01368503
 11758           0.00197873    0.01368514
 11759           0.00197873    0.01368504
 11760           0.00197873    0.01368515
 11761           0.00197873    0.01368505
 11762           0.00197873    0.01368515
 11763           0.00197873    0.01368505
 11764           0.00197873    0.01368516
 11765           0.00197873    0.01368506
 11766           0.00197873    0.01368517
 11767           0.00197873    0.01368507
 11768           0.00197873    0.01368518
 11769           0.00197873    0.01368508
 11770           0.00197873    0.01368519
 11771           0.00197873    0.01368509
 11772           0.00197873    0.01368519
 11773           0.00197873    0.01368509
 11774           0.00197873    0.01368520
 11775           0.00197873    0.01368510
 11776           0.00197873    0.01368521
 11777           0.00197873    0.01368511
 11778           0.00197873    0.01368522
 11779           0.00197873    0.01368512
 11780           0.00197873    0.01368523
 11781           0.00197873    0.01368512
 11782           0.00197873    0.01368523
 11783           0.00197873    0.01368513
 11784           0.00197873    0.01368524
 11785           0.00197873    0.01368514
 11786           0.00197873    0.01368525
 11787           0.00197873    0.01368515
 11788           0.00197873    0.01368526
 11789           0.00197873    0.01368516
 11790           0.00197873    0.01368526
 11791           0.00197873    0.01368516
 11792           0.00197873    0.01368527
 11793           0.00197873    0.01368517
 11794           0.00197873    0.01368528
 11795           0.00197873    0.01368518
 11796           0.00197873    0.01368529
 11797           0.00197873    0.01368519
 11798           0.00197873    0.01368530
 11799           0.00197873    0.01368520
 11800           0.00197873    0.01368530
 11801           0.00197873    0.01368520
 11802           0.00197873    0.01368531
 11803           0.00197873    0.01368521
 11804           0.00197873    0.01368532
 11805           0.00197873    0.01368522
 11806           0.00197873    0.01368533
 11807           0.00197873    0.01368523
 11808           0.00197873    0.01368533
 11809           0.00197873    0.01368523
 11810           0.00197873    0.01368534
 11811           0.00197873    0.01368524
 11812           0.00197873    0.01368535
 11813           0.00197873    0.01368525
 11814           0.00197873    0.01368536
 11815           0.00197873    0.01368526
 11816           0.00197873    0.01368537
 11817           0.00197873    0.01368527
 11818           0.00197873    0.01368537
 11819           0.00197873    0.01368527
 11820           0.00197873    0.01368538
 11821           0.00197873    0.01368528
 11822           0.00197873    0.01368539
 11823           0.00197873    0.01368529
 11824           0.00197873    0.01368540
 11825           0.00197873    0.01368530
 11826           0.00197873    0.01368540
 11827           0.00197873    0.01368530
 11828           0.00197873    0.01368541
 11829           0.00197873    0.01368531
 11830           0.00197873    0.01368542
 11831           0.00197873    0.01368532
 11832           0.00197873    0.01368543
 11833           0.00197873    0.01368533
 11834           0.00197873    0.01368544
 11835           0.00197873    0.01368534
 11836           0.00197873    0.01368544
 11837           0.00197873    0.01368534
 11838           0.00197873    0.01368545
 11839           0.00197873    0.01368535
 11840           0.00197873    0.01368546
 11841           0.00197873    0.01368536
 11842           0.00197873    0.01368547
 11843           0.00197873    0.01368537
 11844           0.00197873    0.01368547
 11845           0.00197873    0.01368538
 11846           0.00197873    0.01368548
 11847           0.00197873    0.01368538
 11848           0.00197873    0.01368549
 11849           0.00197873    0.01368539
 11850           0.00197873    0.01368550
 11851           0.00197873    0.01368540
 11852           0.00197873    0.01368551
 11853           0.00197873    0.01368541
 11854           0.00197873    0.01368551
 11855           0.00197873    0.01368541
 11856           0.00197873    0.01368552
 11857           0.00197873    0.01368542
 11858           0.00197873    0.01368553
 11859           0.00197873    0.01368543
 11860           0.00197873    0.01368554
 11861           0.00197873    0.01368544
 11862           0.00197873    0.01368554
 11863           0.00197873    0.01368544
 11864           0.00197873    0.01368555
 11865           0.00197873    0.01368545
 11866           0.00197873    0.01368556
 11867           0.00197873    0.01368546
 11868           0.00197873    0.01368557
 11869           0.00197873    0.01368547
 11870           0.00197873    0.01368557
 11871           0.00197873    0.01368548
 11872           0.00197873    0.01368558
 11873           0.00197873    0.01368548
 11874           0.00197873    0.01368559
 11875           0.00197873    0.01368549
 11876           0.00197873    0.01368560
 11877           0.00197873    0.01368550
 11878           0.00197873    0.01368561
 11879           0.00197873    0.01368551
 11880           0.00197873    0.01368561
 11881           0.00197873    0.01368551
 11882           0.00197873    0.01368562
 11883           0.00197873    0.01368552
 11884           0.00197873    0.01368563
 11885           0.00197873    0.01368553
 11886           0.00197873    0.01368564
 11887           0.00197873    0.01368554
 11888           0.00197873    0.01368564
 11889           0.00197873    0.01368555
 11890           0.00197873    0.01368565
 11891           0.00197873    0.01368555
 11892           0.00197873    0.01368566
 11893           0.00197873    0.01368556
 11894           0.00197873    0.01368567
 11895           0.00197873    0.01368557
 11896           0.00197873    0.01368567
 11897           0.00197873    0.01368558
 11898           0.00197873    0.01368568
 11899           0.00197873    0.01368558
 11900           0.00197873    0.01368569
 11901           0.00197873    0.01368559
 11902           0.00197873    0.01368570
 11903           0.00197873    0.01368560
 11904           0.00197873    0.01368570
 11905           0.00197873    0.01368561
 11906           0.00197873    0.01368571
 11907           0.00197873    0.01368561
 11908           0.00197873    0.01368572
 11909           0.00197873    0.01368562
 11910           0.00197873    0.01368573
 11911           0.00197873    0.01368563
 11912           0.00197873    0.01368574
 11913           0.00197873    0.01368564
 11914           0.00197873    0.01368574
 11915           0.00197873    0.01368565
 11916           0.00197873    0.01368575
 11917           0.00197873    0.01368565
 11918           0.00197873    0.01368576
 11919           0.00197873    0.01368566
 11920           0.00197873    0.01368577
 11921           0.00197873    0.01368567
 11922           0.00197873    0.01368577
 11923           0.00197873    0.01368568
 11924           0.00197873    0.01368578
 11925           0.00197873    0.01368568
 11926           0.00197873    0.01368579
 11927           0.00197873    0.01368569
 11928           0.00197873    0.01368580
 11929           0.00197873    0.01368570
 11930           0.00197873    0.01368580
 11931           0.00197873    0.01368571
 11932           0.00197873    0.01368581
 11933           0.00197873    0.01368571
 11934           0.00197873    0.01368582
 11935           0.00197873    0.01368572
 11936           0.00197873    0.01368583
 11937           0.00197873    0.01368573
 11938           0.00197873    0.01368583
 11939           0.00197873    0.01368574
 11940           0.00197873    0.01368584
 11941           0.00197873    0.01368574
 11942           0.00197873    0.01368585
 11943           0.00197873    0.01368575
 11944           0.00197873    0.01368586
 11945           0.00197873    0.01368576
 11946           0.00197873    0.01368586
 11947           0.00197873    0.01368577
 11948           0.00197873    0.01368587
 11949           0.00197873    0.01368577
 11950           0.00197873    0.01368588
 11951           0.00197873    0.01368578
 11952           0.00197873    0.01368589
 11953           0.00197873    0.01368579
 11954           0.00197873    0.01368589
 11955           0.00197873    0.01368580
 11956           0.00197873    0.01368590
 11957           0.00197873    0.01368581
 11958           0.00197873    0.01368591
 11959           0.00197873    0.01368581
 11960           0.00197873    0.01368592
 11961           0.00197873    0.01368582
 11962           0.00197873    0.01368593
 11963           0.00197873    0.01368583
 11964           0.00197873    0.01368593
 11965           0.00197873    0.01368584
 11966           0.00197873    0.01368594
 11967           0.00197873    0.01368584
 11968           0.00197873    0.01368595
 11969           0.00197873    0.01368585
 11970           0.00197873    0.01368596
 11971           0.00197873    0.01368586
 11972           0.00197873    0.01368596
 11973           0.00197873    0.01368587
 11974           0.00197873    0.01368597
 11975           0.00197873    0.01368587
 11976           0.00197873    0.01368598
 11977           0.00197873    0.01368588
 11978           0.00197873    0.01368599
 11979           0.00197873    0.01368589
 11980           0.00197873    0.01368599
 11981           0.00197873    0.01368590
 11982           0.00197873    0.01368600
 11983           0.00197873    0.01368590
 11984           0.00197873    0.01368601
 11985           0.00197873    0.01368591
 11986           0.00197873    0.01368602
 11987           0.00197873    0.01368592
 11988           0.00197873    0.01368602
 11989           0.00197873    0.01368593
 11990           0.00197873    0.01368603
 11991           0.00197873    0.01368593
 11992           0.00197873    0.01368604
 11993           0.00197873    0.01368594
 11994           0.00197873    0.01368605
 11995           0.00197873    0.01368595
 11996           0.00197873    0.01368605
 11997           0.00197873    0.01368596
 11998           0.00197873    0.01368606
 11999           0.00197873    0.01368596
 12000           0.00197873    0.01368607
 12001           0.00197873    0.01368597
 12002           0.00197873    0.01368608
 12003           0.00197873    0.01368598
 12004           0.00197873    0.01368608
 12005           0.00197873    0.01368599
 12006           0.00197873    0.01368609
 12007           0.00197873    0.01368599
 12008           0.00197873    0.01368610
 12009           0.00197873    0.01368600
 12010           0.00197873    0.01368611
 12011           0.00197873    0.01368601
 12012           0.00197873    0.01368611
 12013           0.00197873    0.01368602
 12014           0.00197873    0.01368612
 12015           0.00197873    0.01368602
 12016           0.00197873    0.01368613
 12017           0.00197873    0.01368603
 12018           0.00197873    0.01368614
 12019           0.00197873    0.01368604
 12020           0.00197873    0.01368614
 12021           0.00197873    0.01368605
 12022           0.00197873    0.01368615
 12023           0.00197873    0.01368605
 12024           0.00197873    0.01368616
 12025           0.00197873    0.01368606
 12026           0.00197873    0.01368617
 12027           0.00197873    0.01368607
 12028           0.00197873    0.01368617
 12029           0.00197873    0.01368608
 12030           0.00197873    0.01368618
 12031           0.00197873    0.01368608
 12032           0.00197873    0.01368619
 12033           0.00197873    0.01368609
 12034           0.00197873    0.01368620
 12035           0.00197873    0.01368610
 12036           0.00197873    0.01368620
 12037           0.00197873    0.01368611
 12038           0.00197873    0.01368621
 12039           0.00197873    0.01368611
 12040           0.00197873    0.01368622
 12041           0.00197873    0.01368612
 12042           0.00197873    0.01368622
 12043           0.00197873    0.01368613
 12044           0.00197873    0.01368623
 12045           0.00197873    0.01368614
 12046           0.00197873    0.01368624
 12047           0.00197873    0.01368614
 12048           0.00197873    0.01368625
 12049           0.00197873    0.01368615
 12050           0.00197873    0.01368625
 12051           0.00197873    0.01368616
 12052           0.00197873    0.01368626
 12053           0.00197873    0.01368617
 12054           0.00197873    0.01368627
 12055           0.00197873    0.01368617
 12056           0.00197873    0.01368628
 12057           0.00197873    0.01368618
 12058           0.00197873    0.01368628
 12059           0.00197873    0.01368619
 12060           0.00197873    0.01368629
 12061           0.00197873    0.01368620
 12062           0.00197873    0.01368630
 12063           0.00197873    0.01368620
 12064           0.00197873    0.01368631
 12065           0.00197873    0.01368621
 12066           0.00197873    0.01368631
 12067           0.00197873    0.01368622
 12068           0.00197873    0.01368632
 12069           0.00197873    0.01368623
 12070           0.00197873    0.01368633
 12071           0.00197873    0.01368623
 12072           0.00197873    0.01368634
 12073           0.00197873    0.01368624
 12074           0.00197873    0.01368634
 12075           0.00197873    0.01368625
 12076           0.00197873    0.01368635
 12077           0.00197873    0.01368626
 12078           0.00197873    0.01368636
 12079           0.00197873    0.01368626
 12080           0.00197873    0.01368637
 12081           0.00197873    0.01368627
 12082           0.00197873    0.01368637
 12083           0.00197873    0.01368628
 12084           0.00197873    0.01368638
 12085           0.00197873    0.01368629
 12086           0.00197873    0.01368639
 12087           0.00197873    0.01368629
 12088           0.00197873    0.01368640
 12089           0.00197873    0.01368630
 12090           0.00197873    0.01368640
 12091           0.00197873    0.01368631
 12092           0.00197873    0.01368641
 12093           0.00197873    0.01368632
 12094           0.00197873    0.01368642
 12095           0.00197873    0.01368632
 12096           0.00197873    0.01368642
 12097           0.00197873    0.01368633
 12098           0.00197873    0.01368643
 12099           0.00197873    0.01368634
 12100           0.00197873    0.01368644
 12101           0.00197873    0.01368634
 12102           0.00197873    0.01368645
 12103           0.00197873    0.01368635
 12104           0.00197873    0.01368645
 12105           0.00197873    0.01368636
 12106           0.00197873    0.01368646
 12107           0.00197873    0.01368637
 12108           0.00197873    0.01368647
 12109           0.00197873    0.01368637
 12110           0.00197873    0.01368648
 12111           0.00197873    0.01368638
 12112           0.00197873    0.01368648
 12113           0.00197873    0.01368639
 12114           0.00197873    0.01368649
 12115           0.00197873    0.01368640
 12116           0.00197873    0.01368650
 12117           0.00197873    0.01368640
 12118           0.00197873    0.01368651
 12119           0.00197873    0.01368641
 12120           0.00197873    0.01368651
 12121           0.00197873    0.01368642
 12122           0.00197873    0.01368652
 12123           0.00197873    0.01368643
 12124           0.00197873    0.01368653
 12125           0.00197873    0.01368643
 12126           0.00197873    0.01368653
 12127           0.00197873    0.01368644
 12128           0.00197873    0.01368654
 12129           0.00197873    0.01368645
 12130           0.00197873    0.01368655
 12131           0.00197873    0.01368646
 12132           0.00197873    0.01368656
 12133           0.00197873    0.01368646
 12134           0.00197873    0.01368656
 12135           0.00197873    0.01368647
 12136           0.00197873    0.01368657
 12137           0.00197873    0.01368648
 12138           0.00197873    0.01368658
 12139           0.00197873    0.01368648
 12140           0.00197873    0.01368659
 12141           0.00197873    0.01368649
 12142           0.00197873    0.01368659
 12143           0.00197873    0.01368650
 12144           0.00197873    0.01368660
 12145           0.00197873    0.01368651
 12146           0.00197873    0.01368661
 12147           0.00197873    0.01368651
 12148           0.00197873    0.01368661
 12149           0.00197873    0.01368652
 12150           0.00197873    0.01368662
 12151           0.00197873    0.01368653
 12152           0.00197873    0.01368663
 12153           0.00197873    0.01368654
 12154           0.00197873    0.01368664
 12155           0.00197873    0.01368654
 12156           0.00197873    0.01368664
 12157           0.00197873    0.01368655
 12158           0.00197873    0.01368665
 12159           0.00197873    0.01368656
 12160           0.00197873    0.01368666
 12161           0.00197873    0.01368656
 12162           0.00197873    0.01368667
 12163           0.00197873    0.01368657
 12164           0.00197873    0.01368667
 12165           0.00197873    0.01368658
 12166           0.00197873    0.01368668
 12167           0.00197873    0.01368659
 12168           0.00197873    0.01368669
 12169           0.00197873    0.01368659
 12170           0.00197873    0.01368669
 12171           0.00197873    0.01368660
 12172           0.00197873    0.01368670
 12173           0.00197873    0.01368661
 12174           0.00197873    0.01368671
 12175           0.00197873    0.01368662
 12176           0.00197873    0.01368672
 12177           0.00197873    0.01368662
 12178           0.00197873    0.01368672
 12179           0.00197873    0.01368663
 12180           0.00197873    0.01368673
 12181           0.00197873    0.01368664
 12182           0.00197873    0.01368674
 12183           0.00197873    0.01368665
 12184           0.00197873    0.01368675
 12185           0.00197873    0.01368665
 12186           0.00197873    0.01368675
 12187           0.00197873    0.01368666
 12188           0.00197873    0.01368676
 12189           0.00197873    0.01368667
 12190           0.00197873    0.01368677
 12191           0.00197873    0.01368667
 12192           0.00197873    0.01368677
 12193           0.00197873    0.01368668
 12194           0.00197873    0.01368678
 12195           0.00197873    0.01368669
 12196           0.00197873    0.01368679
 12197           0.00197873    0.01368670
 12198           0.00197873    0.01368680
 12199           0.00197873    0.01368670
 12200           0.00197873    0.01368680
 12201           0.00197873    0.01368671
 12202           0.00197873    0.01368681
 12203           0.00197873    0.01368672
 12204           0.00197873    0.01368682
 12205           0.00197873    0.01368672
 12206           0.00197873    0.01368682
 12207           0.00197873    0.01368673
 12208           0.00197873    0.01368683
 12209           0.00197873    0.01368674
 12210           0.00197873    0.01368684
 12211           0.00197873    0.01368675
 12212           0.00197873    0.01368685
 12213           0.00197873    0.01368675
 12214           0.00197873    0.01368685
 12215           0.00197873    0.01368676
 12216           0.00197873    0.01368686
 12217           0.00197873    0.01368677
 12218           0.00197873    0.01368687
 12219           0.00197873    0.01368678
 12220           0.00197873    0.01368688
 12221           0.00197873    0.01368678
 12222           0.00197873    0.01368688
 12223           0.00197873    0.01368679
 12224           0.00197873    0.01368689
 12225           0.00197873    0.01368680
 12226           0.00197873    0.01368690
 12227           0.00197873    0.01368680
 12228           0.00197873    0.01368690
 12229           0.00197873    0.01368681
 12230           0.00197873    0.01368691
 12231           0.00197873    0.01368682
 12232           0.00197873    0.01368692
 12233           0.00197873    0.01368683
 12234           0.00197873    0.01368693
 12235           0.00197873    0.01368683
 12236           0.00197873    0.01368693
 12237           0.00197873    0.01368684
 12238           0.00197873    0.01368694
 12239           0.00197873    0.01368685
 12240           0.00197873    0.01368695
 12241           0.00197873    0.01368685
 12242           0.00197873    0.01368695
 12243           0.00197873    0.01368686
 12244           0.00197873    0.01368696
 12245           0.00197873    0.01368687
 12246           0.00197873    0.01368697
 12247           0.00197873    0.01368688
 12248           0.00197873    0.01368698
 12249           0.00197873    0.01368688
 12250           0.00197873    0.01368698
 12251           0.00197873    0.01368689
 12252           0.00197873    0.01368699
 12253           0.00197873    0.01368690
 12254           0.00197873    0.01368700
 12255           0.00197873    0.01368690
 12256           0.00197873    0.01368700
 12257           0.00197873    0.01368691
 12258           0.00197873    0.01368701
 12259           0.00197873    0.01368692
 12260           0.00197873    0.01368702
 12261           0.00197873    0.01368693
 12262           0.00197873    0.01368703
 12263           0.00197873    0.01368693
 12264           0.00197873    0.01368703
 12265           0.00197873    0.01368694
 12266           0.00197873    0.01368704
 12267           0.00197873    0.01368695
 12268           0.00197873    0.01368705
 12269           0.00197873    0.01368695
 12270           0.00197873    0.01368705
 12271           0.00197873    0.01368696
 12272           0.00197873    0.01368706
 12273           0.00197873    0.01368697
 12274           0.00197873    0.01368707
 12275           0.00197873    0.01368698
 12276           0.00197873    0.01368707
 12277           0.00197873    0.01368698
 12278           0.00197873    0.01368708
 12279           0.00197873    0.01368699
 12280           0.00197873    0.01368709
 12281           0.00197873    0.01368700
 12282           0.00197873    0.01368710
 12283           0.00197873    0.01368700
 12284           0.00197873    0.01368710
 12285           0.00197873    0.01368701
 12286           0.00197873    0.01368711
 12287           0.00197873    0.01368702
 12288           0.00197873    0.01368712
 12289           0.00197873    0.01368703
 12290           0.00197873    0.01368712
 12291           0.00197873    0.01368703
 12292           0.00197873    0.01368713
 12293           0.00197873    0.01368704
 12294           0.00197873    0.01368714
 12295           0.00197873    0.01368705
 12296           0.00197873    0.01368715
 12297           0.00197873    0.01368705
 12298           0.00197873    0.01368715
 12299           0.00197873    0.01368706
 12300           0.00197873    0.01368716
 12301           0.00197873    0.01368707
 12302           0.00197873    0.01368717
 12303           0.00197873    0.01368708
 12304           0.00197873    0.01368717
 12305           0.00197873    0.01368708
 12306           0.00197873    0.01368718
 12307           0.00197873    0.01368709
 12308           0.00197873    0.01368719
 12309           0.00197873    0.01368710
 12310           0.00197873    0.01368720
 12311           0.00197873    0.01368710
 12312           0.00197873    0.01368720
 12313           0.00197873    0.01368711
 12314           0.00197873    0.01368721
 12315           0.00197873    0.01368712
 12316           0.00197873    0.01368722
 12317           0.00197873    0.01368713
 12318           0.00197873    0.01368722
 12319           0.00197873    0.01368713
 12320           0.00197873    0.01368723
 12321           0.00197873    0.01368714
 12322           0.00197873    0.01368724
 12323           0.00197873    0.01368715
 12324           0.00197873    0.01368724
 12325           0.00197873    0.01368715
 12326           0.00197873    0.01368725
 12327           0.00197873    0.01368716
 12328           0.00197873    0.01368726
 12329           0.00197873    0.01368717
 12330           0.00197873    0.01368727
 12331           0.00197873    0.01368717
 12332           0.00197873    0.01368727
 12333           0.00197873    0.01368718
 12334           0.00197873    0.01368728
 12335           0.00197873    0.01368719
 12336           0.00197873    0.01368729
 12337           0.00197873    0.01368720
 12338           0.00197873    0.01368729
 12339           0.00197873    0.01368720
 12340           0.00197873    0.01368730
 12341           0.00197873    0.01368721
 12342           0.00197873    0.01368731
 12343           0.00197873    0.01368722
 12344           0.00197873    0.01368731
 12345           0.00197873    0.01368722
 12346           0.00197873    0.01368732
 12347           0.00197873    0.01368723
 12348           0.00197873    0.01368733
 12349           0.00197873    0.01368724
 12350           0.00197873    0.01368734
 12351           0.00197873    0.01368725
 12352           0.00197873    0.01368734
 12353           0.00197873    0.01368725
 12354           0.00197873    0.01368735
 12355           0.00197873    0.01368726
 12356           0.00197873    0.01368736
 12357           0.00197873    0.01368727
 12358           0.00197873    0.01368736
 12359           0.00197873    0.01368727
 12360           0.00197873    0.01368737
 12361           0.00197873    0.01368728
 12362           0.00197873    0.01368738
 12363           0.00197873    0.01368729
 12364           0.00197873    0.01368738
 12365           0.00197873    0.01368729
 12366           0.00197873    0.01368739
 12367           0.00197873    0.01368730
 12368           0.00197873    0.01368740
 12369           0.00197873    0.01368731
 12370           0.00197873    0.01368741
 12371           0.00197873    0.01368732
 12372           0.00197873    0.01368741
 12373           0.00197873    0.01368732
 12374           0.00197873    0.01368742
 12375           0.00197873    0.01368733
 12376           0.00197873    0.01368743
 12377           0.00197873    0.01368734
 12378           0.00197873    0.01368743
 12379           0.00197873    0.01368734
 12380           0.00197873    0.01368744
 12381           0.00197873    0.01368735
 12382           0.00197873    0.01368745
 12383           0.00197873    0.01368736
 12384           0.00197873    0.01368745
 12385           0.00197873    0.01368736
 12386           0.00197873    0.01368746
 12387           0.00197873    0.01368737
 12388           0.00197873    0.01368747
 12389           0.00197873    0.01368738
 12390           0.00197873    0.01368748
 12391           0.00197873    0.01368739
 12392           0.00197873    0.01368748
 12393           0.00197873    0.01368739
 12394           0.00197873    0.01368749
 12395           0.00197873    0.01368740
 12396           0.00197873    0.01368750
 12397           0.00197873    0.01368741
 12398           0.00197873    0.01368750
 12399           0.00197873    0.01368741
 12400           0.00197873    0.01368751
 12401           0.00197873    0.01368742
 12402           0.00197873    0.01368752
 12403           0.00197873    0.01368743
 12404           0.00197873    0.01368752
 12405           0.00197873    0.01368743
 12406           0.00197873    0.01368753
 12407           0.00197873    0.01368744
 12408           0.00197873    0.01368754
 12409           0.00197873    0.01368745
 12410           0.00197873    0.01368754
 12411           0.00197873    0.01368745
 12412           0.00197873    0.01368755
 12413           0.00197873    0.01368746
 12414           0.00197873    0.01368756
 12415           0.00197873    0.01368747
 12416           0.00197873    0.01368757
 12417           0.00197873    0.01368748
 12418           0.00197873    0.01368757
 12419           0.00197873    0.01368748
 12420           0.00197873    0.01368758
 12421           0.00197873    0.01368749
 12422           0.00197873    0.01368759
 12423           0.00197873    0.01368750
 12424           0.00197873    0.01368759
 12425           0.00197873    0.01368750
 12426           0.00197873    0.01368760
 12427           0.00197873    0.01368751
 12428           0.00197873    0.01368761
 12429           0.00197873    0.01368752
 12430           0.00197873    0.01368761
 12431           0.00197873    0.01368752
 12432           0.00197873    0.01368762
 12433           0.00197873    0.01368753
 12434           0.00197873    0.01368763
 12435           0.00197873    0.01368754
 12436           0.00197873    0.01368763
 12437           0.00197873    0.01368754
 12438           0.00197873    0.01368764
 12439           0.00197873    0.01368755
 12440           0.00197873    0.01368765
 12441           0.00197873    0.01368756
 12442           0.00197873    0.01368765
 12443           0.00197873    0.01368757
 12444           0.00197873    0.01368766
 12445           0.00197873    0.01368757
 12446           0.00197873    0.01368767
 12447           0.00197873    0.01368758
 12448           0.00197873    0.01368768
 12449           0.00197873    0.01368759
 12450           0.00197873    0.01368768
 12451           0.00197873    0.01368759
 12452           0.00197873    0.01368769
 12453           0.00197873    0.01368760
 12454           0.00197873    0.01368770
 12455           0.00197873    0.01368761
 12456           0.00197873    0.01368770
 12457           0.00197873    0.01368761
 12458           0.00197873    0.01368771
 12459           0.00197873    0.01368762
 12460           0.00197873    0.01368772
 12461           0.00197873    0.01368763
 12462           0.00197873    0.01368772
 12463           0.00197873    0.01368763
 12464           0.00197873    0.01368773
 12465           0.00197873    0.01368764
 12466           0.00197873    0.01368774
 12467           0.00197873    0.01368765
 12468           0.00197873    0.01368774
 12469           0.00197873    0.01368766
 12470           0.00197873    0.01368775
 12471           0.00197873    0.01368766
 12472           0.00197873    0.01368776
 12473           0.00197873    0.01368767
 12474           0.00197873    0.01368776
 12475           0.00197873    0.01368768
 12476           0.00197873    0.01368777
 12477           0.00197873    0.01368768
 12478           0.00197873    0.01368778
 12479           0.00197873    0.01368769
 12480           0.00197873    0.01368778
 12481           0.00197873    0.01368770
 12482           0.00197873    0.01368779
 12483           0.00197873    0.01368770
 12484           0.00197873    0.01368780
 12485           0.00197873    0.01368771
 12486           0.00197873    0.01368781
 12487           0.00197873    0.01368772
 12488           0.00197873    0.01368781
 12489           0.00197873    0.01368772
 12490           0.00197873    0.01368782
 12491           0.00197873    0.01368773
 12492           0.00197873    0.01368783
 12493           0.00197873    0.01368774
 12494           0.00197873    0.01368783
 12495           0.00197873    0.01368774
 12496           0.00197873    0.01368784
 12497           0.00197873    0.01368775
 12498           0.00197873    0.01368785
 12499           0.00197873    0.01368776
 12500           0.00197873    0.01368785

IDPP INTERPOLATION FAILED
* Starting IDPP force optimisation...
Max. force tolerance:    0.00100000

Iteration    |Force|       Max. Force
     1           0.00000015    0.00000044

* |Forces| < NEBconv :: IDPP INTERPOLATION CONVERGED, Iter =     1
* Starting IDPP force optimisation...
Max. force tolerance:    0.00100000

Iteration    |Force|       Max. Force
     1           0.00000008    0.00000026

* |Forces| < NEBconv :: IDPP INTERPOLATION CONVERGED, Iter =     1
* Starting IDPP force optimisation...
Max. force tolerance:    0.00100000

Iteration    |Force|       Max. Force
     1           0.02024059    0.09313917
     2           0.00743823    0.03040788
     3           0.00378275    0.01664240
     4           0.00274793    0.01436809
     5           0.00181157    0.00912710
     6           0.00119543    0.00690896
     7           0.00083597    0.00435418

* |Forces| < NEBconv :: IDPP INTERPOLATION CONVERGED, Iter =     7
 * Maximum barrier =    0.0000000000000000      kJ/mol
 * Barrier sum =    0.0000000000000000      au

================================================================


* Adjusting paths to focus on target formation...

* Target found in reaction:     6
* Molecule ID of target is:     1

================================================================
                     CALCULATION COMPLETE                       
================================================================

